volume,page_number,page_type,epic,book,source_range,text_file,image_file,caption_id,proof_status,notes
iliad-volume-proof,1,title,Iliad,,,,,,verified-architecture,Derived from current comic-size provisional volume proof; final pagination and art selection remain open.
iliad-volume-proof,2,forward,Iliad,,,volumes/iliad/forward.md,,,verified-architecture,Derived from current comic-size provisional volume proof; final pagination and art selection remain open.
iliad-volume-proof,3,book-opener,Iliad,1,1.1-611,text/iliad/book-01-opening.md,,,verified-architecture,Derived from current comic-size provisional volume proof; final pagination and art selection remain open.
iliad-volume-proof,4,verse,Iliad,1,1.1-611,text/iliad/book-01-opening.md,,,verified-architecture,Derived from current comic-size provisional volume proof; final pagination and art selection remain open.
iliad-volume-proof,5,verse,Iliad,1,1.1-611,text/iliad/book-01-opening.md,,,verified-architecture,Derived from current comic-size provisional volume proof; final pagination and art selection remain open.
iliad-volume-proof,6,verse,Iliad,1,1.1-611,text/iliad/book-01-opening.md,,,verified-architecture,Derived from current comic-size provisional volume proof; final pagination and art selection remain open.
iliad-volume-proof,7,verse,Iliad,1,1.1-611,text/iliad/book-01-opening.md,,,verified-architecture,Derived from current comic-size provisional volume proof; final pagination and art selection remain open.
iliad-volume-proof,8,verse,Iliad,1,1.1-611,text/iliad/book-01-opening.md,,,verified-architecture,Derived from current comic-size provisional volume proof; final pagination and art selection remain open.
iliad-volume-proof,9,verse,Iliad,1,1.1-611,text/iliad/book-01-opening.md,,,verified-architecture,Derived from current comic-size provisional volume proof; final pagination and art selection remain open.
iliad-volume-proof,10,verse,Iliad,1,1.1-611,text/iliad/book-01-opening.md,,,verified-architecture,Derived from current comic-size provisional volume proof; final pagination and art selection remain open.
iliad-volume-proof,11,verse,Iliad,1,1.1-611,text/iliad/book-01-opening.md,,,verified-architecture,Derived from current comic-size provisional volume proof; final pagination and art selection remain open.
iliad-volume-proof,12,verse,Iliad,1,1.1-611,text/iliad/book-01-opening.md,,,verified-architecture,Derived from current comic-size provisional volume proof; final pagination and art selection remain open.
iliad-volume-proof,13,verse,Iliad,1,1.1-611,text/iliad/book-01-opening.md,,,verified-architecture,Derived from current comic-size provisional volume proof; final pagination and art selection remain open.
iliad-volume-proof,14,verse,Iliad,1,1.1-611,text/iliad/book-01-opening.md,,,verified-architecture,Derived from current comic-size provisional volume proof; final pagination and art selection remain open.
iliad-volume-proof,15,plate,Iliad,1,1.1-16,,assets/generated/iliad/book-01-apollo-v2.png,iliad-book-01-apollo-v2-concept,verified-architecture,Derived from current comic-size provisional volume proof; final pagination and art selection remain open.
iliad-volume-proof,16,verse,Iliad,1,1.1-611,text/iliad/book-01-opening.md,,,verified-architecture,Derived from current comic-size provisional volume proof; final pagination and art selection remain open.
iliad-volume-proof,17,book-opener,Iliad,2,2.1-877,text/iliad/book-02-opening.md,,,verified-architecture,Derived from current comic-size provisional volume proof; final pagination and art selection remain open.
iliad-volume-proof,18,verse,Iliad,2,2.1-877,text/iliad/book-02-opening.md,,,verified-architecture,Derived from current comic-size provisional volume proof; final pagination and art selection remain open.
iliad-volume-proof,19,verse,Iliad,2,2.1-877,text/iliad/book-02-opening.md,,,verified-architecture,Derived from current comic-size provisional volume proof; final pagination and art selection remain open.
iliad-volume-proof,20,verse,Iliad,2,2.1-877,text/iliad/book-02-opening.md,,,verified-architecture,Derived from current comic-size provisional volume proof; final pagination and art selection remain open.
iliad-volume-proof,21,verse,Iliad,2,2.1-877,text/iliad/book-02-opening.md,,,verified-architecture,Derived from current comic-size provisional volume proof; final pagination and art selection remain open.
iliad-volume-proof,22,verse,Iliad,2,2.1-877,text/iliad/book-02-opening.md,,,verified-architecture,Derived from current comic-size provisional volume proof; final pagination and art selection remain open.
iliad-volume-proof,23,verse,Iliad,2,2.1-877,text/iliad/book-02-opening.md,,,verified-architecture,Derived from current comic-size provisional volume proof; final pagination and art selection remain open.
iliad-volume-proof,24,verse,Iliad,2,2.1-877,text/iliad/book-02-opening.md,,,verified-architecture,Derived from current comic-size provisional volume proof; final pagination and art selection remain open.
iliad-volume-proof,25,verse,Iliad,2,2.1-877,text/iliad/book-02-opening.md,,,verified-architecture,Derived from current comic-size provisional volume proof; final pagination and art selection remain open.
iliad-volume-proof,26,verse,Iliad,2,2.1-877,text/iliad/book-02-opening.md,,,verified-architecture,Derived from current comic-size provisional volume proof; final pagination and art selection remain open.
iliad-volume-proof,27,verse,Iliad,2,2.1-877,text/iliad/book-02-opening.md,,,verified-architecture,Derived from current comic-size provisional volume proof; final pagination and art selection remain open.
iliad-volume-proof,28,verse,Iliad,2,2.1-877,text/iliad/book-02-opening.md,,,verified-architecture,Derived from current comic-size provisional volume proof; final pagination and art selection remain open.
iliad-volume-proof,29,verse,Iliad,2,2.1-877,text/iliad/book-02-opening.md,,,verified-architecture,Derived from current comic-size provisional volume proof; final pagination and art selection remain open.
iliad-volume-proof,30,verse,Iliad,2,2.1-877,text/iliad/book-02-opening.md,,,verified-architecture,Derived from current comic-size provisional volume proof; final pagination and art selection remain open.
iliad-volume-proof,31,verse,Iliad,2,2.1-877,text/iliad/book-02-opening.md,,,verified-architecture,Derived from current comic-size provisional volume proof; final pagination and art selection remain open.
iliad-volume-proof,32,verse,Iliad,2,2.1-877,text/iliad/book-02-opening.md,,,verified-architecture,Derived from current comic-size provisional volume proof; final pagination and art selection remain open.
iliad-volume-proof,33,verse,Iliad,2,2.1-877,text/iliad/book-02-opening.md,,,verified-architecture,Derived from current comic-size provisional volume proof; final pagination and art selection remain open.
iliad-volume-proof,34,plate,Iliad,2,2.1-2.877,,assets/generated/iliad/book-02-ili-02-v1.png,iliad-book-02-ili-02-v1-concept,verified-architecture,Derived from current comic-size provisional volume proof; final pagination and art selection remain open.
iliad-volume-proof,35,verse,Iliad,2,2.1-877,text/iliad/book-02-opening.md,,,verified-architecture,Derived from current comic-size provisional volume proof; final pagination and art selection remain open.
iliad-volume-proof,36,book-opener,Iliad,3,3.1-461,text/iliad/book-03-opening.md,,,verified-architecture,Derived from current comic-size provisional volume proof; final pagination and art selection remain open.
iliad-volume-proof,37,verse,Iliad,3,3.1-461,text/iliad/book-03-opening.md,,,verified-architecture,Derived from current comic-size provisional volume proof; final pagination and art selection remain open.
iliad-volume-proof,38,verse,Iliad,3,3.1-461,text/iliad/book-03-opening.md,,,verified-architecture,Derived from current comic-size provisional volume proof; final pagination and art selection remain open.
iliad-volume-proof,39,verse,Iliad,3,3.1-461,text/iliad/book-03-opening.md,,,verified-architecture,Derived from current comic-size provisional volume proof; final pagination and art selection remain open.
iliad-volume-proof,40,verse,Iliad,3,3.1-461,text/iliad/book-03-opening.md,,,verified-architecture,Derived from current comic-size provisional volume proof; final pagination and art selection remain open.
iliad-volume-proof,41,verse,Iliad,3,3.1-461,text/iliad/book-03-opening.md,,,verified-architecture,Derived from current comic-size provisional volume proof; final pagination and art selection remain open.
iliad-volume-proof,42,verse,Iliad,3,3.1-461,text/iliad/book-03-opening.md,,,verified-architecture,Derived from current comic-size provisional volume proof; final pagination and art selection remain open.
iliad-volume-proof,43,verse,Iliad,3,3.1-461,text/iliad/book-03-opening.md,,,verified-architecture,Derived from current comic-size provisional volume proof; final pagination and art selection remain open.
iliad-volume-proof,44,verse,Iliad,3,3.1-461,text/iliad/book-03-opening.md,,,verified-architecture,Derived from current comic-size provisional volume proof; final pagination and art selection remain open.
iliad-volume-proof,45,verse,Iliad,3,3.1-461,text/iliad/book-03-opening.md,,,verified-architecture,Derived from current comic-size provisional volume proof; final pagination and art selection remain open.
iliad-volume-proof,46,plate,Iliad,3,3.1-3.461,,assets/generated/iliad/book-03-helen-walls-v1.png,iliad-book-03-helen-walls-concept,verified-architecture,Derived from current comic-size provisional volume proof; final pagination and art selection remain open.
iliad-volume-proof,47,verse,Iliad,3,3.1-461,text/iliad/book-03-opening.md,,,verified-architecture,Derived from current comic-size provisional volume proof; final pagination and art selection remain open.
iliad-volume-proof,48,book-opener,Iliad,4,4.1-544,text/iliad/book-04-opening.md,,,verified-architecture,Derived from current comic-size provisional volume proof; final pagination and art selection remain open.
iliad-volume-proof,49,verse,Iliad,4,4.1-544,text/iliad/book-04-opening.md,,,verified-architecture,Derived from current comic-size provisional volume proof; final pagination and art selection remain open.
iliad-volume-proof,50,verse,Iliad,4,4.1-544,text/iliad/book-04-opening.md,,,verified-architecture,Derived from current comic-size provisional volume proof; final pagination and art selection remain open.
iliad-volume-proof,51,verse,Iliad,4,4.1-544,text/iliad/book-04-opening.md,,,verified-architecture,Derived from current comic-size provisional volume proof; final pagination and art selection remain open.
iliad-volume-proof,52,verse,Iliad,4,4.1-544,text/iliad/book-04-opening.md,,,verified-architecture,Derived from current comic-size provisional volume proof; final pagination and art selection remain open.
iliad-volume-proof,53,verse,Iliad,4,4.1-544,text/iliad/book-04-opening.md,,,verified-architecture,Derived from current comic-size provisional volume proof; final pagination and art selection remain open.
iliad-volume-proof,54,verse,Iliad,4,4.1-544,text/iliad/book-04-opening.md,,,verified-architecture,Derived from current comic-size provisional volume proof; final pagination and art selection remain open.
iliad-volume-proof,55,verse,Iliad,4,4.1-544,text/iliad/book-04-opening.md,,,verified-architecture,Derived from current comic-size provisional volume proof; final pagination and art selection remain open.
iliad-volume-proof,56,verse,Iliad,4,4.1-544,text/iliad/book-04-opening.md,,,verified-architecture,Derived from current comic-size provisional volume proof; final pagination and art selection remain open.
iliad-volume-proof,57,verse,Iliad,4,4.1-544,text/iliad/book-04-opening.md,,,verified-architecture,Derived from current comic-size provisional volume proof; final pagination and art selection remain open.
iliad-volume-proof,58,verse,Iliad,4,4.1-544,text/iliad/book-04-opening.md,,,verified-architecture,Derived from current comic-size provisional volume proof; final pagination and art selection remain open.
iliad-volume-proof,59,book-opener,Iliad,5,5.1-909,text/iliad/book-05-opening.md,,,verified-architecture,Derived from current comic-size provisional volume proof; final pagination and art selection remain open.
iliad-volume-proof,60,verse,Iliad,5,5.1-909,text/iliad/book-05-opening.md,,,verified-architecture,Derived from current comic-size provisional volume proof; final pagination and art selection remain open.
iliad-volume-proof,61,verse,Iliad,5,5.1-909,text/iliad/book-05-opening.md,,,verified-architecture,Derived from current comic-size provisional volume proof; final pagination and art selection remain open.
iliad-volume-proof,62,verse,Iliad,5,5.1-909,text/iliad/book-05-opening.md,,,verified-architecture,Derived from current comic-size provisional volume proof; final pagination and art selection remain open.
iliad-volume-proof,63,verse,Iliad,5,5.1-909,text/iliad/book-05-opening.md,,,verified-architecture,Derived from current comic-size provisional volume proof; final pagination and art selection remain open.
iliad-volume-proof,64,verse,Iliad,5,5.1-909,text/iliad/book-05-opening.md,,,verified-architecture,Derived from current comic-size provisional volume proof; final pagination and art selection remain open.
iliad-volume-proof,65,verse,Iliad,5,5.1-909,text/iliad/book-05-opening.md,,,verified-architecture,Derived from current comic-size provisional volume proof; final pagination and art selection remain open.
iliad-volume-proof,66,verse,Iliad,5,5.1-909,text/iliad/book-05-opening.md,,,verified-architecture,Derived from current comic-size provisional volume proof; final pagination and art selection remain open.
iliad-volume-proof,67,verse,Iliad,5,5.1-909,text/iliad/book-05-opening.md,,,verified-architecture,Derived from current comic-size provisional volume proof; final pagination and art selection remain open.
iliad-volume-proof,68,verse,Iliad,5,5.1-909,text/iliad/book-05-opening.md,,,verified-architecture,Derived from current comic-size provisional volume proof; final pagination and art selection remain open.
iliad-volume-proof,69,verse,Iliad,5,5.1-909,text/iliad/book-05-opening.md,,,verified-architecture,Derived from current comic-size provisional volume proof; final pagination and art selection remain open.
iliad-volume-proof,70,verse,Iliad,5,5.1-909,text/iliad/book-05-opening.md,,,verified-architecture,Derived from current comic-size provisional volume proof; final pagination and art selection remain open.
iliad-volume-proof,71,verse,Iliad,5,5.1-909,text/iliad/book-05-opening.md,,,verified-architecture,Derived from current comic-size provisional volume proof; final pagination and art selection remain open.
iliad-volume-proof,72,verse,Iliad,5,5.1-909,text/iliad/book-05-opening.md,,,verified-architecture,Derived from current comic-size provisional volume proof; final pagination and art selection remain open.
iliad-volume-proof,73,verse,Iliad,5,5.1-909,text/iliad/book-05-opening.md,,,verified-architecture,Derived from current comic-size provisional volume proof; final pagination and art selection remain open.
iliad-volume-proof,74,verse,Iliad,5,5.1-909,text/iliad/book-05-opening.md,,,verified-architecture,Derived from current comic-size provisional volume proof; final pagination and art selection remain open.
iliad-volume-proof,75,book-opener,Iliad,6,6.1-529,text/iliad/book-06-opening.md,,,verified-architecture,Derived from current comic-size provisional volume proof; final pagination and art selection remain open.
iliad-volume-proof,76,verse,Iliad,6,6.1-529,text/iliad/book-06-opening.md,,,verified-architecture,Derived from current comic-size provisional volume proof; final pagination and art selection remain open.
iliad-volume-proof,77,verse,Iliad,6,6.1-529,text/iliad/book-06-opening.md,,,verified-architecture,Derived from current comic-size provisional volume proof; final pagination and art selection remain open.
iliad-volume-proof,78,verse,Iliad,6,6.1-529,text/iliad/book-06-opening.md,,,verified-architecture,Derived from current comic-size provisional volume proof; final pagination and art selection remain open.
iliad-volume-proof,79,verse,Iliad,6,6.1-529,text/iliad/book-06-opening.md,,,verified-architecture,Derived from current comic-size provisional volume proof; final pagination and art selection remain open.
iliad-volume-proof,80,verse,Iliad,6,6.1-529,text/iliad/book-06-opening.md,,,verified-architecture,Derived from current comic-size provisional volume proof; final pagination and art selection remain open.
iliad-volume-proof,81,verse,Iliad,6,6.1-529,text/iliad/book-06-opening.md,,,verified-architecture,Derived from current comic-size provisional volume proof; final pagination and art selection remain open.
iliad-volume-proof,82,verse,Iliad,6,6.1-529,text/iliad/book-06-opening.md,,,verified-architecture,Derived from current comic-size provisional volume proof; final pagination and art selection remain open.
iliad-volume-proof,83,verse,Iliad,6,6.1-529,text/iliad/book-06-opening.md,,,verified-architecture,Derived from current comic-size provisional volume proof; final pagination and art selection remain open.
iliad-volume-proof,84,verse,Iliad,6,6.1-529,text/iliad/book-06-opening.md,,,verified-architecture,Derived from current comic-size provisional volume proof; final pagination and art selection remain open.
iliad-volume-proof,85,verse,Iliad,6,6.1-529,text/iliad/book-06-opening.md,,,verified-architecture,Derived from current comic-size provisional volume proof; final pagination and art selection remain open.
iliad-volume-proof,86,book-opener,Iliad,7,7.1-482,text/iliad/book-07-opening.md,,,verified-architecture,Derived from current comic-size provisional volume proof; final pagination and art selection remain open.
iliad-volume-proof,87,verse,Iliad,7,7.1-482,text/iliad/book-07-opening.md,,,verified-architecture,Derived from current comic-size provisional volume proof; final pagination and art selection remain open.
iliad-volume-proof,88,verse,Iliad,7,7.1-482,text/iliad/book-07-opening.md,,,verified-architecture,Derived from current comic-size provisional volume proof; final pagination and art selection remain open.
iliad-volume-proof,89,verse,Iliad,7,7.1-482,text/iliad/book-07-opening.md,,,verified-architecture,Derived from current comic-size provisional volume proof; final pagination and art selection remain open.
iliad-volume-proof,90,verse,Iliad,7,7.1-482,text/iliad/book-07-opening.md,,,verified-architecture,Derived from current comic-size provisional volume proof; final pagination and art selection remain open.
iliad-volume-proof,91,verse,Iliad,7,7.1-482,text/iliad/book-07-opening.md,,,verified-architecture,Derived from current comic-size provisional volume proof; final pagination and art selection remain open.
iliad-volume-proof,92,verse,Iliad,7,7.1-482,text/iliad/book-07-opening.md,,,verified-architecture,Derived from current comic-size provisional volume proof; final pagination and art selection remain open.
iliad-volume-proof,93,verse,Iliad,7,7.1-482,text/iliad/book-07-opening.md,,,verified-architecture,Derived from current comic-size provisional volume proof; final pagination and art selection remain open.
iliad-volume-proof,94,verse,Iliad,7,7.1-482,text/iliad/book-07-opening.md,,,verified-architecture,Derived from current comic-size provisional volume proof; final pagination and art selection remain open.
iliad-volume-proof,95,book-opener,Iliad,8,8.1-565,text/iliad/book-08-opening.md,,,verified-architecture,Derived from current comic-size provisional volume proof; final pagination and art selection remain open.
iliad-volume-proof,96,verse,Iliad,8,8.1-565,text/iliad/book-08-opening.md,,,verified-architecture,Derived from current comic-size provisional volume proof; final pagination and art selection remain open.
iliad-volume-proof,97,verse,Iliad,8,8.1-565,text/iliad/book-08-opening.md,,,verified-architecture,Derived from current comic-size provisional volume proof; final pagination and art selection remain open.
iliad-volume-proof,98,verse,Iliad,8,8.1-565,text/iliad/book-08-opening.md,,,verified-architecture,Derived from current comic-size provisional volume proof; final pagination and art selection remain open.
iliad-volume-proof,99,verse,Iliad,8,8.1-565,text/iliad/book-08-opening.md,,,verified-architecture,Derived from current comic-size provisional volume proof; final pagination and art selection remain open.
iliad-volume-proof,100,verse,Iliad,8,8.1-565,text/iliad/book-08-opening.md,,,verified-architecture,Derived from current comic-size provisional volume proof; final pagination and art selection remain open.
iliad-volume-proof,101,verse,Iliad,8,8.1-565,text/iliad/book-08-opening.md,,,verified-architecture,Derived from current comic-size provisional volume proof; final pagination and art selection remain open.
iliad-volume-proof,102,verse,Iliad,8,8.1-565,text/iliad/book-08-opening.md,,,verified-architecture,Derived from current comic-size provisional volume proof; final pagination and art selection remain open.
iliad-volume-proof,103,book-opener,Iliad,9,9.1-713,text/iliad/book-09-opening.md,,,verified-architecture,Derived from current comic-size provisional volume proof; final pagination and art selection remain open.
iliad-volume-proof,104,verse,Iliad,9,9.1-713,text/iliad/book-09-opening.md,,,verified-architecture,Derived from current comic-size provisional volume proof; final pagination and art selection remain open.
iliad-volume-proof,105,verse,Iliad,9,9.1-713,text/iliad/book-09-opening.md,,,verified-architecture,Derived from current comic-size provisional volume proof; final pagination and art selection remain open.
iliad-volume-proof,106,verse,Iliad,9,9.1-713,text/iliad/book-09-opening.md,,,verified-architecture,Derived from current comic-size provisional volume proof; final pagination and art selection remain open.
iliad-volume-proof,107,verse,Iliad,9,9.1-713,text/iliad/book-09-opening.md,,,verified-architecture,Derived from current comic-size provisional volume proof; final pagination and art selection remain open.
iliad-volume-proof,108,verse,Iliad,9,9.1-713,text/iliad/book-09-opening.md,,,verified-architecture,Derived from current comic-size provisional volume proof; final pagination and art selection remain open.
iliad-volume-proof,109,verse,Iliad,9,9.1-713,text/iliad/book-09-opening.md,,,verified-architecture,Derived from current comic-size provisional volume proof; final pagination and art selection remain open.
iliad-volume-proof,110,verse,Iliad,9,9.1-713,text/iliad/book-09-opening.md,,,verified-architecture,Derived from current comic-size provisional volume proof; final pagination and art selection remain open.
iliad-volume-proof,111,verse,Iliad,9,9.1-713,text/iliad/book-09-opening.md,,,verified-architecture,Derived from current comic-size provisional volume proof; final pagination and art selection remain open.
iliad-volume-proof,112,verse,Iliad,9,9.1-713,text/iliad/book-09-opening.md,,,verified-architecture,Derived from current comic-size provisional volume proof; final pagination and art selection remain open.
iliad-volume-proof,113,verse,Iliad,9,9.1-713,text/iliad/book-09-opening.md,,,verified-architecture,Derived from current comic-size provisional volume proof; final pagination and art selection remain open.
iliad-volume-proof,114,verse,Iliad,9,9.1-713,text/iliad/book-09-opening.md,,,verified-architecture,Derived from current comic-size provisional volume proof; final pagination and art selection remain open.
iliad-volume-proof,115,verse,Iliad,9,9.1-713,text/iliad/book-09-opening.md,,,verified-architecture,Derived from current comic-size provisional volume proof; final pagination and art selection remain open.
iliad-volume-proof,116,book-opener,Iliad,10,10.1-579,text/iliad/book-10-opening.md,,,verified-architecture,Derived from current comic-size provisional volume proof; final pagination and art selection remain open.
iliad-volume-proof,117,verse,Iliad,10,10.1-579,text/iliad/book-10-opening.md,,,verified-architecture,Derived from current comic-size provisional volume proof; final pagination and art selection remain open.
iliad-volume-proof,118,verse,Iliad,10,10.1-579,text/iliad/book-10-opening.md,,,verified-architecture,Derived from current comic-size provisional volume proof; final pagination and art selection remain open.
iliad-volume-proof,119,verse,Iliad,10,10.1-579,text/iliad/book-10-opening.md,,,verified-architecture,Derived from current comic-size provisional volume proof; final pagination and art selection remain open.
iliad-volume-proof,120,verse,Iliad,10,10.1-579,text/iliad/book-10-opening.md,,,verified-architecture,Derived from current comic-size provisional volume proof; final pagination and art selection remain open.
iliad-volume-proof,121,verse,Iliad,10,10.1-579,text/iliad/book-10-opening.md,,,verified-architecture,Derived from current comic-size provisional volume proof; final pagination and art selection remain open.
iliad-volume-proof,122,verse,Iliad,10,10.1-579,text/iliad/book-10-opening.md,,,verified-architecture,Derived from current comic-size provisional volume proof; final pagination and art selection remain open.
iliad-volume-proof,123,verse,Iliad,10,10.1-579,text/iliad/book-10-opening.md,,,verified-architecture,Derived from current comic-size provisional volume proof; final pagination and art selection remain open.
iliad-volume-proof,124,verse,Iliad,10,10.1-579,text/iliad/book-10-opening.md,,,verified-architecture,Derived from current comic-size provisional volume proof; final pagination and art selection remain open.
iliad-volume-proof,125,verse,Iliad,10,10.1-579,text/iliad/book-10-opening.md,,,verified-architecture,Derived from current comic-size provisional volume proof; final pagination and art selection remain open.
iliad-volume-proof,126,verse,Iliad,10,10.1-579,text/iliad/book-10-opening.md,,,verified-architecture,Derived from current comic-size provisional volume proof; final pagination and art selection remain open.
iliad-volume-proof,127,verse,Iliad,10,10.1-579,text/iliad/book-10-opening.md,,,verified-architecture,Derived from current comic-size provisional volume proof; final pagination and art selection remain open.
iliad-volume-proof,128,book-opener,Iliad,11,11.1-848,text/iliad/book-11-opening.md,,,verified-architecture,Derived from current comic-size provisional volume proof; final pagination and art selection remain open.
iliad-volume-proof,129,verse,Iliad,11,11.1-848,text/iliad/book-11-opening.md,,,verified-architecture,Derived from current comic-size provisional volume proof; final pagination and art selection remain open.
iliad-volume-proof,130,verse,Iliad,11,11.1-848,text/iliad/book-11-opening.md,,,verified-architecture,Derived from current comic-size provisional volume proof; final pagination and art selection remain open.
iliad-volume-proof,131,verse,Iliad,11,11.1-848,text/iliad/book-11-opening.md,,,verified-architecture,Derived from current comic-size provisional volume proof; final pagination and art selection remain open.
iliad-volume-proof,132,verse,Iliad,11,11.1-848,text/iliad/book-11-opening.md,,,verified-architecture,Derived from current comic-size provisional volume proof; final pagination and art selection remain open.
iliad-volume-proof,133,verse,Iliad,11,11.1-848,text/iliad/book-11-opening.md,,,verified-architecture,Derived from current comic-size provisional volume proof; final pagination and art selection remain open.
iliad-volume-proof,134,verse,Iliad,11,11.1-848,text/iliad/book-11-opening.md,,,verified-architecture,Derived from current comic-size provisional volume proof; final pagination and art selection remain open.
iliad-volume-proof,135,verse,Iliad,11,11.1-848,text/iliad/book-11-opening.md,,,verified-architecture,Derived from current comic-size provisional volume proof; final pagination and art selection remain open.
iliad-volume-proof,136,verse,Iliad,11,11.1-848,text/iliad/book-11-opening.md,,,verified-architecture,Derived from current comic-size provisional volume proof; final pagination and art selection remain open.
iliad-volume-proof,137,verse,Iliad,11,11.1-848,text/iliad/book-11-opening.md,,,verified-architecture,Derived from current comic-size provisional volume proof; final pagination and art selection remain open.
iliad-volume-proof,138,verse,Iliad,11,11.1-848,text/iliad/book-11-opening.md,,,verified-architecture,Derived from current comic-size provisional volume proof; final pagination and art selection remain open.
iliad-volume-proof,139,verse,Iliad,11,11.1-848,text/iliad/book-11-opening.md,,,verified-architecture,Derived from current comic-size provisional volume proof; final pagination and art selection remain open.
iliad-volume-proof,140,verse,Iliad,11,11.1-848,text/iliad/book-11-opening.md,,,verified-architecture,Derived from current comic-size provisional volume proof; final pagination and art selection remain open.
iliad-volume-proof,141,verse,Iliad,11,11.1-848,text/iliad/book-11-opening.md,,,verified-architecture,Derived from current comic-size provisional volume proof; final pagination and art selection remain open.
iliad-volume-proof,142,verse,Iliad,11,11.1-848,text/iliad/book-11-opening.md,,,verified-architecture,Derived from current comic-size provisional volume proof; final pagination and art selection remain open.
iliad-volume-proof,143,verse,Iliad,11,11.1-848,text/iliad/book-11-opening.md,,,verified-architecture,Derived from current comic-size provisional volume proof; final pagination and art selection remain open.
iliad-volume-proof,144,plate,Iliad,11,11.618-11.848,,assets/generated/iliad/book-11-patroclus-eurypylus-v2.png,iliad-book-11-patroclus-eurypylus-v2-concept,verified-architecture,Derived from current comic-size provisional volume proof; final pagination and art selection remain open.
iliad-volume-proof,145,verse,Iliad,11,11.1-848,text/iliad/book-11-opening.md,,,verified-architecture,Derived from current comic-size provisional volume proof; final pagination and art selection remain open.
iliad-volume-proof,146,verse,Iliad,11,11.1-848,text/iliad/book-11-opening.md,,,verified-architecture,Derived from current comic-size provisional volume proof; final pagination and art selection remain open.
iliad-volume-proof,147,book-opener,Iliad,12,12.1-471,text/iliad/book-12-opening.md,,,verified-architecture,Derived from current comic-size provisional volume proof; final pagination and art selection remain open.
iliad-volume-proof,148,verse,Iliad,12,12.1-471,text/iliad/book-12-opening.md,,,verified-architecture,Derived from current comic-size provisional volume proof; final pagination and art selection remain open.
iliad-volume-proof,149,verse,Iliad,12,12.1-471,text/iliad/book-12-opening.md,,,verified-architecture,Derived from current comic-size provisional volume proof; final pagination and art selection remain open.
iliad-volume-proof,150,verse,Iliad,12,12.1-471,text/iliad/book-12-opening.md,,,verified-architecture,Derived from current comic-size provisional volume proof; final pagination and art selection remain open.
iliad-volume-proof,151,verse,Iliad,12,12.1-471,text/iliad/book-12-opening.md,,,verified-architecture,Derived from current comic-size provisional volume proof; final pagination and art selection remain open.
iliad-volume-proof,152,verse,Iliad,12,12.1-471,text/iliad/book-12-opening.md,,,verified-architecture,Derived from current comic-size provisional volume proof; final pagination and art selection remain open.
iliad-volume-proof,153,verse,Iliad,12,12.1-471,text/iliad/book-12-opening.md,,,verified-architecture,Derived from current comic-size provisional volume proof; final pagination and art selection remain open.
iliad-volume-proof,154,verse,Iliad,12,12.1-471,text/iliad/book-12-opening.md,,,verified-architecture,Derived from current comic-size provisional volume proof; final pagination and art selection remain open.
iliad-volume-proof,155,verse,Iliad,12,12.1-471,text/iliad/book-12-opening.md,,,verified-architecture,Derived from current comic-size provisional volume proof; final pagination and art selection remain open.
iliad-volume-proof,156,verse,Iliad,12,12.1-471,text/iliad/book-12-opening.md,,,verified-architecture,Derived from current comic-size provisional volume proof; final pagination and art selection remain open.
iliad-volume-proof,157,book-opener,Iliad,13,13.1-837,text/iliad/book-13-opening.md,,,verified-architecture,Derived from current comic-size provisional volume proof; final pagination and art selection remain open.
iliad-volume-proof,158,verse,Iliad,13,13.1-837,text/iliad/book-13-opening.md,,,verified-architecture,Derived from current comic-size provisional volume proof; final pagination and art selection remain open.
iliad-volume-proof,159,verse,Iliad,13,13.1-837,text/iliad/book-13-opening.md,,,verified-architecture,Derived from current comic-size provisional volume proof; final pagination and art selection remain open.
iliad-volume-proof,160,verse,Iliad,13,13.1-837,text/iliad/book-13-opening.md,,,verified-architecture,Derived from current comic-size provisional volume proof; final pagination and art selection remain open.
iliad-volume-proof,161,verse,Iliad,13,13.1-837,text/iliad/book-13-opening.md,,,verified-architecture,Derived from current comic-size provisional volume proof; final pagination and art selection remain open.
iliad-volume-proof,162,verse,Iliad,13,13.1-837,text/iliad/book-13-opening.md,,,verified-architecture,Derived from current comic-size provisional volume proof; final pagination and art selection remain open.
iliad-volume-proof,163,verse,Iliad,13,13.1-837,text/iliad/book-13-opening.md,,,verified-architecture,Derived from current comic-size provisional volume proof; final pagination and art selection remain open.
iliad-volume-proof,164,verse,Iliad,13,13.1-837,text/iliad/book-13-opening.md,,,verified-architecture,Derived from current comic-size provisional volume proof; final pagination and art selection remain open.
iliad-volume-proof,165,verse,Iliad,13,13.1-837,text/iliad/book-13-opening.md,,,verified-architecture,Derived from current comic-size provisional volume proof; final pagination and art selection remain open.
iliad-volume-proof,166,verse,Iliad,13,13.1-837,text/iliad/book-13-opening.md,,,verified-architecture,Derived from current comic-size provisional volume proof; final pagination and art selection remain open.
iliad-volume-proof,167,verse,Iliad,13,13.1-837,text/iliad/book-13-opening.md,,,verified-architecture,Derived from current comic-size provisional volume proof; final pagination and art selection remain open.
iliad-volume-proof,168,verse,Iliad,13,13.1-837,text/iliad/book-13-opening.md,,,verified-architecture,Derived from current comic-size provisional volume proof; final pagination and art selection remain open.
iliad-volume-proof,169,verse,Iliad,13,13.1-837,text/iliad/book-13-opening.md,,,verified-architecture,Derived from current comic-size provisional volume proof; final pagination and art selection remain open.
iliad-volume-proof,170,verse,Iliad,13,13.1-837,text/iliad/book-13-opening.md,,,verified-architecture,Derived from current comic-size provisional volume proof; final pagination and art selection remain open.
iliad-volume-proof,171,verse,Iliad,13,13.1-837,text/iliad/book-13-opening.md,,,verified-architecture,Derived from current comic-size provisional volume proof; final pagination and art selection remain open.
iliad-volume-proof,172,verse,Iliad,13,13.1-837,text/iliad/book-13-opening.md,,,verified-architecture,Derived from current comic-size provisional volume proof; final pagination and art selection remain open.
iliad-volume-proof,173,verse,Iliad,13,13.1-837,text/iliad/book-13-opening.md,,,verified-architecture,Derived from current comic-size provisional volume proof; final pagination and art selection remain open.
iliad-volume-proof,174,book-opener,Iliad,14,14.1-522,text/iliad/book-14-opening.md,,,verified-architecture,Derived from current comic-size provisional volume proof; final pagination and art selection remain open.
iliad-volume-proof,175,verse,Iliad,14,14.1-522,text/iliad/book-14-opening.md,,,verified-architecture,Derived from current comic-size provisional volume proof; final pagination and art selection remain open.
iliad-volume-proof,176,verse,Iliad,14,14.1-522,text/iliad/book-14-opening.md,,,verified-architecture,Derived from current comic-size provisional volume proof; final pagination and art selection remain open.
iliad-volume-proof,177,verse,Iliad,14,14.1-522,text/iliad/book-14-opening.md,,,verified-architecture,Derived from current comic-size provisional volume proof; final pagination and art selection remain open.
iliad-volume-proof,178,verse,Iliad,14,14.1-522,text/iliad/book-14-opening.md,,,verified-architecture,Derived from current comic-size provisional volume proof; final pagination and art selection remain open.
iliad-volume-proof,179,verse,Iliad,14,14.1-522,text/iliad/book-14-opening.md,,,verified-architecture,Derived from current comic-size provisional volume proof; final pagination and art selection remain open.
iliad-volume-proof,180,verse,Iliad,14,14.1-522,text/iliad/book-14-opening.md,,,verified-architecture,Derived from current comic-size provisional volume proof; final pagination and art selection remain open.
iliad-volume-proof,181,verse,Iliad,14,14.1-522,text/iliad/book-14-opening.md,,,verified-architecture,Derived from current comic-size provisional volume proof; final pagination and art selection remain open.
iliad-volume-proof,182,verse,Iliad,14,14.1-522,text/iliad/book-14-opening.md,,,verified-architecture,Derived from current comic-size provisional volume proof; final pagination and art selection remain open.
iliad-volume-proof,183,verse,Iliad,14,14.1-522,text/iliad/book-14-opening.md,,,verified-architecture,Derived from current comic-size provisional volume proof; final pagination and art selection remain open.
iliad-volume-proof,184,verse,Iliad,14,14.1-522,text/iliad/book-14-opening.md,,,verified-architecture,Derived from current comic-size provisional volume proof; final pagination and art selection remain open.
iliad-volume-proof,185,book-opener,Iliad,15,15.1-746,text/iliad/book-15-opening.md,,,verified-architecture,Derived from current comic-size provisional volume proof; final pagination and art selection remain open.
iliad-volume-proof,186,verse,Iliad,15,15.1-746,text/iliad/book-15-opening.md,,,verified-architecture,Derived from current comic-size provisional volume proof; final pagination and art selection remain open.
iliad-volume-proof,187,verse,Iliad,15,15.1-746,text/iliad/book-15-opening.md,,,verified-architecture,Derived from current comic-size provisional volume proof; final pagination and art selection remain open.
iliad-volume-proof,188,verse,Iliad,15,15.1-746,text/iliad/book-15-opening.md,,,verified-architecture,Derived from current comic-size provisional volume proof; final pagination and art selection remain open.
iliad-volume-proof,189,verse,Iliad,15,15.1-746,text/iliad/book-15-opening.md,,,verified-architecture,Derived from current comic-size provisional volume proof; final pagination and art selection remain open.
iliad-volume-proof,190,verse,Iliad,15,15.1-746,text/iliad/book-15-opening.md,,,verified-architecture,Derived from current comic-size provisional volume proof; final pagination and art selection remain open.
iliad-volume-proof,191,verse,Iliad,15,15.1-746,text/iliad/book-15-opening.md,,,verified-architecture,Derived from current comic-size provisional volume proof; final pagination and art selection remain open.
iliad-volume-proof,192,verse,Iliad,15,15.1-746,text/iliad/book-15-opening.md,,,verified-architecture,Derived from current comic-size provisional volume proof; final pagination and art selection remain open.
iliad-volume-proof,193,verse,Iliad,15,15.1-746,text/iliad/book-15-opening.md,,,verified-architecture,Derived from current comic-size provisional volume proof; final pagination and art selection remain open.
iliad-volume-proof,194,verse,Iliad,15,15.1-746,text/iliad/book-15-opening.md,,,verified-architecture,Derived from current comic-size provisional volume proof; final pagination and art selection remain open.
iliad-volume-proof,195,verse,Iliad,15,15.1-746,text/iliad/book-15-opening.md,,,verified-architecture,Derived from current comic-size provisional volume proof; final pagination and art selection remain open.
iliad-volume-proof,196,verse,Iliad,15,15.1-746,text/iliad/book-15-opening.md,,,verified-architecture,Derived from current comic-size provisional volume proof; final pagination and art selection remain open.
iliad-volume-proof,197,verse,Iliad,15,15.1-746,text/iliad/book-15-opening.md,,,verified-architecture,Derived from current comic-size provisional volume proof; final pagination and art selection remain open.
iliad-volume-proof,198,verse,Iliad,15,15.1-746,text/iliad/book-15-opening.md,,,verified-architecture,Derived from current comic-size provisional volume proof; final pagination and art selection remain open.
iliad-volume-proof,199,verse,Iliad,15,15.1-746,text/iliad/book-15-opening.md,,,verified-architecture,Derived from current comic-size provisional volume proof; final pagination and art selection remain open.
iliad-volume-proof,200,verse,Iliad,15,15.1-746,text/iliad/book-15-opening.md,,,verified-architecture,Derived from current comic-size provisional volume proof; final pagination and art selection remain open.
iliad-volume-proof,201,book-opener,Iliad,16,16.1-867,text/iliad/book-16-opening.md,,,verified-architecture,Derived from current comic-size provisional volume proof; final pagination and art selection remain open.
iliad-volume-proof,202,verse,Iliad,16,16.1-867,text/iliad/book-16-opening.md,,,verified-architecture,Derived from current comic-size provisional volume proof; final pagination and art selection remain open.
iliad-volume-proof,203,verse,Iliad,16,16.1-867,text/iliad/book-16-opening.md,,,verified-architecture,Derived from current comic-size provisional volume proof; final pagination and art selection remain open.
iliad-volume-proof,204,verse,Iliad,16,16.1-867,text/iliad/book-16-opening.md,,,verified-architecture,Derived from current comic-size provisional volume proof; final pagination and art selection remain open.
iliad-volume-proof,205,verse,Iliad,16,16.1-867,text/iliad/book-16-opening.md,,,verified-architecture,Derived from current comic-size provisional volume proof; final pagination and art selection remain open.
iliad-volume-proof,206,verse,Iliad,16,16.1-867,text/iliad/book-16-opening.md,,,verified-architecture,Derived from current comic-size provisional volume proof; final pagination and art selection remain open.
iliad-volume-proof,207,verse,Iliad,16,16.1-867,text/iliad/book-16-opening.md,,,verified-architecture,Derived from current comic-size provisional volume proof; final pagination and art selection remain open.
iliad-volume-proof,208,verse,Iliad,16,16.1-867,text/iliad/book-16-opening.md,,,verified-architecture,Derived from current comic-size provisional volume proof; final pagination and art selection remain open.
iliad-volume-proof,209,verse,Iliad,16,16.1-867,text/iliad/book-16-opening.md,,,verified-architecture,Derived from current comic-size provisional volume proof; final pagination and art selection remain open.
iliad-volume-proof,210,verse,Iliad,16,16.1-867,text/iliad/book-16-opening.md,,,verified-architecture,Derived from current comic-size provisional volume proof; final pagination and art selection remain open.
iliad-volume-proof,211,verse,Iliad,16,16.1-867,text/iliad/book-16-opening.md,,,verified-architecture,Derived from current comic-size provisional volume proof; final pagination and art selection remain open.
iliad-volume-proof,212,verse,Iliad,16,16.1-867,text/iliad/book-16-opening.md,,,verified-architecture,Derived from current comic-size provisional volume proof; final pagination and art selection remain open.
iliad-volume-proof,213,verse,Iliad,16,16.1-867,text/iliad/book-16-opening.md,,,verified-architecture,Derived from current comic-size provisional volume proof; final pagination and art selection remain open.
iliad-volume-proof,214,verse,Iliad,16,16.1-867,text/iliad/book-16-opening.md,,,verified-architecture,Derived from current comic-size provisional volume proof; final pagination and art selection remain open.
iliad-volume-proof,215,verse,Iliad,16,16.1-867,text/iliad/book-16-opening.md,,,verified-architecture,Derived from current comic-size provisional volume proof; final pagination and art selection remain open.
iliad-volume-proof,216,verse,Iliad,16,16.1-867,text/iliad/book-16-opening.md,,,verified-architecture,Derived from current comic-size provisional volume proof; final pagination and art selection remain open.
iliad-volume-proof,217,verse,Iliad,16,16.1-867,text/iliad/book-16-opening.md,,,verified-architecture,Derived from current comic-size provisional volume proof; final pagination and art selection remain open.
iliad-volume-proof,218,verse,Iliad,16,16.1-867,text/iliad/book-16-opening.md,,,verified-architecture,Derived from current comic-size provisional volume proof; final pagination and art selection remain open.
iliad-volume-proof,219,verse,Iliad,16,16.1-867,text/iliad/book-16-opening.md,,,verified-architecture,Derived from current comic-size provisional volume proof; final pagination and art selection remain open.
iliad-volume-proof,220,verse,Iliad,16,16.1-867,text/iliad/book-16-opening.md,,,verified-architecture,Derived from current comic-size provisional volume proof; final pagination and art selection remain open.
iliad-volume-proof,221,verse,Iliad,16,16.1-867,text/iliad/book-16-opening.md,,,verified-architecture,Derived from current comic-size provisional volume proof; final pagination and art selection remain open.
iliad-volume-proof,222,plate,Iliad,16,16.1-16.867,,assets/generated/iliad/book-16-patroclus-v2.png,iliad-book-16-patroclus-v2-concept,verified-architecture,Derived from current comic-size provisional volume proof; final pagination and art selection remain open.
iliad-volume-proof,223,verse,Iliad,16,16.1-867,text/iliad/book-16-opening.md,,,verified-architecture,Derived from current comic-size provisional volume proof; final pagination and art selection remain open.
iliad-volume-proof,224,book-opener,Iliad,17,17.1-761,text/iliad/book-17-opening.md,,,verified-architecture,Derived from current comic-size provisional volume proof; final pagination and art selection remain open.
iliad-volume-proof,225,verse,Iliad,17,17.1-761,text/iliad/book-17-opening.md,,,verified-architecture,Derived from current comic-size provisional volume proof; final pagination and art selection remain open.
iliad-volume-proof,226,verse,Iliad,17,17.1-761,text/iliad/book-17-opening.md,,,verified-architecture,Derived from current comic-size provisional volume proof; final pagination and art selection remain open.
iliad-volume-proof,227,verse,Iliad,17,17.1-761,text/iliad/book-17-opening.md,,,verified-architecture,Derived from current comic-size provisional volume proof; final pagination and art selection remain open.
iliad-volume-proof,228,verse,Iliad,17,17.1-761,text/iliad/book-17-opening.md,,,verified-architecture,Derived from current comic-size provisional volume proof; final pagination and art selection remain open.
iliad-volume-proof,229,verse,Iliad,17,17.1-761,text/iliad/book-17-opening.md,,,verified-architecture,Derived from current comic-size provisional volume proof; final pagination and art selection remain open.
iliad-volume-proof,230,verse,Iliad,17,17.1-761,text/iliad/book-17-opening.md,,,verified-architecture,Derived from current comic-size provisional volume proof; final pagination and art selection remain open.
iliad-volume-proof,231,verse,Iliad,17,17.1-761,text/iliad/book-17-opening.md,,,verified-architecture,Derived from current comic-size provisional volume proof; final pagination and art selection remain open.
iliad-volume-proof,232,verse,Iliad,17,17.1-761,text/iliad/book-17-opening.md,,,verified-architecture,Derived from current comic-size provisional volume proof; final pagination and art selection remain open.
iliad-volume-proof,233,verse,Iliad,17,17.1-761,text/iliad/book-17-opening.md,,,verified-architecture,Derived from current comic-size provisional volume proof; final pagination and art selection remain open.
iliad-volume-proof,234,verse,Iliad,17,17.1-761,text/iliad/book-17-opening.md,,,verified-architecture,Derived from current comic-size provisional volume proof; final pagination and art selection remain open.
iliad-volume-proof,235,verse,Iliad,17,17.1-761,text/iliad/book-17-opening.md,,,verified-architecture,Derived from current comic-size provisional volume proof; final pagination and art selection remain open.
iliad-volume-proof,236,verse,Iliad,17,17.1-761,text/iliad/book-17-opening.md,,,verified-architecture,Derived from current comic-size provisional volume proof; final pagination and art selection remain open.
iliad-volume-proof,237,verse,Iliad,17,17.1-761,text/iliad/book-17-opening.md,,,verified-architecture,Derived from current comic-size provisional volume proof; final pagination and art selection remain open.
iliad-volume-proof,238,verse,Iliad,17,17.1-761,text/iliad/book-17-opening.md,,,verified-architecture,Derived from current comic-size provisional volume proof; final pagination and art selection remain open.
iliad-volume-proof,239,verse,Iliad,17,17.1-761,text/iliad/book-17-opening.md,,,verified-architecture,Derived from current comic-size provisional volume proof; final pagination and art selection remain open.
iliad-volume-proof,240,verse,Iliad,17,17.1-761,text/iliad/book-17-opening.md,,,verified-architecture,Derived from current comic-size provisional volume proof; final pagination and art selection remain open.
iliad-volume-proof,241,verse,Iliad,17,17.1-761,text/iliad/book-17-opening.md,,,verified-architecture,Derived from current comic-size provisional volume proof; final pagination and art selection remain open.
iliad-volume-proof,242,book-opener,Iliad,18,18.1-617,text/iliad/book-18-opening.md,,,verified-architecture,Derived from current comic-size provisional volume proof; final pagination and art selection remain open.
iliad-volume-proof,243,verse,Iliad,18,18.1-617,text/iliad/book-18-opening.md,,,verified-architecture,Derived from current comic-size provisional volume proof; final pagination and art selection remain open.
iliad-volume-proof,244,verse,Iliad,18,18.1-617,text/iliad/book-18-opening.md,,,verified-architecture,Derived from current comic-size provisional volume proof; final pagination and art selection remain open.
iliad-volume-proof,245,verse,Iliad,18,18.1-617,text/iliad/book-18-opening.md,,,verified-architecture,Derived from current comic-size provisional volume proof; final pagination and art selection remain open.
iliad-volume-proof,246,verse,Iliad,18,18.1-617,text/iliad/book-18-opening.md,,,verified-architecture,Derived from current comic-size provisional volume proof; final pagination and art selection remain open.
iliad-volume-proof,247,verse,Iliad,18,18.1-617,text/iliad/book-18-opening.md,,,verified-architecture,Derived from current comic-size provisional volume proof; final pagination and art selection remain open.
iliad-volume-proof,248,verse,Iliad,18,18.1-617,text/iliad/book-18-opening.md,,,verified-architecture,Derived from current comic-size provisional volume proof; final pagination and art selection remain open.
iliad-volume-proof,249,verse,Iliad,18,18.1-617,text/iliad/book-18-opening.md,,,verified-architecture,Derived from current comic-size provisional volume proof; final pagination and art selection remain open.
iliad-volume-proof,250,verse,Iliad,18,18.1-617,text/iliad/book-18-opening.md,,,verified-architecture,Derived from current comic-size provisional volume proof; final pagination and art selection remain open.
iliad-volume-proof,251,verse,Iliad,18,18.1-617,text/iliad/book-18-opening.md,,,verified-architecture,Derived from current comic-size provisional volume proof; final pagination and art selection remain open.
iliad-volume-proof,252,verse,Iliad,18,18.1-617,text/iliad/book-18-opening.md,,,verified-architecture,Derived from current comic-size provisional volume proof; final pagination and art selection remain open.
iliad-volume-proof,253,verse,Iliad,18,18.1-617,text/iliad/book-18-opening.md,,,verified-architecture,Derived from current comic-size provisional volume proof; final pagination and art selection remain open.
iliad-volume-proof,254,verse,Iliad,18,18.1-617,text/iliad/book-18-opening.md,,,verified-architecture,Derived from current comic-size provisional volume proof; final pagination and art selection remain open.
iliad-volume-proof,255,book-opener,Iliad,19,19.1-424,text/iliad/book-19-opening.md,,,verified-architecture,Derived from current comic-size provisional volume proof; final pagination and art selection remain open.
iliad-volume-proof,256,verse,Iliad,19,19.1-424,text/iliad/book-19-opening.md,,,verified-architecture,Derived from current comic-size provisional volume proof; final pagination and art selection remain open.
iliad-volume-proof,257,verse,Iliad,19,19.1-424,text/iliad/book-19-opening.md,,,verified-architecture,Derived from current comic-size provisional volume proof; final pagination and art selection remain open.
iliad-volume-proof,258,verse,Iliad,19,19.1-424,text/iliad/book-19-opening.md,,,verified-architecture,Derived from current comic-size provisional volume proof; final pagination and art selection remain open.
iliad-volume-proof,259,verse,Iliad,19,19.1-424,text/iliad/book-19-opening.md,,,verified-architecture,Derived from current comic-size provisional volume proof; final pagination and art selection remain open.
iliad-volume-proof,260,verse,Iliad,19,19.1-424,text/iliad/book-19-opening.md,,,verified-architecture,Derived from current comic-size provisional volume proof; final pagination and art selection remain open.
iliad-volume-proof,261,verse,Iliad,19,19.1-424,text/iliad/book-19-opening.md,,,verified-architecture,Derived from current comic-size provisional volume proof; final pagination and art selection remain open.
iliad-volume-proof,262,verse,Iliad,19,19.1-424,text/iliad/book-19-opening.md,,,verified-architecture,Derived from current comic-size provisional volume proof; final pagination and art selection remain open.
iliad-volume-proof,263,verse,Iliad,19,19.1-424,text/iliad/book-19-opening.md,,,verified-architecture,Derived from current comic-size provisional volume proof; final pagination and art selection remain open.
iliad-volume-proof,264,verse,Iliad,19,19.1-424,text/iliad/book-19-opening.md,,,verified-architecture,Derived from current comic-size provisional volume proof; final pagination and art selection remain open.
iliad-volume-proof,265,verse,Iliad,19,19.1-424,text/iliad/book-19-opening.md,,,verified-architecture,Derived from current comic-size provisional volume proof; final pagination and art selection remain open.
iliad-volume-proof,266,book-opener,Iliad,20,20.1-503,text/iliad/book-20-opening.md,,,verified-architecture,Derived from current comic-size provisional volume proof; final pagination and art selection remain open.
iliad-volume-proof,267,verse,Iliad,20,20.1-503,text/iliad/book-20-opening.md,,,verified-architecture,Derived from current comic-size provisional volume proof; final pagination and art selection remain open.
iliad-volume-proof,268,verse,Iliad,20,20.1-503,text/iliad/book-20-opening.md,,,verified-architecture,Derived from current comic-size provisional volume proof; final pagination and art selection remain open.
iliad-volume-proof,269,verse,Iliad,20,20.1-503,text/iliad/book-20-opening.md,,,verified-architecture,Derived from current comic-size provisional volume proof; final pagination and art selection remain open.
iliad-volume-proof,270,verse,Iliad,20,20.1-503,text/iliad/book-20-opening.md,,,verified-architecture,Derived from current comic-size provisional volume proof; final pagination and art selection remain open.
iliad-volume-proof,271,verse,Iliad,20,20.1-503,text/iliad/book-20-opening.md,,,verified-architecture,Derived from current comic-size provisional volume proof; final pagination and art selection remain open.
iliad-volume-proof,272,verse,Iliad,20,20.1-503,text/iliad/book-20-opening.md,,,verified-architecture,Derived from current comic-size provisional volume proof; final pagination and art selection remain open.
iliad-volume-proof,273,verse,Iliad,20,20.1-503,text/iliad/book-20-opening.md,,,verified-architecture,Derived from current comic-size provisional volume proof; final pagination and art selection remain open.
iliad-volume-proof,274,verse,Iliad,20,20.1-503,text/iliad/book-20-opening.md,,,verified-architecture,Derived from current comic-size provisional volume proof; final pagination and art selection remain open.
iliad-volume-proof,275,verse,Iliad,20,20.1-503,text/iliad/book-20-opening.md,,,verified-architecture,Derived from current comic-size provisional volume proof; final pagination and art selection remain open.
iliad-volume-proof,276,verse,Iliad,20,20.1-503,text/iliad/book-20-opening.md,,,verified-architecture,Derived from current comic-size provisional volume proof; final pagination and art selection remain open.
iliad-volume-proof,277,verse,Iliad,20,20.1-503,text/iliad/book-20-opening.md,,,verified-architecture,Derived from current comic-size provisional volume proof; final pagination and art selection remain open.
iliad-volume-proof,278,verse,Iliad,20,20.1-503,text/iliad/book-20-opening.md,,,verified-architecture,Derived from current comic-size provisional volume proof; final pagination and art selection remain open.
iliad-volume-proof,279,book-opener,Iliad,21,21.1-611,text/iliad/book-21-opening.md,,,verified-architecture,Derived from current comic-size provisional volume proof; final pagination and art selection remain open.
iliad-volume-proof,280,verse,Iliad,21,21.1-611,text/iliad/book-21-opening.md,,,verified-architecture,Derived from current comic-size provisional volume proof; final pagination and art selection remain open.
iliad-volume-proof,281,verse,Iliad,21,21.1-611,text/iliad/book-21-opening.md,,,verified-architecture,Derived from current comic-size provisional volume proof; final pagination and art selection remain open.
iliad-volume-proof,282,verse,Iliad,21,21.1-611,text/iliad/book-21-opening.md,,,verified-architecture,Derived from current comic-size provisional volume proof; final pagination and art selection remain open.
iliad-volume-proof,283,verse,Iliad,21,21.1-611,text/iliad/book-21-opening.md,,,verified-architecture,Derived from current comic-size provisional volume proof; final pagination and art selection remain open.
iliad-volume-proof,284,verse,Iliad,21,21.1-611,text/iliad/book-21-opening.md,,,verified-architecture,Derived from current comic-size provisional volume proof; final pagination and art selection remain open.
iliad-volume-proof,285,verse,Iliad,21,21.1-611,text/iliad/book-21-opening.md,,,verified-architecture,Derived from current comic-size provisional volume proof; final pagination and art selection remain open.
iliad-volume-proof,286,verse,Iliad,21,21.1-611,text/iliad/book-21-opening.md,,,verified-architecture,Derived from current comic-size provisional volume proof; final pagination and art selection remain open.
iliad-volume-proof,287,verse,Iliad,21,21.1-611,text/iliad/book-21-opening.md,,,verified-architecture,Derived from current comic-size provisional volume proof; final pagination and art selection remain open.
iliad-volume-proof,288,verse,Iliad,21,21.1-611,text/iliad/book-21-opening.md,,,verified-architecture,Derived from current comic-size provisional volume proof; final pagination and art selection remain open.
iliad-volume-proof,289,verse,Iliad,21,21.1-611,text/iliad/book-21-opening.md,,,verified-architecture,Derived from current comic-size provisional volume proof; final pagination and art selection remain open.
iliad-volume-proof,290,verse,Iliad,21,21.1-611,text/iliad/book-21-opening.md,,,verified-architecture,Derived from current comic-size provisional volume proof; final pagination and art selection remain open.
iliad-volume-proof,291,verse,Iliad,21,21.1-611,text/iliad/book-21-opening.md,,,verified-architecture,Derived from current comic-size provisional volume proof; final pagination and art selection remain open.
iliad-volume-proof,292,verse,Iliad,21,21.1-611,text/iliad/book-21-opening.md,,,verified-architecture,Derived from current comic-size provisional volume proof; final pagination and art selection remain open.
iliad-volume-proof,293,verse,Iliad,21,21.1-611,text/iliad/book-21-opening.md,,,verified-architecture,Derived from current comic-size provisional volume proof; final pagination and art selection remain open.
iliad-volume-proof,294,verse,Iliad,21,21.1-611,text/iliad/book-21-opening.md,,,verified-architecture,Derived from current comic-size provisional volume proof; final pagination and art selection remain open.
iliad-volume-proof,295,book-opener,Iliad,22,22.1-515,text/iliad/book-22-opening.md,,,verified-architecture,Derived from current comic-size provisional volume proof; final pagination and art selection remain open.
iliad-volume-proof,296,verse,Iliad,22,22.1-515,text/iliad/book-22-opening.md,,,verified-architecture,Derived from current comic-size provisional volume proof; final pagination and art selection remain open.
iliad-volume-proof,297,verse,Iliad,22,22.1-515,text/iliad/book-22-opening.md,,,verified-architecture,Derived from current comic-size provisional volume proof; final pagination and art selection remain open.
iliad-volume-proof,298,verse,Iliad,22,22.1-515,text/iliad/book-22-opening.md,,,verified-architecture,Derived from current comic-size provisional volume proof; final pagination and art selection remain open.
iliad-volume-proof,299,verse,Iliad,22,22.1-515,text/iliad/book-22-opening.md,,,verified-architecture,Derived from current comic-size provisional volume proof; final pagination and art selection remain open.
iliad-volume-proof,300,verse,Iliad,22,22.1-515,text/iliad/book-22-opening.md,,,verified-architecture,Derived from current comic-size provisional volume proof; final pagination and art selection remain open.
iliad-volume-proof,301,verse,Iliad,22,22.1-515,text/iliad/book-22-opening.md,,,verified-architecture,Derived from current comic-size provisional volume proof; final pagination and art selection remain open.
iliad-volume-proof,302,verse,Iliad,22,22.1-515,text/iliad/book-22-opening.md,,,verified-architecture,Derived from current comic-size provisional volume proof; final pagination and art selection remain open.
iliad-volume-proof,303,verse,Iliad,22,22.1-515,text/iliad/book-22-opening.md,,,verified-architecture,Derived from current comic-size provisional volume proof; final pagination and art selection remain open.
iliad-volume-proof,304,verse,Iliad,22,22.1-515,text/iliad/book-22-opening.md,,,verified-architecture,Derived from current comic-size provisional volume proof; final pagination and art selection remain open.
iliad-volume-proof,305,verse,Iliad,22,22.1-515,text/iliad/book-22-opening.md,,,verified-architecture,Derived from current comic-size provisional volume proof; final pagination and art selection remain open.
iliad-volume-proof,306,verse,Iliad,22,22.1-515,text/iliad/book-22-opening.md,,,verified-architecture,Derived from current comic-size provisional volume proof; final pagination and art selection remain open.
iliad-volume-proof,307,verse,Iliad,22,22.1-515,text/iliad/book-22-opening.md,,,verified-architecture,Derived from current comic-size provisional volume proof; final pagination and art selection remain open.
iliad-volume-proof,308,book-opener,Iliad,23,23.1-897,text/iliad/book-23-opening.md,,,verified-architecture,Derived from current comic-size provisional volume proof; final pagination and art selection remain open.
iliad-volume-proof,309,verse,Iliad,23,23.1-897,text/iliad/book-23-opening.md,,,verified-architecture,Derived from current comic-size provisional volume proof; final pagination and art selection remain open.
iliad-volume-proof,310,verse,Iliad,23,23.1-897,text/iliad/book-23-opening.md,,,verified-architecture,Derived from current comic-size provisional volume proof; final pagination and art selection remain open.
iliad-volume-proof,311,verse,Iliad,23,23.1-897,text/iliad/book-23-opening.md,,,verified-architecture,Derived from current comic-size provisional volume proof; final pagination and art selection remain open.
iliad-volume-proof,312,verse,Iliad,23,23.1-897,text/iliad/book-23-opening.md,,,verified-architecture,Derived from current comic-size provisional volume proof; final pagination and art selection remain open.
iliad-volume-proof,313,verse,Iliad,23,23.1-897,text/iliad/book-23-opening.md,,,verified-architecture,Derived from current comic-size provisional volume proof; final pagination and art selection remain open.
iliad-volume-proof,314,verse,Iliad,23,23.1-897,text/iliad/book-23-opening.md,,,verified-architecture,Derived from current comic-size provisional volume proof; final pagination and art selection remain open.
iliad-volume-proof,315,verse,Iliad,23,23.1-897,text/iliad/book-23-opening.md,,,verified-architecture,Derived from current comic-size provisional volume proof; final pagination and art selection remain open.
iliad-volume-proof,316,verse,Iliad,23,23.1-897,text/iliad/book-23-opening.md,,,verified-architecture,Derived from current comic-size provisional volume proof; final pagination and art selection remain open.
iliad-volume-proof,317,verse,Iliad,23,23.1-897,text/iliad/book-23-opening.md,,,verified-architecture,Derived from current comic-size provisional volume proof; final pagination and art selection remain open.
iliad-volume-proof,318,verse,Iliad,23,23.1-897,text/iliad/book-23-opening.md,,,verified-architecture,Derived from current comic-size provisional volume proof; final pagination and art selection remain open.
iliad-volume-proof,319,verse,Iliad,23,23.1-897,text/iliad/book-23-opening.md,,,verified-architecture,Derived from current comic-size provisional volume proof; final pagination and art selection remain open.
iliad-volume-proof,320,verse,Iliad,23,23.1-897,text/iliad/book-23-opening.md,,,verified-architecture,Derived from current comic-size provisional volume proof; final pagination and art selection remain open.
iliad-volume-proof,321,verse,Iliad,23,23.1-897,text/iliad/book-23-opening.md,,,verified-architecture,Derived from current comic-size provisional volume proof; final pagination and art selection remain open.
iliad-volume-proof,322,verse,Iliad,23,23.1-897,text/iliad/book-23-opening.md,,,verified-architecture,Derived from current comic-size provisional volume proof; final pagination and art selection remain open.
iliad-volume-proof,323,verse,Iliad,23,23.1-897,text/iliad/book-23-opening.md,,,verified-architecture,Derived from current comic-size provisional volume proof; final pagination and art selection remain open.
iliad-volume-proof,324,verse,Iliad,23,23.1-897,text/iliad/book-23-opening.md,,,verified-architecture,Derived from current comic-size provisional volume proof; final pagination and art selection remain open.
iliad-volume-proof,325,verse,Iliad,23,23.1-897,text/iliad/book-23-opening.md,,,verified-architecture,Derived from current comic-size provisional volume proof; final pagination and art selection remain open.
iliad-volume-proof,326,verse,Iliad,23,23.1-897,text/iliad/book-23-opening.md,,,verified-architecture,Derived from current comic-size provisional volume proof; final pagination and art selection remain open.
iliad-volume-proof,327,verse,Iliad,23,23.1-897,text/iliad/book-23-opening.md,,,verified-architecture,Derived from current comic-size provisional volume proof; final pagination and art selection remain open.
iliad-volume-proof,328,verse,Iliad,23,23.1-897,text/iliad/book-23-opening.md,,,verified-architecture,Derived from current comic-size provisional volume proof; final pagination and art selection remain open.
iliad-volume-proof,329,verse,Iliad,23,23.1-897,text/iliad/book-23-opening.md,,,verified-architecture,Derived from current comic-size provisional volume proof; final pagination and art selection remain open.
iliad-volume-proof,330,book-opener,Iliad,24,24.1-804,text/iliad/book-24-opening.md,,,verified-architecture,Derived from current comic-size provisional volume proof; final pagination and art selection remain open.
iliad-volume-proof,331,verse,Iliad,24,24.1-804,text/iliad/book-24-opening.md,,,verified-architecture,Derived from current comic-size provisional volume proof; final pagination and art selection remain open.
iliad-volume-proof,332,verse,Iliad,24,24.1-804,text/iliad/book-24-opening.md,,,verified-architecture,Derived from current comic-size provisional volume proof; final pagination and art selection remain open.
iliad-volume-proof,333,verse,Iliad,24,24.1-804,text/iliad/book-24-opening.md,,,verified-architecture,Derived from current comic-size provisional volume proof; final pagination and art selection remain open.
iliad-volume-proof,334,verse,Iliad,24,24.1-804,text/iliad/book-24-opening.md,,,verified-architecture,Derived from current comic-size provisional volume proof; final pagination and art selection remain open.
iliad-volume-proof,335,verse,Iliad,24,24.1-804,text/iliad/book-24-opening.md,,,verified-architecture,Derived from current comic-size provisional volume proof; final pagination and art selection remain open.
iliad-volume-proof,336,verse,Iliad,24,24.1-804,text/iliad/book-24-opening.md,,,verified-architecture,Derived from current comic-size provisional volume proof; final pagination and art selection remain open.
iliad-volume-proof,337,verse,Iliad,24,24.1-804,text/iliad/book-24-opening.md,,,verified-architecture,Derived from current comic-size provisional volume proof; final pagination and art selection remain open.
iliad-volume-proof,338,verse,Iliad,24,24.1-804,text/iliad/book-24-opening.md,,,verified-architecture,Derived from current comic-size provisional volume proof; final pagination and art selection remain open.
iliad-volume-proof,339,verse,Iliad,24,24.1-804,text/iliad/book-24-opening.md,,,verified-architecture,Derived from current comic-size provisional volume proof; final pagination and art selection remain open.
iliad-volume-proof,340,verse,Iliad,24,24.1-804,text/iliad/book-24-opening.md,,,verified-architecture,Derived from current comic-size provisional volume proof; final pagination and art selection remain open.
iliad-volume-proof,341,verse,Iliad,24,24.1-804,text/iliad/book-24-opening.md,,,verified-architecture,Derived from current comic-size provisional volume proof; final pagination and art selection remain open.
iliad-volume-proof,342,verse,Iliad,24,24.1-804,text/iliad/book-24-opening.md,,,verified-architecture,Derived from current comic-size provisional volume proof; final pagination and art selection remain open.
iliad-volume-proof,343,verse,Iliad,24,24.1-804,text/iliad/book-24-opening.md,,,verified-architecture,Derived from current comic-size provisional volume proof; final pagination and art selection remain open.
iliad-volume-proof,344,verse,Iliad,24,24.1-804,text/iliad/book-24-opening.md,,,verified-architecture,Derived from current comic-size provisional volume proof; final pagination and art selection remain open.
iliad-volume-proof,345,verse,Iliad,24,24.1-804,text/iliad/book-24-opening.md,,,verified-architecture,Derived from current comic-size provisional volume proof; final pagination and art selection remain open.
iliad-volume-proof,346,verse,Iliad,24,24.1-804,text/iliad/book-24-opening.md,,,verified-architecture,Derived from current comic-size provisional volume proof; final pagination and art selection remain open.
iliad-volume-proof,347,verse,Iliad,24,24.1-804,text/iliad/book-24-opening.md,,,verified-architecture,Derived from current comic-size provisional volume proof; final pagination and art selection remain open.
iliad-volume-proof,348,verse,Iliad,24,24.1-804,text/iliad/book-24-opening.md,,,verified-architecture,Derived from current comic-size provisional volume proof; final pagination and art selection remain open.
iliad-volume-proof,349,plate,Iliad,24,24.552-24.620,,assets/generated/iliad/book-24-priam-achilles-v2.png,iliad-book-24-priam-achilles-v2-concept,verified-architecture,Derived from current comic-size provisional volume proof; final pagination and art selection remain open.
iliad-volume-proof,350,verse,Iliad,24,24.1-804,text/iliad/book-24-opening.md,,,verified-architecture,Derived from current comic-size provisional volume proof; final pagination and art selection remain open.
odyssey-volume-proof,1,title,Odyssey,,,,,,verified-architecture,Derived from current comic-size provisional volume proof; final pagination and art selection remain open.
odyssey-volume-proof,2,forward,Odyssey,,,volumes/odyssey/forward.md,,,verified-architecture,Derived from current comic-size provisional volume proof; final pagination and art selection remain open.
odyssey-volume-proof,3,book-opener,Odyssey,1,1.1-444,text/odyssey/book-01-opening.md,,,verified-architecture,Derived from current comic-size provisional volume proof; final pagination and art selection remain open.
odyssey-volume-proof,4,verse,Odyssey,1,1.1-444,text/odyssey/book-01-opening.md,,,verified-architecture,Derived from current comic-size provisional volume proof; final pagination and art selection remain open.
odyssey-volume-proof,5,verse,Odyssey,1,1.1-444,text/odyssey/book-01-opening.md,,,verified-architecture,Derived from current comic-size provisional volume proof; final pagination and art selection remain open.
odyssey-volume-proof,6,verse,Odyssey,1,1.1-444,text/odyssey/book-01-opening.md,,,verified-architecture,Derived from current comic-size provisional volume proof; final pagination and art selection remain open.
odyssey-volume-proof,7,verse,Odyssey,1,1.1-444,text/odyssey/book-01-opening.md,,,verified-architecture,Derived from current comic-size provisional volume proof; final pagination and art selection remain open.
odyssey-volume-proof,8,verse,Odyssey,1,1.1-444,text/odyssey/book-01-opening.md,,,verified-architecture,Derived from current comic-size provisional volume proof; final pagination and art selection remain open.
odyssey-volume-proof,9,verse,Odyssey,1,1.1-444,text/odyssey/book-01-opening.md,,,verified-architecture,Derived from current comic-size provisional volume proof; final pagination and art selection remain open.
odyssey-volume-proof,10,verse,Odyssey,1,1.1-444,text/odyssey/book-01-opening.md,,,verified-architecture,Derived from current comic-size provisional volume proof; final pagination and art selection remain open.
odyssey-volume-proof,11,plate,Odyssey,1,1.1-21,,assets/generated/odyssey/book-01-athena-v2.png,odyssey-book-01-athena-v2-concept,verified-architecture,Derived from current comic-size provisional volume proof; final pagination and art selection remain open.
odyssey-volume-proof,12,verse,Odyssey,1,1.1-444,text/odyssey/book-01-opening.md,,,verified-architecture,Derived from current comic-size provisional volume proof; final pagination and art selection remain open.
odyssey-volume-proof,13,book-opener,Odyssey,2,2.1-434,text/odyssey/book-02-opening.md,,,verified-architecture,Derived from current comic-size provisional volume proof; final pagination and art selection remain open.
odyssey-volume-proof,14,verse,Odyssey,2,2.1-434,text/odyssey/book-02-opening.md,,,verified-architecture,Derived from current comic-size provisional volume proof; final pagination and art selection remain open.
odyssey-volume-proof,15,verse,Odyssey,2,2.1-434,text/odyssey/book-02-opening.md,,,verified-architecture,Derived from current comic-size provisional volume proof; final pagination and art selection remain open.
odyssey-volume-proof,16,verse,Odyssey,2,2.1-434,text/odyssey/book-02-opening.md,,,verified-architecture,Derived from current comic-size provisional volume proof; final pagination and art selection remain open.
odyssey-volume-proof,17,verse,Odyssey,2,2.1-434,text/odyssey/book-02-opening.md,,,verified-architecture,Derived from current comic-size provisional volume proof; final pagination and art selection remain open.
odyssey-volume-proof,18,verse,Odyssey,2,2.1-434,text/odyssey/book-02-opening.md,,,verified-architecture,Derived from current comic-size provisional volume proof; final pagination and art selection remain open.
odyssey-volume-proof,19,verse,Odyssey,2,2.1-434,text/odyssey/book-02-opening.md,,,verified-architecture,Derived from current comic-size provisional volume proof; final pagination and art selection remain open.
odyssey-volume-proof,20,plate,Odyssey,2,2.1-2.434,,assets/generated/odyssey/book-02-ody-02-v1.png,odyssey-book-02-ody-02-v1-concept,verified-architecture,Derived from current comic-size provisional volume proof; final pagination and art selection remain open.
odyssey-volume-proof,21,verse,Odyssey,2,2.1-434,text/odyssey/book-02-opening.md,,,verified-architecture,Derived from current comic-size provisional volume proof; final pagination and art selection remain open.
odyssey-volume-proof,22,book-opener,Odyssey,3,3.1-497,text/odyssey/book-03-opening.md,,,verified-architecture,Derived from current comic-size provisional volume proof; final pagination and art selection remain open.
odyssey-volume-proof,23,verse,Odyssey,3,3.1-497,text/odyssey/book-03-opening.md,,,verified-architecture,Derived from current comic-size provisional volume proof; final pagination and art selection remain open.
odyssey-volume-proof,24,verse,Odyssey,3,3.1-497,text/odyssey/book-03-opening.md,,,verified-architecture,Derived from current comic-size provisional volume proof; final pagination and art selection remain open.
odyssey-volume-proof,25,verse,Odyssey,3,3.1-497,text/odyssey/book-03-opening.md,,,verified-architecture,Derived from current comic-size provisional volume proof; final pagination and art selection remain open.
odyssey-volume-proof,26,verse,Odyssey,3,3.1-497,text/odyssey/book-03-opening.md,,,verified-architecture,Derived from current comic-size provisional volume proof; final pagination and art selection remain open.
odyssey-volume-proof,27,verse,Odyssey,3,3.1-497,text/odyssey/book-03-opening.md,,,verified-architecture,Derived from current comic-size provisional volume proof; final pagination and art selection remain open.
odyssey-volume-proof,28,verse,Odyssey,3,3.1-497,text/odyssey/book-03-opening.md,,,verified-architecture,Derived from current comic-size provisional volume proof; final pagination and art selection remain open.
odyssey-volume-proof,29,verse,Odyssey,3,3.1-497,text/odyssey/book-03-opening.md,,,verified-architecture,Derived from current comic-size provisional volume proof; final pagination and art selection remain open.
odyssey-volume-proof,30,verse,Odyssey,3,3.1-497,text/odyssey/book-03-opening.md,,,verified-architecture,Derived from current comic-size provisional volume proof; final pagination and art selection remain open.
odyssey-volume-proof,31,verse,Odyssey,3,3.1-497,text/odyssey/book-03-opening.md,,,verified-architecture,Derived from current comic-size provisional volume proof; final pagination and art selection remain open.
odyssey-volume-proof,32,verse,Odyssey,3,3.1-497,text/odyssey/book-03-opening.md,,,verified-architecture,Derived from current comic-size provisional volume proof; final pagination and art selection remain open.
odyssey-volume-proof,33,verse,Odyssey,3,3.1-497,text/odyssey/book-03-opening.md,,,verified-architecture,Derived from current comic-size provisional volume proof; final pagination and art selection remain open.
odyssey-volume-proof,34,verse,Odyssey,3,3.1-497,text/odyssey/book-03-opening.md,,,verified-architecture,Derived from current comic-size provisional volume proof; final pagination and art selection remain open.
odyssey-volume-proof,35,plate,Odyssey,3,3.1-3.66,,assets/generated/odyssey/book-03-pylos-v1.png,odyssey-book-03-pylos-concept,verified-architecture,Derived from current comic-size provisional volume proof; final pagination and art selection remain open.
odyssey-volume-proof,36,verse,Odyssey,3,3.1-497,text/odyssey/book-03-opening.md,,,verified-architecture,Derived from current comic-size provisional volume proof; final pagination and art selection remain open.
odyssey-volume-proof,37,book-opener,Odyssey,4,4.1-847,text/odyssey/book-04-opening.md,,,verified-architecture,Derived from current comic-size provisional volume proof; final pagination and art selection remain open.
odyssey-volume-proof,38,verse,Odyssey,4,4.1-847,text/odyssey/book-04-opening.md,,,verified-architecture,Derived from current comic-size provisional volume proof; final pagination and art selection remain open.
odyssey-volume-proof,39,verse,Odyssey,4,4.1-847,text/odyssey/book-04-opening.md,,,verified-architecture,Derived from current comic-size provisional volume proof; final pagination and art selection remain open.
odyssey-volume-proof,40,verse,Odyssey,4,4.1-847,text/odyssey/book-04-opening.md,,,verified-architecture,Derived from current comic-size provisional volume proof; final pagination and art selection remain open.
odyssey-volume-proof,41,verse,Odyssey,4,4.1-847,text/odyssey/book-04-opening.md,,,verified-architecture,Derived from current comic-size provisional volume proof; final pagination and art selection remain open.
odyssey-volume-proof,42,verse,Odyssey,4,4.1-847,text/odyssey/book-04-opening.md,,,verified-architecture,Derived from current comic-size provisional volume proof; final pagination and art selection remain open.
odyssey-volume-proof,43,verse,Odyssey,4,4.1-847,text/odyssey/book-04-opening.md,,,verified-architecture,Derived from current comic-size provisional volume proof; final pagination and art selection remain open.
odyssey-volume-proof,44,verse,Odyssey,4,4.1-847,text/odyssey/book-04-opening.md,,,verified-architecture,Derived from current comic-size provisional volume proof; final pagination and art selection remain open.
odyssey-volume-proof,45,verse,Odyssey,4,4.1-847,text/odyssey/book-04-opening.md,,,verified-architecture,Derived from current comic-size provisional volume proof; final pagination and art selection remain open.
odyssey-volume-proof,46,verse,Odyssey,4,4.1-847,text/odyssey/book-04-opening.md,,,verified-architecture,Derived from current comic-size provisional volume proof; final pagination and art selection remain open.
odyssey-volume-proof,47,verse,Odyssey,4,4.1-847,text/odyssey/book-04-opening.md,,,verified-architecture,Derived from current comic-size provisional volume proof; final pagination and art selection remain open.
odyssey-volume-proof,48,verse,Odyssey,4,4.1-847,text/odyssey/book-04-opening.md,,,verified-architecture,Derived from current comic-size provisional volume proof; final pagination and art selection remain open.
odyssey-volume-proof,49,verse,Odyssey,4,4.1-847,text/odyssey/book-04-opening.md,,,verified-architecture,Derived from current comic-size provisional volume proof; final pagination and art selection remain open.
odyssey-volume-proof,50,verse,Odyssey,4,4.1-847,text/odyssey/book-04-opening.md,,,verified-architecture,Derived from current comic-size provisional volume proof; final pagination and art selection remain open.
odyssey-volume-proof,51,verse,Odyssey,4,4.1-847,text/odyssey/book-04-opening.md,,,verified-architecture,Derived from current comic-size provisional volume proof; final pagination and art selection remain open.
odyssey-volume-proof,52,verse,Odyssey,4,4.1-847,text/odyssey/book-04-opening.md,,,verified-architecture,Derived from current comic-size provisional volume proof; final pagination and art selection remain open.
odyssey-volume-proof,53,verse,Odyssey,4,4.1-847,text/odyssey/book-04-opening.md,,,verified-architecture,Derived from current comic-size provisional volume proof; final pagination and art selection remain open.
odyssey-volume-proof,54,verse,Odyssey,4,4.1-847,text/odyssey/book-04-opening.md,,,verified-architecture,Derived from current comic-size provisional volume proof; final pagination and art selection remain open.
odyssey-volume-proof,55,verse,Odyssey,4,4.1-847,text/odyssey/book-04-opening.md,,,verified-architecture,Derived from current comic-size provisional volume proof; final pagination and art selection remain open.
odyssey-volume-proof,56,verse,Odyssey,4,4.1-847,text/odyssey/book-04-opening.md,,,verified-architecture,Derived from current comic-size provisional volume proof; final pagination and art selection remain open.
odyssey-volume-proof,57,book-opener,Odyssey,5,5.1-493,text/odyssey/book-05-opening.md,,,verified-architecture,Derived from current comic-size provisional volume proof; final pagination and art selection remain open.
odyssey-volume-proof,58,verse,Odyssey,5,5.1-493,text/odyssey/book-05-opening.md,,,verified-architecture,Derived from current comic-size provisional volume proof; final pagination and art selection remain open.
odyssey-volume-proof,59,verse,Odyssey,5,5.1-493,text/odyssey/book-05-opening.md,,,verified-architecture,Derived from current comic-size provisional volume proof; final pagination and art selection remain open.
odyssey-volume-proof,60,verse,Odyssey,5,5.1-493,text/odyssey/book-05-opening.md,,,verified-architecture,Derived from current comic-size provisional volume proof; final pagination and art selection remain open.
odyssey-volume-proof,61,verse,Odyssey,5,5.1-493,text/odyssey/book-05-opening.md,,,verified-architecture,Derived from current comic-size provisional volume proof; final pagination and art selection remain open.
odyssey-volume-proof,62,verse,Odyssey,5,5.1-493,text/odyssey/book-05-opening.md,,,verified-architecture,Derived from current comic-size provisional volume proof; final pagination and art selection remain open.
odyssey-volume-proof,63,verse,Odyssey,5,5.1-493,text/odyssey/book-05-opening.md,,,verified-architecture,Derived from current comic-size provisional volume proof; final pagination and art selection remain open.
odyssey-volume-proof,64,verse,Odyssey,5,5.1-493,text/odyssey/book-05-opening.md,,,verified-architecture,Derived from current comic-size provisional volume proof; final pagination and art selection remain open.
odyssey-volume-proof,65,verse,Odyssey,5,5.1-493,text/odyssey/book-05-opening.md,,,verified-architecture,Derived from current comic-size provisional volume proof; final pagination and art selection remain open.
odyssey-volume-proof,66,verse,Odyssey,5,5.1-493,text/odyssey/book-05-opening.md,,,verified-architecture,Derived from current comic-size provisional volume proof; final pagination and art selection remain open.
odyssey-volume-proof,67,verse,Odyssey,5,5.1-493,text/odyssey/book-05-opening.md,,,verified-architecture,Derived from current comic-size provisional volume proof; final pagination and art selection remain open.
odyssey-volume-proof,68,verse,Odyssey,5,5.1-493,text/odyssey/book-05-opening.md,,,verified-architecture,Derived from current comic-size provisional volume proof; final pagination and art selection remain open.
odyssey-volume-proof,69,plate,Odyssey,5,5.1-5.493,,assets/generated/odyssey/book-05-raft-v2.png,odyssey-book-05-raft-v2-concept,verified-architecture,Derived from current comic-size provisional volume proof; final pagination and art selection remain open.
odyssey-volume-proof,70,verse,Odyssey,5,5.1-493,text/odyssey/book-05-opening.md,,,verified-architecture,Derived from current comic-size provisional volume proof; final pagination and art selection remain open.
odyssey-volume-proof,71,verse,Odyssey,5,5.1-493,text/odyssey/book-05-opening.md,,,verified-architecture,Derived from current comic-size provisional volume proof; final pagination and art selection remain open.
odyssey-volume-proof,72,book-opener,Odyssey,6,6.1-331,text/odyssey/book-06-opening.md,,,verified-architecture,Derived from current comic-size provisional volume proof; final pagination and art selection remain open.
odyssey-volume-proof,73,verse,Odyssey,6,6.1-331,text/odyssey/book-06-opening.md,,,verified-architecture,Derived from current comic-size provisional volume proof; final pagination and art selection remain open.
odyssey-volume-proof,74,verse,Odyssey,6,6.1-331,text/odyssey/book-06-opening.md,,,verified-architecture,Derived from current comic-size provisional volume proof; final pagination and art selection remain open.
odyssey-volume-proof,75,verse,Odyssey,6,6.1-331,text/odyssey/book-06-opening.md,,,verified-architecture,Derived from current comic-size provisional volume proof; final pagination and art selection remain open.
odyssey-volume-proof,76,verse,Odyssey,6,6.1-331,text/odyssey/book-06-opening.md,,,verified-architecture,Derived from current comic-size provisional volume proof; final pagination and art selection remain open.
odyssey-volume-proof,77,verse,Odyssey,6,6.1-331,text/odyssey/book-06-opening.md,,,verified-architecture,Derived from current comic-size provisional volume proof; final pagination and art selection remain open.
odyssey-volume-proof,78,verse,Odyssey,6,6.1-331,text/odyssey/book-06-opening.md,,,verified-architecture,Derived from current comic-size provisional volume proof; final pagination and art selection remain open.
odyssey-volume-proof,79,verse,Odyssey,6,6.1-331,text/odyssey/book-06-opening.md,,,verified-architecture,Derived from current comic-size provisional volume proof; final pagination and art selection remain open.
odyssey-volume-proof,80,book-opener,Odyssey,7,7.1-347,text/odyssey/book-07-opening.md,,,verified-architecture,Derived from current comic-size provisional volume proof; final pagination and art selection remain open.
odyssey-volume-proof,81,verse,Odyssey,7,7.1-347,text/odyssey/book-07-opening.md,,,verified-architecture,Derived from current comic-size provisional volume proof; final pagination and art selection remain open.
odyssey-volume-proof,82,verse,Odyssey,7,7.1-347,text/odyssey/book-07-opening.md,,,verified-architecture,Derived from current comic-size provisional volume proof; final pagination and art selection remain open.
odyssey-volume-proof,83,verse,Odyssey,7,7.1-347,text/odyssey/book-07-opening.md,,,verified-architecture,Derived from current comic-size provisional volume proof; final pagination and art selection remain open.
odyssey-volume-proof,84,verse,Odyssey,7,7.1-347,text/odyssey/book-07-opening.md,,,verified-architecture,Derived from current comic-size provisional volume proof; final pagination and art selection remain open.
odyssey-volume-proof,85,verse,Odyssey,7,7.1-347,text/odyssey/book-07-opening.md,,,verified-architecture,Derived from current comic-size provisional volume proof; final pagination and art selection remain open.
odyssey-volume-proof,86,verse,Odyssey,7,7.1-347,text/odyssey/book-07-opening.md,,,verified-architecture,Derived from current comic-size provisional volume proof; final pagination and art selection remain open.
odyssey-volume-proof,87,book-opener,Odyssey,8,8.1-586,text/odyssey/book-08-opening.md,,,verified-architecture,Derived from current comic-size provisional volume proof; final pagination and art selection remain open.
odyssey-volume-proof,88,verse,Odyssey,8,8.1-586,text/odyssey/book-08-opening.md,,,verified-architecture,Derived from current comic-size provisional volume proof; final pagination and art selection remain open.
odyssey-volume-proof,89,verse,Odyssey,8,8.1-586,text/odyssey/book-08-opening.md,,,verified-architecture,Derived from current comic-size provisional volume proof; final pagination and art selection remain open.
odyssey-volume-proof,90,verse,Odyssey,8,8.1-586,text/odyssey/book-08-opening.md,,,verified-architecture,Derived from current comic-size provisional volume proof; final pagination and art selection remain open.
odyssey-volume-proof,91,verse,Odyssey,8,8.1-586,text/odyssey/book-08-opening.md,,,verified-architecture,Derived from current comic-size provisional volume proof; final pagination and art selection remain open.
odyssey-volume-proof,92,verse,Odyssey,8,8.1-586,text/odyssey/book-08-opening.md,,,verified-architecture,Derived from current comic-size provisional volume proof; final pagination and art selection remain open.
odyssey-volume-proof,93,verse,Odyssey,8,8.1-586,text/odyssey/book-08-opening.md,,,verified-architecture,Derived from current comic-size provisional volume proof; final pagination and art selection remain open.
odyssey-volume-proof,94,verse,Odyssey,8,8.1-586,text/odyssey/book-08-opening.md,,,verified-architecture,Derived from current comic-size provisional volume proof; final pagination and art selection remain open.
odyssey-volume-proof,95,verse,Odyssey,8,8.1-586,text/odyssey/book-08-opening.md,,,verified-architecture,Derived from current comic-size provisional volume proof; final pagination and art selection remain open.
odyssey-volume-proof,96,verse,Odyssey,8,8.1-586,text/odyssey/book-08-opening.md,,,verified-architecture,Derived from current comic-size provisional volume proof; final pagination and art selection remain open.
odyssey-volume-proof,97,verse,Odyssey,8,8.1-586,text/odyssey/book-08-opening.md,,,verified-architecture,Derived from current comic-size provisional volume proof; final pagination and art selection remain open.
odyssey-volume-proof,98,verse,Odyssey,8,8.1-586,text/odyssey/book-08-opening.md,,,verified-architecture,Derived from current comic-size provisional volume proof; final pagination and art selection remain open.
odyssey-volume-proof,99,book-opener,Odyssey,9,9.1-566,text/odyssey/book-09-opening.md,,,verified-architecture,Derived from current comic-size provisional volume proof; final pagination and art selection remain open.
odyssey-volume-proof,100,verse,Odyssey,9,9.1-566,text/odyssey/book-09-opening.md,,,verified-architecture,Derived from current comic-size provisional volume proof; final pagination and art selection remain open.
odyssey-volume-proof,101,verse,Odyssey,9,9.1-566,text/odyssey/book-09-opening.md,,,verified-architecture,Derived from current comic-size provisional volume proof; final pagination and art selection remain open.
odyssey-volume-proof,102,verse,Odyssey,9,9.1-566,text/odyssey/book-09-opening.md,,,verified-architecture,Derived from current comic-size provisional volume proof; final pagination and art selection remain open.
odyssey-volume-proof,103,verse,Odyssey,9,9.1-566,text/odyssey/book-09-opening.md,,,verified-architecture,Derived from current comic-size provisional volume proof; final pagination and art selection remain open.
odyssey-volume-proof,104,verse,Odyssey,9,9.1-566,text/odyssey/book-09-opening.md,,,verified-architecture,Derived from current comic-size provisional volume proof; final pagination and art selection remain open.
odyssey-volume-proof,105,verse,Odyssey,9,9.1-566,text/odyssey/book-09-opening.md,,,verified-architecture,Derived from current comic-size provisional volume proof; final pagination and art selection remain open.
odyssey-volume-proof,106,verse,Odyssey,9,9.1-566,text/odyssey/book-09-opening.md,,,verified-architecture,Derived from current comic-size provisional volume proof; final pagination and art selection remain open.
odyssey-volume-proof,107,verse,Odyssey,9,9.1-566,text/odyssey/book-09-opening.md,,,verified-architecture,Derived from current comic-size provisional volume proof; final pagination and art selection remain open.
odyssey-volume-proof,108,verse,Odyssey,9,9.1-566,text/odyssey/book-09-opening.md,,,verified-architecture,Derived from current comic-size provisional volume proof; final pagination and art selection remain open.
odyssey-volume-proof,109,verse,Odyssey,9,9.1-566,text/odyssey/book-09-opening.md,,,verified-architecture,Derived from current comic-size provisional volume proof; final pagination and art selection remain open.
odyssey-volume-proof,110,plate,Odyssey,9,9.1-9.566,,assets/processed/odyssey/book-09-polyphemus-escape-placement.png,odyssey-book-09-polyphemus-escape-concept,verified-architecture,Derived from current comic-size provisional volume proof; final pagination and art selection remain open.
odyssey-volume-proof,111,verse,Odyssey,9,9.1-566,text/odyssey/book-09-opening.md,,,verified-architecture,Derived from current comic-size provisional volume proof; final pagination and art selection remain open.
odyssey-volume-proof,112,book-opener,Odyssey,10,10.1-574,text/odyssey/book-10-opening.md,,,verified-architecture,Derived from current comic-size provisional volume proof; final pagination and art selection remain open.
odyssey-volume-proof,113,verse,Odyssey,10,10.1-574,text/odyssey/book-10-opening.md,,,verified-architecture,Derived from current comic-size provisional volume proof; final pagination and art selection remain open.
odyssey-volume-proof,114,verse,Odyssey,10,10.1-574,text/odyssey/book-10-opening.md,,,verified-architecture,Derived from current comic-size provisional volume proof; final pagination and art selection remain open.
odyssey-volume-proof,115,verse,Odyssey,10,10.1-574,text/odyssey/book-10-opening.md,,,verified-architecture,Derived from current comic-size provisional volume proof; final pagination and art selection remain open.
odyssey-volume-proof,116,verse,Odyssey,10,10.1-574,text/odyssey/book-10-opening.md,,,verified-architecture,Derived from current comic-size provisional volume proof; final pagination and art selection remain open.
odyssey-volume-proof,117,verse,Odyssey,10,10.1-574,text/odyssey/book-10-opening.md,,,verified-architecture,Derived from current comic-size provisional volume proof; final pagination and art selection remain open.
odyssey-volume-proof,118,verse,Odyssey,10,10.1-574,text/odyssey/book-10-opening.md,,,verified-architecture,Derived from current comic-size provisional volume proof; final pagination and art selection remain open.
odyssey-volume-proof,119,verse,Odyssey,10,10.1-574,text/odyssey/book-10-opening.md,,,verified-architecture,Derived from current comic-size provisional volume proof; final pagination and art selection remain open.
odyssey-volume-proof,120,verse,Odyssey,10,10.1-574,text/odyssey/book-10-opening.md,,,verified-architecture,Derived from current comic-size provisional volume proof; final pagination and art selection remain open.
odyssey-volume-proof,121,verse,Odyssey,10,10.1-574,text/odyssey/book-10-opening.md,,,verified-architecture,Derived from current comic-size provisional volume proof; final pagination and art selection remain open.
odyssey-volume-proof,122,book-opener,Odyssey,11,11.1-640,text/odyssey/book-11-opening.md,,,verified-architecture,Derived from current comic-size provisional volume proof; final pagination and art selection remain open.
odyssey-volume-proof,123,verse,Odyssey,11,11.1-640,text/odyssey/book-11-opening.md,,,verified-architecture,Derived from current comic-size provisional volume proof; final pagination and art selection remain open.
odyssey-volume-proof,124,verse,Odyssey,11,11.1-640,text/odyssey/book-11-opening.md,,,verified-architecture,Derived from current comic-size provisional volume proof; final pagination and art selection remain open.
odyssey-volume-proof,125,verse,Odyssey,11,11.1-640,text/odyssey/book-11-opening.md,,,verified-architecture,Derived from current comic-size provisional volume proof; final pagination and art selection remain open.
odyssey-volume-proof,126,verse,Odyssey,11,11.1-640,text/odyssey/book-11-opening.md,,,verified-architecture,Derived from current comic-size provisional volume proof; final pagination and art selection remain open.
odyssey-volume-proof,127,verse,Odyssey,11,11.1-640,text/odyssey/book-11-opening.md,,,verified-architecture,Derived from current comic-size provisional volume proof; final pagination and art selection remain open.
odyssey-volume-proof,128,verse,Odyssey,11,11.1-640,text/odyssey/book-11-opening.md,,,verified-architecture,Derived from current comic-size provisional volume proof; final pagination and art selection remain open.
odyssey-volume-proof,129,verse,Odyssey,11,11.1-640,text/odyssey/book-11-opening.md,,,verified-architecture,Derived from current comic-size provisional volume proof; final pagination and art selection remain open.
odyssey-volume-proof,130,verse,Odyssey,11,11.1-640,text/odyssey/book-11-opening.md,,,verified-architecture,Derived from current comic-size provisional volume proof; final pagination and art selection remain open.
odyssey-volume-proof,131,verse,Odyssey,11,11.1-640,text/odyssey/book-11-opening.md,,,verified-architecture,Derived from current comic-size provisional volume proof; final pagination and art selection remain open.
odyssey-volume-proof,132,verse,Odyssey,11,11.1-640,text/odyssey/book-11-opening.md,,,verified-architecture,Derived from current comic-size provisional volume proof; final pagination and art selection remain open.
odyssey-volume-proof,133,verse,Odyssey,11,11.1-640,text/odyssey/book-11-opening.md,,,verified-architecture,Derived from current comic-size provisional volume proof; final pagination and art selection remain open.
odyssey-volume-proof,134,verse,Odyssey,11,11.1-640,text/odyssey/book-11-opening.md,,,verified-architecture,Derived from current comic-size provisional volume proof; final pagination and art selection remain open.
odyssey-volume-proof,135,book-opener,Odyssey,12,12.1-453,text/odyssey/book-12-opening.md,,,verified-architecture,Derived from current comic-size provisional volume proof; final pagination and art selection remain open.
odyssey-volume-proof,136,verse,Odyssey,12,12.1-453,text/odyssey/book-12-opening.md,,,verified-architecture,Derived from current comic-size provisional volume proof; final pagination and art selection remain open.
odyssey-volume-proof,137,verse,Odyssey,12,12.1-453,text/odyssey/book-12-opening.md,,,verified-architecture,Derived from current comic-size provisional volume proof; final pagination and art selection remain open.
odyssey-volume-proof,138,verse,Odyssey,12,12.1-453,text/odyssey/book-12-opening.md,,,verified-architecture,Derived from current comic-size provisional volume proof; final pagination and art selection remain open.
odyssey-volume-proof,139,verse,Odyssey,12,12.1-453,text/odyssey/book-12-opening.md,,,verified-architecture,Derived from current comic-size provisional volume proof; final pagination and art selection remain open.
odyssey-volume-proof,140,verse,Odyssey,12,12.1-453,text/odyssey/book-12-opening.md,,,verified-architecture,Derived from current comic-size provisional volume proof; final pagination and art selection remain open.
odyssey-volume-proof,141,verse,Odyssey,12,12.1-453,text/odyssey/book-12-opening.md,,,verified-architecture,Derived from current comic-size provisional volume proof; final pagination and art selection remain open.
odyssey-volume-proof,142,verse,Odyssey,12,12.1-453,text/odyssey/book-12-opening.md,,,verified-architecture,Derived from current comic-size provisional volume proof; final pagination and art selection remain open.
odyssey-volume-proof,143,verse,Odyssey,12,12.1-453,text/odyssey/book-12-opening.md,,,verified-architecture,Derived from current comic-size provisional volume proof; final pagination and art selection remain open.
odyssey-volume-proof,144,book-opener,Odyssey,13,13.1-440,text/odyssey/book-13-opening.md,,,verified-architecture,Derived from current comic-size provisional volume proof; final pagination and art selection remain open.
odyssey-volume-proof,145,verse,Odyssey,13,13.1-440,text/odyssey/book-13-opening.md,,,verified-architecture,Derived from current comic-size provisional volume proof; final pagination and art selection remain open.
odyssey-volume-proof,146,verse,Odyssey,13,13.1-440,text/odyssey/book-13-opening.md,,,verified-architecture,Derived from current comic-size provisional volume proof; final pagination and art selection remain open.
odyssey-volume-proof,147,verse,Odyssey,13,13.1-440,text/odyssey/book-13-opening.md,,,verified-architecture,Derived from current comic-size provisional volume proof; final pagination and art selection remain open.
odyssey-volume-proof,148,verse,Odyssey,13,13.1-440,text/odyssey/book-13-opening.md,,,verified-architecture,Derived from current comic-size provisional volume proof; final pagination and art selection remain open.
odyssey-volume-proof,149,verse,Odyssey,13,13.1-440,text/odyssey/book-13-opening.md,,,verified-architecture,Derived from current comic-size provisional volume proof; final pagination and art selection remain open.
odyssey-volume-proof,150,verse,Odyssey,13,13.1-440,text/odyssey/book-13-opening.md,,,verified-architecture,Derived from current comic-size provisional volume proof; final pagination and art selection remain open.
odyssey-volume-proof,151,plate,Odyssey,13,13.1-13.440,,assets/generated/odyssey/book-13-return-v1.png,odyssey-book-13-return-concept,verified-architecture,Derived from current comic-size provisional volume proof; final pagination and art selection remain open.
odyssey-volume-proof,152,verse,Odyssey,13,13.1-440,text/odyssey/book-13-opening.md,,,verified-architecture,Derived from current comic-size provisional volume proof; final pagination and art selection remain open.
odyssey-volume-proof,153,verse,Odyssey,13,13.1-440,text/odyssey/book-13-opening.md,,,verified-architecture,Derived from current comic-size provisional volume proof; final pagination and art selection remain open.
odyssey-volume-proof,154,book-opener,Odyssey,14,14.1-533,text/odyssey/book-14-opening.md,,,verified-architecture,Derived from current comic-size provisional volume proof; final pagination and art selection remain open.
odyssey-volume-proof,155,verse,Odyssey,14,14.1-533,text/odyssey/book-14-opening.md,,,verified-architecture,Derived from current comic-size provisional volume proof; final pagination and art selection remain open.
odyssey-volume-proof,156,verse,Odyssey,14,14.1-533,text/odyssey/book-14-opening.md,,,verified-architecture,Derived from current comic-size provisional volume proof; final pagination and art selection remain open.
odyssey-volume-proof,157,verse,Odyssey,14,14.1-533,text/odyssey/book-14-opening.md,,,verified-architecture,Derived from current comic-size provisional volume proof; final pagination and art selection remain open.
odyssey-volume-proof,158,verse,Odyssey,14,14.1-533,text/odyssey/book-14-opening.md,,,verified-architecture,Derived from current comic-size provisional volume proof; final pagination and art selection remain open.
odyssey-volume-proof,159,verse,Odyssey,14,14.1-533,text/odyssey/book-14-opening.md,,,verified-architecture,Derived from current comic-size provisional volume proof; final pagination and art selection remain open.
odyssey-volume-proof,160,verse,Odyssey,14,14.1-533,text/odyssey/book-14-opening.md,,,verified-architecture,Derived from current comic-size provisional volume proof; final pagination and art selection remain open.
odyssey-volume-proof,161,verse,Odyssey,14,14.1-533,text/odyssey/book-14-opening.md,,,verified-architecture,Derived from current comic-size provisional volume proof; final pagination and art selection remain open.
odyssey-volume-proof,162,verse,Odyssey,14,14.1-533,text/odyssey/book-14-opening.md,,,verified-architecture,Derived from current comic-size provisional volume proof; final pagination and art selection remain open.
odyssey-volume-proof,163,verse,Odyssey,14,14.1-533,text/odyssey/book-14-opening.md,,,verified-architecture,Derived from current comic-size provisional volume proof; final pagination and art selection remain open.
odyssey-volume-proof,164,verse,Odyssey,14,14.1-533,text/odyssey/book-14-opening.md,,,verified-architecture,Derived from current comic-size provisional volume proof; final pagination and art selection remain open.
odyssey-volume-proof,165,book-opener,Odyssey,15,15.1-557,text/odyssey/book-15-opening.md,,,verified-architecture,Derived from current comic-size provisional volume proof; final pagination and art selection remain open.
odyssey-volume-proof,166,verse,Odyssey,15,15.1-557,text/odyssey/book-15-opening.md,,,verified-architecture,Derived from current comic-size provisional volume proof; final pagination and art selection remain open.
odyssey-volume-proof,167,verse,Odyssey,15,15.1-557,text/odyssey/book-15-opening.md,,,verified-architecture,Derived from current comic-size provisional volume proof; final pagination and art selection remain open.
odyssey-volume-proof,168,verse,Odyssey,15,15.1-557,text/odyssey/book-15-opening.md,,,verified-architecture,Derived from current comic-size provisional volume proof; final pagination and art selection remain open.
odyssey-volume-proof,169,verse,Odyssey,15,15.1-557,text/odyssey/book-15-opening.md,,,verified-architecture,Derived from current comic-size provisional volume proof; final pagination and art selection remain open.
odyssey-volume-proof,170,verse,Odyssey,15,15.1-557,text/odyssey/book-15-opening.md,,,verified-architecture,Derived from current comic-size provisional volume proof; final pagination and art selection remain open.
odyssey-volume-proof,171,verse,Odyssey,15,15.1-557,text/odyssey/book-15-opening.md,,,verified-architecture,Derived from current comic-size provisional volume proof; final pagination and art selection remain open.
odyssey-volume-proof,172,verse,Odyssey,15,15.1-557,text/odyssey/book-15-opening.md,,,verified-architecture,Derived from current comic-size provisional volume proof; final pagination and art selection remain open.
odyssey-volume-proof,173,verse,Odyssey,15,15.1-557,text/odyssey/book-15-opening.md,,,verified-architecture,Derived from current comic-size provisional volume proof; final pagination and art selection remain open.
odyssey-volume-proof,174,verse,Odyssey,15,15.1-557,text/odyssey/book-15-opening.md,,,verified-architecture,Derived from current comic-size provisional volume proof; final pagination and art selection remain open.
odyssey-volume-proof,175,book-opener,Odyssey,16,16.1-481,text/odyssey/book-16-opening.md,,,verified-architecture,Derived from current comic-size provisional volume proof; final pagination and art selection remain open.
odyssey-volume-proof,176,verse,Odyssey,16,16.1-481,text/odyssey/book-16-opening.md,,,verified-architecture,Derived from current comic-size provisional volume proof; final pagination and art selection remain open.
odyssey-volume-proof,177,verse,Odyssey,16,16.1-481,text/odyssey/book-16-opening.md,,,verified-architecture,Derived from current comic-size provisional volume proof; final pagination and art selection remain open.
odyssey-volume-proof,178,verse,Odyssey,16,16.1-481,text/odyssey/book-16-opening.md,,,verified-architecture,Derived from current comic-size provisional volume proof; final pagination and art selection remain open.
odyssey-volume-proof,179,verse,Odyssey,16,16.1-481,text/odyssey/book-16-opening.md,,,verified-architecture,Derived from current comic-size provisional volume proof; final pagination and art selection remain open.
odyssey-volume-proof,180,verse,Odyssey,16,16.1-481,text/odyssey/book-16-opening.md,,,verified-architecture,Derived from current comic-size provisional volume proof; final pagination and art selection remain open.
odyssey-volume-proof,181,verse,Odyssey,16,16.1-481,text/odyssey/book-16-opening.md,,,verified-architecture,Derived from current comic-size provisional volume proof; final pagination and art selection remain open.
odyssey-volume-proof,182,verse,Odyssey,16,16.1-481,text/odyssey/book-16-opening.md,,,verified-architecture,Derived from current comic-size provisional volume proof; final pagination and art selection remain open.
odyssey-volume-proof,183,plate,Odyssey,16,16.1-16.481,,assets/generated/odyssey/book-16-father-son-v1.png,odyssey-book-16-father-son-concept,verified-architecture,Derived from current comic-size provisional volume proof; final pagination and art selection remain open.
odyssey-volume-proof,184,verse,Odyssey,16,16.1-481,text/odyssey/book-16-opening.md,,,verified-architecture,Derived from current comic-size provisional volume proof; final pagination and art selection remain open.
odyssey-volume-proof,185,verse,Odyssey,16,16.1-481,text/odyssey/book-16-opening.md,,,verified-architecture,Derived from current comic-size provisional volume proof; final pagination and art selection remain open.
odyssey-volume-proof,186,book-opener,Odyssey,17,17.1-606,text/odyssey/book-17-opening.md,,,verified-architecture,Derived from current comic-size provisional volume proof; final pagination and art selection remain open.
odyssey-volume-proof,187,verse,Odyssey,17,17.1-606,text/odyssey/book-17-opening.md,,,verified-architecture,Derived from current comic-size provisional volume proof; final pagination and art selection remain open.
odyssey-volume-proof,188,verse,Odyssey,17,17.1-606,text/odyssey/book-17-opening.md,,,verified-architecture,Derived from current comic-size provisional volume proof; final pagination and art selection remain open.
odyssey-volume-proof,189,verse,Odyssey,17,17.1-606,text/odyssey/book-17-opening.md,,,verified-architecture,Derived from current comic-size provisional volume proof; final pagination and art selection remain open.
odyssey-volume-proof,190,verse,Odyssey,17,17.1-606,text/odyssey/book-17-opening.md,,,verified-architecture,Derived from current comic-size provisional volume proof; final pagination and art selection remain open.
odyssey-volume-proof,191,verse,Odyssey,17,17.1-606,text/odyssey/book-17-opening.md,,,verified-architecture,Derived from current comic-size provisional volume proof; final pagination and art selection remain open.
odyssey-volume-proof,192,verse,Odyssey,17,17.1-606,text/odyssey/book-17-opening.md,,,verified-architecture,Derived from current comic-size provisional volume proof; final pagination and art selection remain open.
odyssey-volume-proof,193,verse,Odyssey,17,17.1-606,text/odyssey/book-17-opening.md,,,verified-architecture,Derived from current comic-size provisional volume proof; final pagination and art selection remain open.
odyssey-volume-proof,194,book-opener,Odyssey,18,18.1-428,text/odyssey/book-18-opening.md,,,verified-architecture,Derived from current comic-size provisional volume proof; final pagination and art selection remain open.
odyssey-volume-proof,195,verse,Odyssey,18,18.1-428,text/odyssey/book-18-opening.md,,,verified-architecture,Derived from current comic-size provisional volume proof; final pagination and art selection remain open.
odyssey-volume-proof,196,verse,Odyssey,18,18.1-428,text/odyssey/book-18-opening.md,,,verified-architecture,Derived from current comic-size provisional volume proof; final pagination and art selection remain open.
odyssey-volume-proof,197,verse,Odyssey,18,18.1-428,text/odyssey/book-18-opening.md,,,verified-architecture,Derived from current comic-size provisional volume proof; final pagination and art selection remain open.
odyssey-volume-proof,198,verse,Odyssey,18,18.1-428,text/odyssey/book-18-opening.md,,,verified-architecture,Derived from current comic-size provisional volume proof; final pagination and art selection remain open.
odyssey-volume-proof,199,verse,Odyssey,18,18.1-428,text/odyssey/book-18-opening.md,,,verified-architecture,Derived from current comic-size provisional volume proof; final pagination and art selection remain open.
odyssey-volume-proof,200,verse,Odyssey,18,18.1-428,text/odyssey/book-18-opening.md,,,verified-architecture,Derived from current comic-size provisional volume proof; final pagination and art selection remain open.
odyssey-volume-proof,201,book-opener,Odyssey,19,19.1-604,text/odyssey/book-19-opening.md,,,verified-architecture,Derived from current comic-size provisional volume proof; final pagination and art selection remain open.
odyssey-volume-proof,202,verse,Odyssey,19,19.1-604,text/odyssey/book-19-opening.md,,,verified-architecture,Derived from current comic-size provisional volume proof; final pagination and art selection remain open.
odyssey-volume-proof,203,verse,Odyssey,19,19.1-604,text/odyssey/book-19-opening.md,,,verified-architecture,Derived from current comic-size provisional volume proof; final pagination and art selection remain open.
odyssey-volume-proof,204,verse,Odyssey,19,19.1-604,text/odyssey/book-19-opening.md,,,verified-architecture,Derived from current comic-size provisional volume proof; final pagination and art selection remain open.
odyssey-volume-proof,205,verse,Odyssey,19,19.1-604,text/odyssey/book-19-opening.md,,,verified-architecture,Derived from current comic-size provisional volume proof; final pagination and art selection remain open.
odyssey-volume-proof,206,verse,Odyssey,19,19.1-604,text/odyssey/book-19-opening.md,,,verified-architecture,Derived from current comic-size provisional volume proof; final pagination and art selection remain open.
odyssey-volume-proof,207,verse,Odyssey,19,19.1-604,text/odyssey/book-19-opening.md,,,verified-architecture,Derived from current comic-size provisional volume proof; final pagination and art selection remain open.
odyssey-volume-proof,208,verse,Odyssey,19,19.1-604,text/odyssey/book-19-opening.md,,,verified-architecture,Derived from current comic-size provisional volume proof; final pagination and art selection remain open.
odyssey-volume-proof,209,verse,Odyssey,19,19.1-604,text/odyssey/book-19-opening.md,,,verified-architecture,Derived from current comic-size provisional volume proof; final pagination and art selection remain open.
odyssey-volume-proof,210,book-opener,Odyssey,20,20.1-394,text/odyssey/book-20-opening.md,,,verified-architecture,Derived from current comic-size provisional volume proof; final pagination and art selection remain open.
odyssey-volume-proof,211,verse,Odyssey,20,20.1-394,text/odyssey/book-20-opening.md,,,verified-architecture,Derived from current comic-size provisional volume proof; final pagination and art selection remain open.
odyssey-volume-proof,212,verse,Odyssey,20,20.1-394,text/odyssey/book-20-opening.md,,,verified-architecture,Derived from current comic-size provisional volume proof; final pagination and art selection remain open.
odyssey-volume-proof,213,verse,Odyssey,20,20.1-394,text/odyssey/book-20-opening.md,,,verified-architecture,Derived from current comic-size provisional volume proof; final pagination and art selection remain open.
odyssey-volume-proof,214,verse,Odyssey,20,20.1-394,text/odyssey/book-20-opening.md,,,verified-architecture,Derived from current comic-size provisional volume proof; final pagination and art selection remain open.
odyssey-volume-proof,215,verse,Odyssey,20,20.1-394,text/odyssey/book-20-opening.md,,,verified-architecture,Derived from current comic-size provisional volume proof; final pagination and art selection remain open.
odyssey-volume-proof,216,book-opener,Odyssey,21,21.1-434,text/odyssey/book-21-opening.md,,,verified-architecture,Derived from current comic-size provisional volume proof; final pagination and art selection remain open.
odyssey-volume-proof,217,verse,Odyssey,21,21.1-434,text/odyssey/book-21-opening.md,,,verified-architecture,Derived from current comic-size provisional volume proof; final pagination and art selection remain open.
odyssey-volume-proof,218,verse,Odyssey,21,21.1-434,text/odyssey/book-21-opening.md,,,verified-architecture,Derived from current comic-size provisional volume proof; final pagination and art selection remain open.
odyssey-volume-proof,219,verse,Odyssey,21,21.1-434,text/odyssey/book-21-opening.md,,,verified-architecture,Derived from current comic-size provisional volume proof; final pagination and art selection remain open.
odyssey-volume-proof,220,book-opener,Odyssey,22,22.1-501,text/odyssey/book-22-opening.md,,,verified-architecture,Derived from current comic-size provisional volume proof; final pagination and art selection remain open.
odyssey-volume-proof,221,verse,Odyssey,22,22.1-501,text/odyssey/book-22-opening.md,,,verified-architecture,Derived from current comic-size provisional volume proof; final pagination and art selection remain open.
odyssey-volume-proof,222,verse,Odyssey,22,22.1-501,text/odyssey/book-22-opening.md,,,verified-architecture,Derived from current comic-size provisional volume proof; final pagination and art selection remain open.
odyssey-volume-proof,223,verse,Odyssey,22,22.1-501,text/odyssey/book-22-opening.md,,,verified-architecture,Derived from current comic-size provisional volume proof; final pagination and art selection remain open.
odyssey-volume-proof,224,verse,Odyssey,22,22.1-501,text/odyssey/book-22-opening.md,,,verified-architecture,Derived from current comic-size provisional volume proof; final pagination and art selection remain open.
odyssey-volume-proof,225,plate,Odyssey,22,22.1-22.501,,assets/generated/odyssey/book-22-hall-v1.png,odyssey-book-22-hall-concept,verified-architecture,Derived from current comic-size provisional volume proof; final pagination and art selection remain open.
odyssey-volume-proof,226,verse,Odyssey,22,22.1-501,text/odyssey/book-22-opening.md,,,verified-architecture,Derived from current comic-size provisional volume proof; final pagination and art selection remain open.
odyssey-volume-proof,227,book-opener,Odyssey,23,23.1-372,text/odyssey/book-23-opening.md,,,verified-architecture,Derived from current comic-size provisional volume proof; final pagination and art selection remain open.
odyssey-volume-proof,228,verse,Odyssey,23,23.1-372,text/odyssey/book-23-opening.md,,,verified-architecture,Derived from current comic-size provisional volume proof; final pagination and art selection remain open.
odyssey-volume-proof,229,verse,Odyssey,23,23.1-372,text/odyssey/book-23-opening.md,,,verified-architecture,Derived from current comic-size provisional volume proof; final pagination and art selection remain open.
odyssey-volume-proof,230,verse,Odyssey,23,23.1-372,text/odyssey/book-23-opening.md,,,verified-architecture,Derived from current comic-size provisional volume proof; final pagination and art selection remain open.
odyssey-volume-proof,231,plate,Odyssey,23,23.1-23.372,,assets/generated/odyssey/book-23-penelope-bed-v1.png,odyssey-book-23-penelope-bed-concept,verified-architecture,Derived from current comic-size provisional volume proof; final pagination and art selection remain open.
odyssey-volume-proof,232,verse,Odyssey,23,23.1-372,text/odyssey/book-23-opening.md,,,verified-architecture,Derived from current comic-size provisional volume proof; final pagination and art selection remain open.
odyssey-volume-proof,233,verse,Odyssey,23,23.1-372,text/odyssey/book-23-opening.md,,,verified-architecture,Derived from current comic-size provisional volume proof; final pagination and art selection remain open.
odyssey-volume-proof,234,book-opener,Odyssey,24,24.1-548,text/odyssey/book-24-opening.md,,,verified-architecture,Derived from current comic-size provisional volume proof; final pagination and art selection remain open.
odyssey-volume-proof,235,verse,Odyssey,24,24.1-548,text/odyssey/book-24-opening.md,,,verified-architecture,Derived from current comic-size provisional volume proof; final pagination and art selection remain open.
odyssey-volume-proof,236,verse,Odyssey,24,24.1-548,text/odyssey/book-24-opening.md,,,verified-architecture,Derived from current comic-size provisional volume proof; final pagination and art selection remain open.
odyssey-volume-proof,237,verse,Odyssey,24,24.1-548,text/odyssey/book-24-opening.md,,,verified-architecture,Derived from current comic-size provisional volume proof; final pagination and art selection remain open.
odyssey-volume-proof,238,verse,Odyssey,24,24.1-548,text/odyssey/book-24-opening.md,,,verified-architecture,Derived from current comic-size provisional volume proof; final pagination and art selection remain open.
odyssey-volume-proof,239,verse,Odyssey,24,24.1-548,text/odyssey/book-24-opening.md,,,verified-architecture,Derived from current comic-size provisional volume proof; final pagination and art selection remain open.
