volume,book,english_line,estimated_words,estimated_syllables,text,review_status
iliad,1,1,9,13,"Sing, goddess, of the wrath of Peleus' son Achilles,",unreviewed
iliad,1,5,9,13,making their bodies prey for dogs and every bird—,unreviewed
iliad,1,20,11,13,"The priest came then to the shore, and prayed to Apollo,",unreviewed
iliad,1,21,11,13,"the lord who bears the silver bow, and called upon him:",unreviewed
iliad,1,23,9,15,"and holy Cilla, and who rule Tenedos in power;",unreviewed
iliad,1,28,8,13,and Phoebus Apollo heard him. Down from Olympus,unreviewed
iliad,1,30,9,14,and covered quiver. The arrows rang upon his shoulder,unreviewed
iliad,1,35,3,4,burned without rest.,unreviewed
iliad,1,37,9,14,"On the tenth, Achilles called the people to assembly.",unreviewed
iliad,1,38,11,13,"Hera of the white arms had put the thought within him,",unreviewed
iliad,1,41,10,13,"“Son of Atreus, soon we shall be driven back again,",unreviewed
iliad,1,42,9,15,"wandering among the waves, if any man remains alive.",unreviewed
iliad,1,43,10,13,"Come, let us ask a seer, or priest, or interpreter",unreviewed
iliad,1,45,10,14,"why Phoebus is so bitter, whether he blames our vows",unreviewed
iliad,1,46,9,13,"or hecatombs, and whether he might meet us again",unreviewed
iliad,1,50,14,15,"the best of augurs, who knew what is, what was, and what will be,",unreviewed
iliad,1,55,10,13,"the wrath of Apollo, lord of the far-shooting bow.",unreviewed
iliad,1,56,4,4,I will speak it;,unreviewed
iliad,1,57,11,13,"but swear to stand beside me, and be ready in word",unreviewed
iliad,1,58,7,7,and hand. For I think that man,unreviewed
iliad,1,59,10,13,"will soon be angered against me, the one who rules",unreviewed
iliad,1,60,9,13,"the Argives, and whose word the army must obey.",unreviewed
iliad,1,62,12,16,is a king when angered against a lesser man. If he hides,unreviewed
iliad,1,63,11,13,"his anger for a day, it grows and waits for payment.”",unreviewed
iliad,1,65,11,13,"while I draw breath and look upon the light of day,",unreviewed
iliad,1,69,8,13,"“No vow, no hecatomb, no offering is lacking.",unreviewed
iliad,1,75,6,7,rose and spoke to Calchas first:,unreviewed
iliad,1,76,10,14,"“Prophet of evil, never have you spoken good to me.",unreviewed
iliad,1,77,9,13,You love to prophesy what brings the army sorrow;,unreviewed
iliad,1,78,12,14,you have never spoken a good word or brought it to pass.,unreviewed
iliad,1,79,11,15,And now among the Danaans you declare that the far-shooter,unreviewed
iliad,1,80,11,15,deals them pain because I would not accept the shining ransom,unreviewed
iliad,1,81,11,14,"for Chryseis, because I desired to keep her in my house.",unreviewed
iliad,1,82,9,15,"I prefer her even to Clytemnestra, my wedded wife;",unreviewed
iliad,1,83,10,14,"she is not less than Clytemnestra in form, in stature,",unreviewed
iliad,1,84,15,15,"in mind, or in the work of her hands. Still, I will give her back,",unreviewed
iliad,1,85,15,18,if that is better. I would rather keep my people safe than see them die.,unreviewed
iliad,1,86,13,17,"But make ready another prize for me at once, so that I alone",unreviewed
iliad,1,87,12,17,among the Argives do not go without my honor—you all see,unreviewed
iliad,1,89,10,14,"Achilles, swift of foot, looked at him darkly and answered:",unreviewed
iliad,1,90,11,14,"“Son of Atreus, most glorious and most greedy of all men,",unreviewed
iliad,1,92,10,14,We know of no common stores lying in abundance here:,unreviewed
iliad,1,93,10,13,"the spoils from the cities we took have been divided,",unreviewed
iliad,1,94,11,16,and it would not be fitting to gather the people together,unreviewed
iliad,1,96,12,13,"to the god now; and when we take Troy's well-built city,",unreviewed
iliad,1,97,13,15,"we shall pay you three and four times over, if Zeus grants it.”",unreviewed
iliad,1,99,11,14,"“Do not, godlike Achilles, though you are good, hide your thought",unreviewed
iliad,1,100,14,16,and try to deceive me; you will not slip past me or persuade me.,unreviewed
iliad,1,101,14,16,"Do you want to keep your own prize while I sit here without one,",unreviewed
iliad,1,102,13,17,and command me to give this girl away? If the great-hearted Achaeans,unreviewed
iliad,1,103,17,19,"give me a prize, making it fit my desire, so be it. But if they do not,",unreviewed
iliad,1,104,13,19,"I myself will take one—yours, Ajax's, or Odysseus's—and carry it away.",unreviewed
iliad,1,105,13,18,The man I visit will be angry; we shall settle that another time.,unreviewed
iliad,1,107,9,16,"gather rowers in proper number, put the hecatomb aboard,",unreviewed
iliad,1,108,11,14,and send fair-cheeked Chryseis. Let one of the counselors lead:,unreviewed
iliad,1,109,9,17,"Ajax, Idomeneus, godlike Odysseus—or you, son of Peleus,",unreviewed
iliad,1,110,12,16,most terrible of men—so that you may appease the far-shooter,unreviewed
iliad,1,113,12,17,"“Ah, clothed in shamelessness and bent on gain—who among the Achaeans",unreviewed
iliad,1,114,11,15,"will follow you freely, whether to march or fight in battle?",unreviewed
iliad,1,115,15,16,I did not come here to fight the spear-famed Trojans for my own sake:,unreviewed
iliad,1,116,14,18,they have never wronged me. They never drove off my cattle or my horses;,unreviewed
iliad,1,117,12,14,"they never in Phthia, rich in soil and men, destroyed my harvest—",unreviewed
iliad,1,118,10,14,there are shadowed mountains and the sounding sea between us.,unreviewed
iliad,1,119,12,18,"No: we followed you, great shameless one, to win honor for Menelaus",unreviewed
iliad,1,120,14,17,"and for you, dog-face, from the Trojans—though you neither notice nor care.",unreviewed
iliad,1,121,14,16,"And now you threaten to take from me the prize for which I labored,",unreviewed
iliad,1,122,16,20,which the sons of the Achaeans gave me. I never receive a prize equal to yours,unreviewed
iliad,1,123,9,15,when the Achaeans sack a well-inhabited Trojan city;,unreviewed
iliad,1,124,10,13,my hands bear the greater burden of the furious war.,unreviewed
iliad,1,125,10,14,"But when the division comes, your prize is far larger,",unreviewed
iliad,1,126,11,15,"while I carry a small but cherished portion to my ships,",unreviewed
iliad,1,127,12,15,after I have grown weary fighting. Now I will go to Phthia:,unreviewed
iliad,1,129,13,17,than to remain here dishonored and heap up wealth and treasure for you.”,unreviewed
iliad,1,130,17,18,"“Go, then, if your heart urges you; I do not beg you to stay for my sake.",unreviewed
iliad,1,131,12,15,"There are others here who will honor me, and Zeus above all,",unreviewed
iliad,1,132,12,18,the counselor. You are the most hateful of the kings he nourishes.,unreviewed
iliad,1,134,11,13,"If you are mighty, some god has given you that gift.",unreviewed
iliad,1,135,10,15,"Go home with your ships and companions, rule your Myrmidons;",unreviewed
iliad,1,136,14,15,"I care nothing for your wrath, nor do I count it as a threat.",unreviewed
iliad,1,137,12,17,"But this I tell you: as Phoebus Apollo takes Chryseis from me,",unreviewed
iliad,1,138,11,14,I will send her away in my ship with my companions;,unreviewed
iliad,1,139,13,15,"then I myself will go to your hut and take fair-cheeked Briseis,",unreviewed
iliad,1,140,14,15,"your prize, so that you may know how much stronger I am than you,",unreviewed
iliad,1,141,12,17,and that every other man may fear to call himself my equal.”,unreviewed
iliad,1,144,11,16,"and scatter the assembly, or to master his heart and endure.",unreviewed
iliad,1,145,11,14,"As he drew the great blade, Athena came down from heaven,",unreviewed
iliad,1,146,11,13,"sent by the white-armed goddess Hera, who loved both men.",unreviewed
iliad,1,147,12,16,"She stood behind him, visible to him alone, and caught his hair.",unreviewed
iliad,1,148,11,13,"Achilles turned and said: “Why have you come, child of Zeus?",unreviewed
iliad,1,149,10,15,To watch the insolence of Agamemnon? I tell you this:,unreviewed
iliad,1,153,12,15,"Speak against him as fiercely as you will, but do not strike.",unreviewed
iliad,1,154,9,13,"One day, for this dishonor, gifts three times over",unreviewed
iliad,1,156,8,13,"Achilles answered: “A man must obey you, goddess,",unreviewed
iliad,1,157,11,15,"though anger burns. It is better so. Whoever obeys the gods,",unreviewed
iliad,1,159,9,15,"into its sheath, and Athena rose again to Olympus.",unreviewed
iliad,1,163,11,14,never go with the best into an ambush or the line.,unreviewed
iliad,1,164,13,14,That would be death to you. It is easier to walk the camp,unreviewed
iliad,1,165,13,15,"and strip a man of his prize. You rule men who obey you,",unreviewed
iliad,1,166,11,14,because you are a king who feeds upon his own people.,unreviewed
iliad,1,167,10,14,"Otherwise, son of Atreus, this would be your last outrage.",unreviewed
iliad,1,168,13,15,"But I swear a great oath: by this staff, which will never again",unreviewed
iliad,1,169,12,13,"put forth leaf or branch, since bronze cut it from the mountain",unreviewed
iliad,1,170,12,14,"and stripped its bark, and now judges carry it in their hands,",unreviewed
iliad,1,172,10,13,so surely shall a day come when all the Achaeans,unreviewed
iliad,1,173,12,16,"will long for Achilles. Then, though you suffer, you cannot help them,",unreviewed
iliad,1,174,10,13,"when Hector, breaker of ranks, kills men beside their ships.",unreviewed
iliad,1,175,10,13,You will tear your heart for the champion you dishonored.”,unreviewed
iliad,1,176,11,13,He flung the gold-studded staff upon the ground and sat.,unreviewed
iliad,1,177,9,14,"Across from him Agamemnon still raged. But Nestor rose,",unreviewed
iliad,1,178,10,14,"the clear-speaking elder from Pylos, whose tongue flowed sweeter",unreviewed
iliad,1,179,11,17,"than honey. Two generations of mortal men had passed before him,",unreviewed
iliad,1,182,11,13,"The Trojans would rejoice, and Priam's sons, and all the rest,",unreviewed
iliad,1,183,12,14,if they could hear you. End this quarrel. You are both younger,unreviewed
iliad,1,184,11,13,"than I, and I have stood beside men greater than you.",unreviewed
iliad,1,185,10,13,"Yet they listened when I spoke, and followed my counsel.",unreviewed
iliad,1,186,9,13,"Listen now. You, Agamemnon, do not take the girl;",unreviewed
iliad,1,187,9,13,"let her remain. And you, Achilles, do not contend",unreviewed
iliad,1,189,14,18,"has honor equal to his. If you are the stronger, still he is greater",unreviewed
iliad,1,191,10,14,Achilles cut him off: “No coward would endure your words.,unreviewed
iliad,1,193,14,16,I do not think I shall obey you any longer. And mark this well:,unreviewed
iliad,1,195,13,15,"nor you, nor any other man, since you have taken her from me.",unreviewed
iliad,1,196,13,15,"But of all the other things I have beside my swift black ship,",unreviewed
iliad,1,197,11,13,"you shall carry off none against my will. Come—try it,",unreviewed
iliad,1,198,14,15,so that these men may see: your black blood will run around my spear.”,unreviewed
iliad,1,199,9,13,They broke the assembly. Achilles went to his ships,unreviewed
iliad,1,200,10,17,with Patroclus and his companions. Agamemnon hauled a swift ship,unreviewed
iliad,1,201,10,13,"down to the sea, chose twenty rowers, and put aboard",unreviewed
iliad,1,202,11,15,"the hecatomb for the god. He led fair-cheeked Chryseis aboard,",unreviewed
iliad,1,203,11,14,and set wise Odysseus as captain. They climbed in and sailed,unreviewed
iliad,1,204,11,18,the wet roads of the sea; meanwhile Agamemnon ordered the army,unreviewed
iliad,1,205,12,14,"to cleanse itself. They washed and cast the filth into the sea,",unreviewed
iliad,1,206,10,17,then sacrificed perfect hecatombs of bulls and goats to Apollo,unreviewed
iliad,1,207,13,17,beside the shore of the barren sea; the smoke curled upward to heaven.,unreviewed
iliad,1,208,13,15,But the king did not cease from the quarrel he had first threatened.,unreviewed
iliad,1,209,10,18,"He called Talthybius and Eurybates, his heralds and eager servants:",unreviewed
iliad,1,210,13,17,"“Go to the hut of Achilles, son of Peleus; take fair-cheeked Briseis",unreviewed
iliad,1,211,15,16,"by the hand and lead her here. If he will not give her, I myself",unreviewed
iliad,1,212,15,15,will come with more men and take her—and that will be worse for him.”,unreviewed
iliad,1,213,12,17,They went unwillingly along the barren shore and came to the huts,unreviewed
iliad,1,214,10,16,and ships of the Myrmidons. They found Achilles sitting beside,unreviewed
iliad,1,215,14,14,"his hut and black ship. He was not glad to see them. They stood,",unreviewed
iliad,1,216,9,13,"afraid and ashamed before the king, and said nothing.",unreviewed
iliad,1,218,10,14,"“Hail, heralds, messengers of Zeus and of men. Come nearer.",unreviewed
iliad,1,219,12,15,"You are not to blame; Agamemnon is to blame, who sent you",unreviewed
iliad,1,220,9,14,"for the girl. Patroclus, beloved companion, bring her out",unreviewed
iliad,1,221,14,17,"and give her to them. Let these two be witnesses before the blessed gods,",unreviewed
iliad,1,222,12,18,"before mortal men, and before the harsh king himself, if ever again",unreviewed
iliad,1,223,12,16,there is need of me to ward disgraceful death from the others.,unreviewed
iliad,1,224,13,18,For he sacrifices with a mind bent on destruction; he does not know,unreviewed
iliad,1,225,14,16,"how to think at once of what is before him and what is behind,",unreviewed
iliad,1,226,11,15,so that the Achaeans beside the ships might fight in safety.”,unreviewed
iliad,1,227,10,16,Patroclus obeyed his beloved companion. He led fair-cheeked Briseis,unreviewed
iliad,1,228,15,18,"from the hut and gave her to the heralds, who returned to the Achaean ships.",unreviewed
iliad,1,229,10,19,"The woman went unwillingly. Achilles sat apart from his companions,",unreviewed
iliad,1,230,15,19,"weeping, on the shore of the gray sea, and looked out across the boundless water.",unreviewed
iliad,1,232,13,14,"“Mother, since you bore me though I was doomed to a short life,",unreviewed
iliad,1,233,13,19,"at least Olympian Zeus, the high-thundering one, should have granted me honor;",unreviewed
iliad,1,234,11,17,"but now he has honored me not even a little. Agamemnon,",unreviewed
iliad,1,235,13,18,"son of Atreus, wide-ruling, has dishonored me: he has taken my prize,",unreviewed
iliad,1,236,5,6,and keeps it for himself.”,unreviewed
iliad,1,237,15,19,"His mother heard him from the depths of the sea, seated beside her old father.",unreviewed
iliad,1,238,15,18,"Swiftly she rose from the gray sea like a mist, sat before her weeping son,",unreviewed
iliad,1,240,12,13,"“Child, why do you weep? What grief has come into your heart?",unreviewed
iliad,1,241,12,13,Speak out; do not hide it within you. Let us both know.”,unreviewed
iliad,1,243,15,17,"“You know it. Why should I tell it all to you, who know it already?",unreviewed
iliad,1,244,12,15,"We went to sacred Thebes, the city of Eetion; we sacked it",unreviewed
iliad,1,245,12,19,and brought everything here. The sons of the Achaeans divided it fairly,unreviewed
iliad,1,246,10,17,"among themselves, but they chose fair-cheeked Chryseis for Agamemnon.",unreviewed
iliad,1,247,12,16,"Then Chryses, priest of far-darting Apollo, came to the swift ships",unreviewed
iliad,1,248,10,14,"of the bronze-clad Achaeans to ransom his daughter, bringing",unreviewed
iliad,1,249,12,18,immeasurable gifts and holding in his hands the wreath and golden staff,unreviewed
iliad,1,251,12,17,"and above all the two sons of Atreus, commanders of the people.",unreviewed
iliad,1,252,11,16,All the other Achaeans approved: they urged reverence for the priest,unreviewed
iliad,1,253,12,20,and acceptance of the shining ransom. But Agamemnon's heart did not consent;,unreviewed
iliad,1,254,14,18,he sent the old man away harshly and laid a strong command upon him.,unreviewed
iliad,1,255,12,15,"The old man went back in anger, and Apollo heard his prayer,",unreviewed
iliad,1,256,13,19,"for he loved him dearly. He shot a deadly arrow among the Argives,",unreviewed
iliad,1,257,13,20,and the people died one after another as the god's shafts moved everywhere,unreviewed
iliad,1,258,15,17,through the wide camp of the Achaeans. Then the prophet who knew the god's will,unreviewed
iliad,1,259,14,17,spoke among us. I was the first to order that the god be appeased.,unreviewed
iliad,1,260,14,17,But anger seized the son of Atreus; he rose at once and threatened me—,unreviewed
iliad,1,261,11,15,and the threat is now fulfilled. The Achaeans are sending Chryseis,unreviewed
iliad,1,264,13,14,"the girl the sons of the Achaeans gave me. Now, if you can,",unreviewed
iliad,1,265,11,17,protect your son: go to Olympus and supplicate Zeus. If ever,unreviewed
iliad,1,266,15,18,you helped his heart by word or deed—for many times in my father's house,unreviewed
iliad,1,267,14,19,I heard you boast that you alone among the immortals saved the dark-clouded,unreviewed
iliad,1,268,10,17,"son of Cronus from disgrace, when Hera, Poseidon, and Athena",unreviewed
iliad,1,270,9,14,"quickly calling to high Olympus the Hundred-Handed One,",unreviewed
iliad,1,271,13,18,"whom the gods call Briareus and men Aegaeon, stronger even than his father;",unreviewed
iliad,1,272,15,18,"he sat beside the son of Cronus in glory, and the blessed gods feared him",unreviewed
iliad,1,273,16,18,"and did not bind Zeus. Remind him of this, sit beside him, and clasp his knees,",unreviewed
iliad,1,274,14,18,"if he will somehow help the Trojans, drive the Achaeans back to their ships",unreviewed
iliad,1,275,17,18,"and the sea, and let them be cut down, so that all may profit by their king;",unreviewed
iliad,1,276,12,20,so that Agamemnon may learn what madness he committed when he dishonored,unreviewed
iliad,1,277,5,6,the best of the Achaeans.”,unreviewed
iliad,1,278,4,7,"Thetis answered him, weeping:",unreviewed
iliad,1,279,12,14,"“Ah, my child, why did I raise you, bearing such bitter grief?",unreviewed
iliad,1,280,13,16,"Would that you could sit beside the ships without tears and without pain,",unreviewed
iliad,1,281,12,13,since your portion of life is short and not long at all.,unreviewed
iliad,1,282,12,15,But now you are short-lived and more miserable than all men;,unreviewed
iliad,1,283,14,18,for an evil destiny I bore you in my halls. I will go myself,unreviewed
iliad,1,284,13,17,"to Olympus, to Zeus who delights in thunder, and tell him these things,",unreviewed
iliad,1,285,14,16,"to see if he will listen. But for now sit beside your swift ships,",unreviewed
iliad,1,286,11,17,"hold your wrath against the Achaeans, and withdraw altogether from war.",unreviewed
iliad,1,287,12,19,"For Zeus went yesterday to Ocean and the blameless Ethiopians to feast,",unreviewed
iliad,1,288,16,19,and all the gods went with him. On the twelfth day he will return to Olympus;,unreviewed
iliad,1,292,10,16,"bringing the holy hecatomb. When they entered the deep harbor,",unreviewed
iliad,1,294,11,16,"lowered the mast into its rest, and rowed swiftly to anchorage.",unreviewed
iliad,1,295,11,13,They cast out the anchors and made fast the stern-lines;,unreviewed
iliad,1,297,10,13,and brought out the hecatomb for the far-shooting god.,unreviewed
iliad,1,299,14,18,"Wise Odysseus led her to the altar, placed her in her dear father's hands,",unreviewed
iliad,1,300,9,13,"and spoke: “Chryses, Agamemnon, king of men, sent me",unreviewed
iliad,1,301,11,17,to bring your child and sacrifice this holy hecatomb to Phoebus,unreviewed
iliad,1,303,9,14,who has brought such grievous sorrows upon the Argives.”,unreviewed
iliad,1,304,14,16,"He placed her in her father's hands, and the old man received his child",unreviewed
iliad,1,305,10,13,with joy. The Achaeans then set the well-built hecatomb,unreviewed
iliad,1,306,10,13,"around the altar of the far-shooter, washed their hands,",unreviewed
iliad,1,307,10,14,"and lifted the barley for the rite. Chryses prayed aloud,",unreviewed
iliad,1,308,5,6,his hands raised to heaven:,unreviewed
iliad,1,314,4,6,from their shameful plague.”,unreviewed
iliad,1,316,13,15,"When they had prayed and scattered the barley, they drew back the heads,",unreviewed
iliad,1,319,14,16,"and the old man burned them on split wood, pouring bright wine over them;",unreviewed
iliad,1,320,12,13,young men stood beside him with five-pronged forks in their hands.,unreviewed
iliad,1,321,12,14,"When the thighs had burned and they had tasted the inward parts,",unreviewed
iliad,1,323,9,14,"roasted it carefully, and drew all the meat away.",unreviewed
iliad,1,326,14,17,"When they had satisfied hunger and thirst, the young men filled the mixing bowls,",unreviewed
iliad,1,327,11,16,"and poured the wine into every cup, beginning on the right.",unreviewed
iliad,1,329,9,14,singing the beautiful paean and praising the far-shooter;,unreviewed
iliad,1,330,6,7,and he rejoiced to hear them.,unreviewed
iliad,1,331,13,15,"When the sun had set and darkness came, they slept beside the ship.",unreviewed
iliad,1,334,12,13,"The far-shooter sent them a fair wind. They raised the mast,",unreviewed
iliad,1,335,11,13,"spread the white sails, and the wind filled the middle canvas.",unreviewed
iliad,1,337,12,15,"and she ran across the sea, cutting her road through the water.",unreviewed
iliad,1,340,12,14,"set long props beneath it, and scattered to their huts and ships.",unreviewed
iliad,1,341,11,16,"But godlike Achilles, swift of foot, remained beside his swift ships,",unreviewed
iliad,1,342,13,18,"holding his wrath. He never went to the assembly that brings men glory,",unreviewed
iliad,1,343,12,15,"never went out to battle; his dear heart wasted where he sat,",unreviewed
iliad,1,345,10,14,"When the twelfth dawn had appeared, all the everlasting gods",unreviewed
iliad,1,346,8,13,"went together to Olympus, with Zeus leading them.",unreviewed
iliad,1,347,12,15,Thetis did not forget her son's command. She rose from the sea,unreviewed
iliad,1,348,10,13,and climbed like mist through the great heavens to Olympus.,unreviewed
iliad,1,349,13,17,She found the wide-seeing son of Cronus sitting apart from the others,unreviewed
iliad,1,350,12,17,"on the highest peak of many-ridged Olympus. She sat before him,",unreviewed
iliad,1,351,13,13,"clasped his knees with her left hand, touched his chin with her right,",unreviewed
iliad,1,353,10,15,"“Father Zeus, if ever among the immortals I helped you",unreviewed
iliad,1,355,11,14,"Honor my son, who is doomed to die before all others.",unreviewed
iliad,1,358,9,14,"But honor him, Olympian Zeus, counselor of the gods;",unreviewed
iliad,1,359,10,14,give the Trojans strength until the Achaeans honor my son,unreviewed
iliad,1,360,4,6,and increase his standing.”,unreviewed
iliad,1,362,11,13,He sat long in silence. Thetis held fast to his knees,unreviewed
iliad,1,363,5,5,and asked him once more:,unreviewed
iliad,1,364,9,13,"“Give me an unfailing promise and incline your head,",unreviewed
iliad,1,365,13,14,or refuse me—there is no fear in you—so I may know,unreviewed
iliad,1,366,8,13,how utterly I am dishonored among the gods.”,unreviewed
iliad,1,368,13,17,"“Ah, what a difficult task you set me: Hera will quarrel with me",unreviewed
iliad,1,370,11,18,"Even without this, she is always scolding me before the immortals,",unreviewed
iliad,1,372,10,16,"Go back now, before Hera notices. I will remember this",unreviewed
iliad,1,374,14,18,I will nod with my head; there is no greater sign among the immortals.,unreviewed
iliad,1,375,10,13,"What I confirm with a nod cannot be revoked, denied,",unreviewed
iliad,1,376,3,5,or left unfulfilled.”,unreviewed
iliad,1,380,12,16,So they took counsel and parted. Thetis plunged into the deep sea,unreviewed
iliad,1,381,10,13,"from bright Olympus, while Zeus went to his own house.",unreviewed
iliad,1,382,12,16,All the gods rose from their seats together when their father approached;,unreviewed
iliad,1,384,13,14,Hera of the white arms had not failed to see him. She knew,unreviewed
iliad,1,385,13,17,"that the silver-footed Thetis, daughter of the old man of the sea,",unreviewed
iliad,1,386,11,13,had shared his counsels. At once she spoke with taunting words:,unreviewed
iliad,1,387,11,14,"“Who was it now, crafty one, who shared your secret counsel?",unreviewed
iliad,1,388,10,13,"You always love to think in secret, apart from me,",unreviewed
iliad,1,389,9,14,and never willingly tell me what you have decided.”,unreviewed
iliad,1,392,11,13,"They will be difficult for you, though you are my wife.",unreviewed
iliad,1,397,11,14,I neither ask you nor question you; sit quietly and think,unreviewed
iliad,1,398,11,18,"whatever you wish. But I fear terribly that silver-footed Thetis,",unreviewed
iliad,1,399,13,14,"daughter of the old man of the sea, came to you at dawn,",unreviewed
iliad,1,401,9,14,I think you promised her truly to honor Achilles,unreviewed
iliad,1,404,11,16,"“Strange one, you are always thinking and never escape my notice.",unreviewed
iliad,1,405,13,19,Yet you will accomplish nothing; you will only become farther from my heart.,unreviewed
iliad,1,406,15,17,"And that will be worse for you. Sit down in silence and obey my word,",unreviewed
iliad,1,407,13,15,lest all the gods on Olympus fail to help you when I stretch,unreviewed
iliad,1,409,10,13,"Hera fell silent, afraid, and sat with her heart subdued.",unreviewed
iliad,1,413,8,13,“This will be a disastrous and unbearable thing,unreviewed
iliad,1,415,11,14,and bring disorder among the gods. There will be no joy,unreviewed
iliad,1,417,12,15,I urge my mother—and she knows this herself—to bring comfort,unreviewed
iliad,1,418,13,15,"to our dear father Zeus, so that he will not scold her again",unreviewed
iliad,1,419,4,5,and disturb our feast.”,unreviewed
iliad,1,422,11,14,"“Endure, my mother, and bear it, though you love me dearly,",unreviewed
iliad,1,423,14,17,lest I see you struck before my eyes and be unable to help you.,unreviewed
iliad,1,424,10,14,"It is hard to stand against the Olympian. Once before,",unreviewed
iliad,1,425,13,15,"when I came eager to defend you, he seized me by the foot",unreviewed
iliad,1,427,11,14,"All day I fell, and at sunset I landed in Lemnos,",unreviewed
iliad,1,428,13,17,with little life remaining. There the Sintian men cared for me at once.”,unreviewed
iliad,1,431,11,13,"He poured sweet nectar for all the other gods in turn,",unreviewed
iliad,1,432,9,15,drawing it from the mixing bowl. Unquenchable laughter rose,unreviewed
iliad,1,433,12,16,among the blessed gods when they saw Hephaestus bustling through the hall.,unreviewed
iliad,1,435,11,17,"and no heart lacked its equal portion—not Apollo's beautiful lyre,",unreviewed
iliad,1,437,14,14,"When the sun's bright light had set, each god went to his own house,",unreviewed
iliad,1,438,9,14,"where famous, lame-footed Hephaestus had built a dwelling",unreviewed
iliad,1,439,10,15,"with his knowing mind. Zeus, Olympian lord of the thunderbolt,",unreviewed
iliad,1,440,15,19,went to the bed where he had slept before whenever sweet sleep came upon him.,unreviewed
iliad,1,441,14,18,He climbed into it and slept; beside him lay Hera of the golden throne.,unreviewed
iliad,2,9,8,14,"of Agamemnon, in the likeness of old Nestor,",unreviewed
iliad,2,10,11,14,who is most trusted by the king. Tell him every word,unreviewed
iliad,2,14,10,15,"Hera has persuaded them, and ruin hangs above the Trojans.’”",unreviewed
iliad,2,15,11,13,"So he spoke, and the Dream went swiftly on its errand.",unreviewed
iliad,2,16,10,13,"It stood above the king's head, and took the likeness",unreviewed
iliad,2,18,13,14,"“Son of Atreus, do you sleep? It is not right for a man",unreviewed
iliad,2,19,11,15,who bears the cares of armies to lie awake no longer.,unreviewed
iliad,2,20,12,14,Zeus has sent me to say that the gods are now united;,unreviewed
iliad,2,21,14,18,"though he is far away, he cares for you and takes pity on you.",unreviewed
iliad,2,22,9,13,He commands you to arm the Achaeans without delay.,unreviewed
iliad,2,25,10,13,"The Dream withdrew, leaving him to cherish in his heart",unreviewed
iliad,2,26,12,15,the thoughts it had planted—thoughts that were never to be fulfilled.,unreviewed
iliad,2,28,12,15,"not knowing what Zeus had devised, and that on that very day",unreviewed
iliad,2,29,14,16,he would take Priam's city. He did not know what the son of Cronus,unreviewed
iliad,2,30,11,16,was still preparing: more pain and groaning for Trojans and Danaans,unreviewed
iliad,2,31,5,7,through the violence of battle.,unreviewed
iliad,2,33,12,14,"Over it he threw a great cloak, and bound beneath his feet",unreviewed
iliad,2,34,10,14,his shining sandals. Then he slung the silver-studded sword,unreviewed
iliad,2,35,10,14,"across his shoulders, and took the scepter of his fathers,",unreviewed
iliad,2,36,8,14,"imperishable, with which he went among the Achaeans.",unreviewed
iliad,2,38,10,14,"to announce the light to Zeus and the other immortals,",unreviewed
iliad,2,42,10,17,First Agamemnon summoned the council of the great-hearted elders,unreviewed
iliad,2,44,11,14,"“Friends, a divine dream came to me through the ambrosial night.",unreviewed
iliad,2,46,13,15,"it stood above my head and spoke: ‘Do you sleep, son of Atreus?",unreviewed
iliad,2,47,12,17,"It is not right for a counselor, with peoples entrusted to him,",unreviewed
iliad,2,48,12,16,"to sleep all night. Listen quickly: I am a messenger of Zeus,",unreviewed
iliad,2,49,13,17,"who, though he is far away, cares greatly for you and pities you.",unreviewed
iliad,2,50,11,13,He commands you to arm the long-haired Achaeans at once.,unreviewed
iliad,2,51,12,14,"Now you might take broad-wayed Troy, for the immortals who dwell",unreviewed
iliad,2,52,11,19,"in Olympus no longer deliberate apart: Hera has bent them all,",unreviewed
iliad,2,54,11,13,"So it spoke and flew away, and sweet sleep released me.",unreviewed
iliad,2,55,13,14,"Come now, if we can, let us arm the sons of the Achaeans.",unreviewed
iliad,2,59,9,13,"He sat, and Nestor, king of sandy Pylos, answered:",unreviewed
iliad,2,62,12,14,But the man who claims to be the greatest of the Achaeans,unreviewed
iliad,2,64,14,17,"So he spoke, and the council rose and obeyed the shepherd of the people.",unreviewed
iliad,2,65,10,13,"As bees stream from a hollow rock in endless clusters,",unreviewed
iliad,2,67,12,16,and some fly in a cloud while others settle in the meadow—,unreviewed
iliad,2,68,12,16,"so the many tribes of the Achaeans came from ships and shelters,",unreviewed
iliad,2,70,10,15,"Rumor, Zeus's messenger, burned among them and urged them forward.",unreviewed
iliad,2,71,10,15,"The gathering roared, the earth groaned beneath the seated people,",unreviewed
iliad,2,72,11,15,and nine heralds shouted until they could quiet the noise enough,unreviewed
iliad,2,73,13,15,"for the god-nourished kings to be heard. The people sat in haste,",unreviewed
iliad,2,74,9,15,"and the clamor ceased. Agamemnon rose, holding the scepter",unreviewed
iliad,2,75,11,14,"that Hephaestus made and gave to Zeus, and Zeus to Hermes,",unreviewed
iliad,2,76,10,15,"the messenger who slays Argus; Hermes gave it to Pelops,",unreviewed
iliad,2,77,13,18,"the horse-driving king; Pelops left it to Atreus, shepherd of the people,",unreviewed
iliad,2,79,11,17,"Thyestes left it to Agamemnon to carry, that he might rule",unreviewed
iliad,2,80,11,17,"over many islands and all Argos. Leaning upon it, he spoke:",unreviewed
iliad,2,81,11,16,"“Friends, heroes, Danaans, servants of Ares, Zeus the son of Cronus",unreviewed
iliad,2,82,11,14,"has bound me in a great and ruinous delusion—cruel Zeus,",unreviewed
iliad,2,83,11,16,who once promised and nodded that I would return after sacking,unreviewed
iliad,2,84,10,14,"well-built Ilium, but now has devised a wicked deception",unreviewed
iliad,2,85,9,14,"and commands me to return to Argos without glory,",unreviewed
iliad,2,86,12,17,"having lost so many people. So, it seems, it pleases mighty Zeus,",unreviewed
iliad,2,87,12,15,who has destroyed the crowns of many cities and will destroy more:,unreviewed
iliad,2,88,12,17,his power is greatest. It would be shameful for those yet unborn,unreviewed
iliad,2,89,10,15,"to hear that we, so many, fought an unprofitable war",unreviewed
iliad,2,91,10,15,"If Achaeans and Trojans were counted under a faithful truce,",unreviewed
iliad,2,92,10,14,"if the Trojans gathered all who live within their city,",unreviewed
iliad,2,93,12,16,"and we Achaeans were arranged in tens, each ten choosing a Trojan",unreviewed
iliad,2,94,13,16,"to pour the wine, many tens of us would still lack a cupbearer:",unreviewed
iliad,2,96,11,16,"But allies from many cities stand beside them, spear-bearing men,",unreviewed
iliad,2,97,11,17,who keep me from taking the well-inhabited city of Ilium.,unreviewed
iliad,2,99,12,16,the timbers of our ships have rotted and the rigging has slackened.,unreviewed
iliad,2,100,10,15,"Our wives and little children sit at home awaiting us,",unreviewed
iliad,2,101,10,14,"while our work here remains unfinished, for which we came.",unreviewed
iliad,2,102,15,16,"Come now, let us all obey what I say: let us flee in our ships",unreviewed
iliad,2,103,11,14,to our dear fatherland. We shall never take broad-wayed Troy.”,unreviewed
iliad,2,104,14,14,"So he spoke, and stirred the hearts of all those who had not heard",unreviewed
iliad,2,105,13,19,"the council. The assembly moved like the long waves of the Icarian Sea,",unreviewed
iliad,2,106,13,15,when East and South leap upon them from the clouds of Father Zeus;,unreviewed
iliad,2,107,13,15,"or as when the West Wind comes upon a deep field of grain,",unreviewed
iliad,2,108,10,16,driving violently over the ears and bowing the standing corn.,unreviewed
iliad,2,110,11,15,"shouting like waves that the south wind drives upon a beach,",unreviewed
iliad,2,112,10,15,"But Hera, who watched the Achaeans scatter, said to Athena:",unreviewed
iliad,2,114,11,13,and give the glory of Helen to Priam and his sons?,unreviewed
iliad,2,116,9,13,"Athena went down through the crowd. She found Odysseus,",unreviewed
iliad,2,117,12,15,"whose mind was equal to the gods, still standing by his scepter.",unreviewed
iliad,2,120,11,14,why do you run as though every man were rushing home?,unreviewed
iliad,2,121,12,13,"Sit here, and let the others sit as well. The king's speech",unreviewed
iliad,2,122,10,13,"was a test, not an order to abandon the war.”",unreviewed
iliad,2,123,10,15,"Odysseus turned, and went among the men, taking the scepter",unreviewed
iliad,2,124,13,16,from any noble who held it. To a king he spoke with courtesy:,unreviewed
iliad,2,125,11,13,“It is not fitting for you to stand like a coward.,unreviewed
iliad,2,127,11,13,"But when he found a common man shouting, he struck him",unreviewed
iliad,2,129,11,14,"“Friend, stay quiet and listen to those who have greater honor.",unreviewed
iliad,2,130,12,13,"You are weak in war, and weak in counsel. No one man",unreviewed
iliad,2,132,9,14,The people returned from the ships. The gathering became,unreviewed
iliad,2,134,9,16,"Only Thersites remained, still pouring out his unmeasured words.",unreviewed
iliad,2,135,12,16,"He knew many shameful things, but knew no order in his speech;",unreviewed
iliad,2,136,11,16,he loved to quarrel with kings and say whatever seemed laughable,unreviewed
iliad,2,137,12,16,to the Argives. He was the ugliest man who came to Ilium:,unreviewed
iliad,2,138,10,14,"bandy-legged, lame in one foot, his shoulders hunched together",unreviewed
iliad,2,139,12,17,"over his chest, and above them his pointed head was thinly covered",unreviewed
iliad,2,140,10,15,"with down. Achilles and Odysseus hated him most of all,",unreviewed
iliad,2,141,11,18,"for he was always abusing them. Now he shrilled against Agamemnon,",unreviewed
iliad,2,142,11,15,and the Achaeans grew angry and resented him in their hearts.,unreviewed
iliad,2,143,10,15,He shouted loudly and reproached the shepherd of the people:,unreviewed
iliad,2,144,13,15,"“Son of Atreus, what are you blaming now, and what do you lack?",unreviewed
iliad,2,145,11,13,"Your huts are full of bronze, and many women are there,",unreviewed
iliad,2,146,10,14,chosen out for you first whenever we take a city.,unreviewed
iliad,2,147,11,14,"Do you still lack gold, some ransom a horse-taming Trojan",unreviewed
iliad,2,148,12,16,"will bring from Ilium for his son, whom I or another Achaean",unreviewed
iliad,2,149,15,17,"has bound and led away? Or a young woman, to join with her in love,",unreviewed
iliad,2,150,12,16,whom you alone keep apart from the others? It is not fitting,unreviewed
iliad,2,151,12,16,that the leader of our troubles should heap more trouble upon us.,unreviewed
iliad,2,152,10,14,"Soft, shameful Achaeans, no longer men—let us sail home",unreviewed
iliad,2,153,14,16,"with our ships and leave this man here in Troy to consume his prizes,",unreviewed
iliad,2,154,15,16,so that he may see whether we are of any use to him or not—,unreviewed
iliad,2,155,12,17,"the man who has dishonored Achilles, a far better man than he,",unreviewed
iliad,2,156,12,18,and taken his prize for himself. Yet Achilles is not angry enough;,unreviewed
iliad,2,157,10,14,"otherwise, son of Atreus, this would be your last outrage.”",unreviewed
iliad,2,158,8,15,"So Thersites mocked Agamemnon, shepherd of the people.",unreviewed
iliad,2,159,11,15,At once godlike Odysseus stood beside him and looked him down:,unreviewed
iliad,2,160,10,15,"“Thersites, reckless speaker, hold your tongue. Do not try alone",unreviewed
iliad,2,161,13,15,to quarrel with kings. I say there is no worse mortal than you,unreviewed
iliad,2,162,11,14,among all who came with the sons of Atreus to Ilium.,unreviewed
iliad,2,163,10,14,"Therefore do not carry the kings' names in your mouth,",unreviewed
iliad,2,164,10,13,"or heap insults upon them, or urge the people home.",unreviewed
iliad,2,167,9,16,"You sit here abusing Agamemnon, shepherd of the people,",unreviewed
iliad,2,168,10,14,"because the heroes of the Danaans give him many gifts,",unreviewed
iliad,2,169,14,16,and you speak by taunting. But I tell you—and this shall be fulfilled:,unreviewed
iliad,2,170,16,21,"if I find you raving again as now, let Odysseus have no head on his shoulders,",unreviewed
iliad,2,171,9,14,"and let me no longer be called Telemachus's father,",unreviewed
iliad,2,172,15,18,"if I do not strip your cloak and tunic, the garments that cover your shame,",unreviewed
iliad,2,173,12,17,"and send you weeping to the swift ships, beaten with disgraceful blows.”",unreviewed
iliad,2,174,10,13,He struck his back and shoulders with the golden scepter.,unreviewed
iliad,2,175,13,19,"Thersites bent, tears fell thickly, and a bloody welt rose beneath the scepter.",unreviewed
iliad,2,176,11,16,"He sat trembling, wiped away the tear, and looked helplessly around.",unreviewed
iliad,2,177,14,18,"The army, though grieved for him, laughed aloud, and one man said to another:",unreviewed
iliad,2,178,11,17,"“Odysseus has done countless good things, leading counsel and arming war;",unreviewed
iliad,2,179,11,14,but this is the best he has done among the Argives:,unreviewed
iliad,2,180,9,14,he has stopped this abusive loudmouth from insulting kings.”,unreviewed
iliad,2,181,9,15,"So the multitude spoke. Then city-sacking Odysseus rose,",unreviewed
iliad,2,182,8,13,"holding the scepter; beside him bright-eyed Athena,",unreviewed
iliad,2,183,12,18,"in the likeness of a herald, ordered the people to be silent,",unreviewed
iliad,2,185,7,14,and understand the counsel. Odysseus spoke thoughtfully:,unreviewed
iliad,2,188,12,15,They do not fulfill the promise they made when they left Argos:,unreviewed
iliad,2,189,9,13,that they would return after taking well-built Ilium.,unreviewed
iliad,2,191,12,15,each longing to go home. It is painful to stay and return,unreviewed
iliad,2,192,13,18,"after a single month away from one's wife on a many-benched ship,",unreviewed
iliad,2,193,12,13,when winter winds and the troubled sea hold a man in place.,unreviewed
iliad,2,194,12,13,But we have spent nine turning years here; I do not blame,unreviewed
iliad,2,196,11,17,Yet it is shameful to remain long and return empty-handed.,unreviewed
iliad,2,197,10,14,"Endure, friends, and stay a little longer, until we learn",unreviewed
iliad,2,198,10,15,"whether Calchas truly prophesies or not. We know this well,",unreviewed
iliad,2,199,11,14,and you are all witnesses who escaped the fate of death:,unreviewed
iliad,2,200,9,14,"when the Achaean ships gathered at Aulis, carrying slaughter",unreviewed
iliad,2,201,9,15,"to Priam and the Trojans, we sacrificed perfect hecatombs",unreviewed
iliad,2,202,12,17,"beside the spring, under a beautiful plane tree where clear water ran.",unreviewed
iliad,2,203,10,14,"There a great sign appeared. A red-backed, terrible serpent,",unreviewed
iliad,2,204,12,17,"sent into the light by Zeus himself, darted from beneath the altar",unreviewed
iliad,2,205,11,13,"and rushed to the plane tree. There were eight sparrow nestlings,",unreviewed
iliad,2,206,10,13,young chicks huddled beneath the leaves on the highest branch;,unreviewed
iliad,2,210,12,13,but the serpent seized her by the wing as she cried out.,unreviewed
iliad,2,211,14,16,"When it had eaten the chicks and their mother, the god who showed it",unreviewed
iliad,2,214,8,14,"Then Calchas spoke among us, interpreting the omen:",unreviewed
iliad,2,216,13,16,"has shown us this great sign, late in appearing but late to fulfill,",unreviewed
iliad,2,217,12,15,whose glory shall never die. As the serpent ate the eight chicks,unreviewed
iliad,2,218,13,14,"and their mother, the ninth, so shall we fight here for nine years;",unreviewed
iliad,2,221,11,14,"Stay here, well-greaved Achaeans, until we take Priam's great city.”",unreviewed
iliad,2,222,11,17,"He spoke, and the Argives shouted loudly; the ships roared terribly",unreviewed
iliad,2,223,7,13,"under the Achaeans' cry, praising godlike Odysseus.",unreviewed
iliad,2,226,12,15,who know nothing of the work of war. Where are our agreements,unreviewed
iliad,2,227,10,13,"and oaths now? Let our counsels and plans, our libations",unreviewed
iliad,2,229,14,17,"We quarrel with words and find no remedy, though we have been here long.",unreviewed
iliad,2,230,8,15,"Agamemnon, hold the unbending counsel you had before",unreviewed
iliad,2,232,15,18,"Let those who plan apart from the Achaeans wither, one or two at a time;",unreviewed
iliad,2,233,10,13,"their plan will not succeed. Before we return to Argos,",unreviewed
iliad,2,234,12,15,we must learn whether the promise of Zeus who bears the aegis,unreviewed
iliad,2,235,12,15,was false or not. For I say that mighty Cronus's son nodded,unreviewed
iliad,2,236,12,14,"on the day we boarded our swift ships, carrying death to Troy,",unreviewed
iliad,2,237,8,13,showing favorable signs with lightning on our right.,unreviewed
iliad,2,238,13,17,Let no one hurry home before he has slept beside a Trojan wife,unreviewed
iliad,2,239,8,13,and taken vengeance for Helen's striving and groaning.,unreviewed
iliad,2,240,11,16,"If anyone still fiercely desires to go home, let him touch",unreviewed
iliad,2,241,13,13,"his black, well-benched ship, so that he may meet death and fate",unreviewed
iliad,2,242,13,18,"before the others. And you, king, plan well and listen to another word:",unreviewed
iliad,2,245,11,13,"If you do this and the Achaeans obey, you will know",unreviewed
iliad,2,246,14,16,"which leader is bad and which is good, and which common man is brave:",unreviewed
iliad,2,247,11,13,they will fight in their own divisions. You will know too,unreviewed
iliad,2,248,13,17,whether you will fail to take the city because of your men's weakness,unreviewed
iliad,2,250,3,7,Agamemnon answered him:,unreviewed
iliad,2,251,12,17,"“Old man, you win the assembly again. If only Zeus the father,",unreviewed
iliad,2,252,14,22,"Athena, and Apollo would give me ten counselors such as you among the Achaeans,",unreviewed
iliad,2,253,11,13,Priam's city would soon bow and be sacked beneath our hands.,unreviewed
iliad,2,254,13,16,"But Zeus, son of Cronus, has given me grief: he throws me into",unreviewed
iliad,2,255,11,19,"useless quarrels and disputes. Achilles and I fought over a girl,",unreviewed
iliad,2,256,14,19,"and I began it in anger. If we ever agree in one counsel again,",unreviewed
iliad,2,257,12,17,"Troy's suffering will no longer be delayed, not even for a little.",unreviewed
iliad,2,260,11,18,"feed his swift-footed horses well, and inspect his chariot carefully,",unreviewed
iliad,2,261,11,15,so that all day we may be tested in hateful Ares.,unreviewed
iliad,2,262,13,17,"There will be no pause, not even for a little, unless night comes",unreviewed
iliad,2,264,14,16,"around the chest of one man, his hand will grow weary on the spear;",unreviewed
iliad,2,265,10,14,another's horse will sweat as he strains the polished chariot.,unreviewed
iliad,2,266,9,16,But whoever I see willingly lingering apart from battle,unreviewed
iliad,2,267,11,13,beside the curved ships will not escape the dogs and birds.”,unreviewed
iliad,2,268,11,18,"The Argives shouted loudly, like waves breaking upon a high shore",unreviewed
iliad,2,269,12,17,when the South Wind rises and drives them against a projecting rock;,unreviewed
iliad,2,270,13,17,"the waves never leave it, whatever wind blows from this side or that.",unreviewed
iliad,2,271,12,15,"They rose, scattered among the ships, and kindled fires in the huts;",unreviewed
iliad,2,272,11,17,"each man sacrificed to the everlasting gods, praying to escape death",unreviewed
iliad,2,273,13,20,"and the labor of Ares. Agamemnon sacrificed a five-year-old, fat ox",unreviewed
iliad,2,274,13,16,"to mighty Zeus, and called the oldest and best of the Pan-Achaeans:",unreviewed
iliad,2,275,11,18,"Nestor first, then King Idomeneus; the two Ajaxes, then Tydeus's son,",unreviewed
iliad,2,277,12,15,"Menelaus came of his own accord, for he knew in his heart",unreviewed
iliad,2,278,12,17,"how his brother labored. They stood around the ox, lifted the barley,",unreviewed
iliad,2,279,3,6,and Agamemnon prayed:,unreviewed
iliad,2,280,11,14,"“Most glorious and greatest Zeus, dark-clouded lord of the sky,",unreviewed
iliad,2,281,12,14,let not the sun go down and darkness come before I cast,unreviewed
iliad,2,282,13,15,the smoky roof of Priam's house upon its face and burn its doors,unreviewed
iliad,2,283,10,14,"with hostile fire, and tear Hector's shirt across his breast",unreviewed
iliad,2,284,10,15,"with bronze, while many of his companions fall around him",unreviewed
iliad,2,286,13,14,"So he prayed, but the son of Cronus did not grant his prayer;",unreviewed
iliad,2,287,10,17,"he accepted the sacrifice, but increased the labor without end.",unreviewed
iliad,2,288,13,15,"When they had prayed and scattered the barley, they drew back the heads,",unreviewed
iliad,2,289,12,13,"cut the throats and flayed the victim, then cut out the thighs,",unreviewed
iliad,2,292,13,15,and held the inward parts above the flame. When the thighs were burned,unreviewed
iliad,2,293,13,17,"and they had tasted the inward parts, they cut the rest into pieces,",unreviewed
iliad,2,294,12,17,"pierced them on spits, roasted them carefully, and drew away the meat.",unreviewed
iliad,2,295,11,14,"When the labor was finished and the feast prepared, they ate;",unreviewed
iliad,2,297,11,18,"When they had satisfied hunger and thirst, Gerenian Nestor, the horseman,",unreviewed
iliad,2,298,2,2,spoke first:,unreviewed
iliad,2,299,12,15,"“Most glorious son of Atreus, king of men, let us no longer",unreviewed
iliad,2,300,13,16,keep speaking here or delay the work the god places in our hands.,unreviewed
iliad,2,301,14,18,Let the heralds summon the bronze-clad Achaeans and gather them by the ships;,unreviewed
iliad,2,302,12,18,we will go together through the broad army and awaken sharp Ares.”,unreviewed
iliad,2,303,12,18,"So he spoke, and Agamemnon did not disobey. At once he ordered",unreviewed
iliad,2,304,13,18,the clear-voiced heralds to proclaim battle and gather the long-haired Achaeans.,unreviewed
iliad,2,305,9,16,"They called, and the people assembled swiftly. Around Agamemnon",unreviewed
iliad,2,306,14,16,"the god-nourished kings rushed to their places, and with them went bright-eyed",unreviewed
iliad,2,307,7,15,"Athena, bearing the precious, ageless, deathless aegis;",unreviewed
iliad,2,308,12,15,"from it hung a hundred golden tassels, each worth a hundred oxen.",unreviewed
iliad,2,309,11,14,"With it she flashed through the Achaean ranks, urging them forward,",unreviewed
iliad,2,310,13,17,and put an unwearied strength into every heart to fight and make war.,unreviewed
iliad,2,311,9,13,Then battle became sweeter to them than sailing home,unreviewed
iliad,2,313,13,18,"As a ruinous fire blazes through an immense forest on a mountain's crest,",unreviewed
iliad,2,314,16,19,"and its light is seen from far away, so from the bronze of the advancing host",unreviewed
iliad,2,316,13,16,"As the many tribes of winged birds—geese, cranes, or long-necked swans—",unreviewed
iliad,2,317,13,17,"fly here and there on the Asian meadow beside the streams of Cayster,",unreviewed
iliad,2,318,12,18,"settling joyfully on their wings with clamor that rings across the meadow,",unreviewed
iliad,2,319,13,18,so the many tribes poured from ships and huts onto the Scamandrian plain.,unreviewed
iliad,2,320,9,14,The earth beneath their feet and horses thundered terribly.,unreviewed
iliad,2,321,12,19,"They stood on the flowering Scamandrian plain, countless as leaves and flowers",unreviewed
iliad,2,322,12,15,that come in their season. As countless swarms of flies wander through,unreviewed
iliad,2,324,14,18,"so many long-haired Achaeans stood on the plain, eager to break the Trojans.",unreviewed
iliad,2,325,14,20,"As goatherds easily sort wide flocks of goats after they mingle in the pasture,",unreviewed
iliad,2,326,10,13,so the leaders arranged them here and there for battle.,unreviewed
iliad,2,327,10,16,"Agamemnon stood among them, like Zeus who delights in thunder",unreviewed
iliad,2,328,14,17,"in eyes and head, like Ares in his belt, like Poseidon in his chest.",unreviewed
iliad,2,329,13,18,"As a bull stands conspicuous above all the cattle gathered in a herd,",unreviewed
iliad,2,330,14,22,so Zeus made the son of Atreus conspicuous and foremost among the many heroes.,unreviewed
iliad,2,331,9,13,"“Tell me now, Muses, who dwell in Olympian houses—",unreviewed
iliad,2,333,9,14,we hear only rumor and know nothing for ourselves—,unreviewed
iliad,2,334,9,13,who were the leaders and commanders of the Danaans?,unreviewed
iliad,2,335,10,13,"I could not name the multitude or tell its number,",unreviewed
iliad,2,336,12,16,"not if I had ten tongues and ten mouths, an unbreakable voice,",unreviewed
iliad,2,337,10,15,"and a bronze heart within me, unless the Olympian Muses,",unreviewed
iliad,2,338,11,17,"daughters of aegis-bearing Zeus, remembered all who came to Ilium.",unreviewed
iliad,2,339,13,16,I will tell the leaders of the ships and all the ships themselves.”,unreviewed
iliad,2,340,9,13,"First came the Boeotians. Peneleus and Leitus led them,",unreviewed
iliad,2,342,8,13,"men of Hyria, rocky Aulis, Schoenus, and Scolus,",unreviewed
iliad,2,345,8,13,"of Hyle, Peteon, Ocalea, and well-built Medeon,",unreviewed
iliad,2,349,7,13,"of holy Onchestus, Poseidon’s shining grove,",unreviewed
iliad,2,354,7,14,"Aspledon and Minyan Orchomenos sent their people,",unreviewed
iliad,2,355,7,14,"under Ascalaphus and Ialmenus, sons of Ares,",unreviewed
iliad,2,360,8,13,"The Phocians were led by Schedius and Epistrophus,",unreviewed
iliad,2,362,7,13,"they held Cyparissus, rocky Pytho, sacred Crisa,",unreviewed
iliad,2,363,5,13,"Daulis, Panopeus, Anemoria, and Hyampolis,",unreviewed
iliad,2,365,11,13,and those who held Lilæa by the springs of Cephissus.,unreviewed
iliad,2,369,9,15,"the lesser Ajax, not so great as Telamonian Ajax,",unreviewed
iliad,2,372,8,13,"and Achaeans. His men held Cynus, Opus, Calliarus,",unreviewed
iliad,2,378,9,13,"the sea-cliff city of Dios, Carystus, and Styra.",unreviewed
iliad,2,380,9,13,great-hearted chief of the Abantes. Behind him came,unreviewed
iliad,2,383,5,7,Forty black ships followed them.,unreviewed
iliad,2,385,8,14,"the people of great-hearted Erechtheus—whom Athena,",unreviewed
iliad,2,389,11,14,"as the years turn—were led by Menestheus, son of Peteus.",unreviewed
iliad,2,391,8,13,"horses and shielded men for battle; only Nestor,",unreviewed
iliad,2,392,9,13,"older by birth, contended with him. Fifty black ships",unreviewed
iliad,2,400,7,13,"with Sthenelus, beloved son of famous Capaneus,",unreviewed
iliad,2,403,4,6,Eighty black ships followed.,unreviewed
iliad,2,406,6,13,"of Orneia, lovely Aretbyrea, and Sicyon,",unreviewed
iliad,2,411,11,14,with him came the most numerous and best of the people.,unreviewed
iliad,2,414,10,13,and led a people far more numerous than the rest.,unreviewed
iliad,2,415,8,13,"The men of hollow Lacedaemon came, of Pharis,",unreviewed
iliad,2,422,10,14,his heart desired to avenge Helen’s distress and tears.,unreviewed
iliad,2,423,8,14,"The Pylian people held Pylos and lovely Arene,",unreviewed
iliad,2,425,6,15,"Cyparisseis, Amphigenia, Pteleos, Helos, and Dorion,",unreviewed
iliad,2,427,7,14,"coming from Oechalia, from Eurytus of Oechalia;",unreviewed
iliad,2,428,9,14,he boasted that he would defeat the Muses themselves,unreviewed
iliad,2,432,8,16,Gerenian horseman Nestor led them; ninety hollow ships,unreviewed
iliad,2,433,4,4,marched in his wake.,unreviewed
iliad,2,434,8,13,"The Arcadians held the steep mountain under Cyllene,",unreviewed
iliad,2,435,11,14,"by the tomb of Aepytus, where men fight at close quarters;",unreviewed
iliad,2,438,7,15,"Stymphalus, and Parrhasia. Agapenor, son of Ancaeus,",unreviewed
iliad,2,443,9,14,"many Arcadian men in every ship, skilled in war.",unreviewed
iliad,2,444,8,15,The men of Buprasium and divine Elis inhabited,unreviewed
iliad,2,446,8,14,from the Olenian rock to Alesium enclosed within.,unreviewed
iliad,2,448,7,14,and many Epeans embarked. Amphimachus and Thalpius,unreviewed
iliad,2,449,9,18,"led two divisions, sons respectively of Cteatus and Eurytus,",unreviewed
iliad,2,450,8,15,"the Actorian pair; mighty Diores, son of Amarynceus,",unreviewed
iliad,2,451,9,16,"led the third, and godlike Polyxenus, son of Agasthenes,",unreviewed
iliad,2,452,6,7,"son of Augeias, led the fourth.",unreviewed
iliad,2,453,7,13,"From Dulichium and the sacred Echinades islands,",unreviewed
iliad,2,454,10,14,"which lie beyond the sea opposite Elis, came the people.",unreviewed
iliad,2,455,9,13,"Meges, equal to Ares, led them—son of Phyleus,",unreviewed
iliad,2,456,9,13,"beloved of Zeus, the horseman. Phyleus had once left",unreviewed
iliad,2,457,9,14,Dulichium in anger with his father. Forty black ships,unreviewed
iliad,2,458,2,4,followed Meges.,unreviewed
iliad,2,462,8,13,"and Asteria, and who held the mainland opposite.",unreviewed
iliad,2,463,8,14,"Odysseus, equal to Zeus in counsel, commanded them;",unreviewed
iliad,2,464,5,6,twelve red-cheeked ships followed.,unreviewed
iliad,2,466,8,13,"They held Pleuron, Olenus, Pylenê, sea-near Chalcis,",unreviewed
iliad,2,467,10,14,"and rocky Calydon. The sons of great Oeneus were gone,",unreviewed
iliad,2,468,9,13,and Oeneus himself was gone; blond Meleager had died.,unreviewed
iliad,2,469,10,13,So Thoas had been charged to rule all the Aetolians.,unreviewed
iliad,2,470,5,7,Forty black ships followed him.,unreviewed
iliad,2,471,8,13,"Idomeneus, famous with the spear, led the Cretans.",unreviewed
iliad,2,475,9,13,the land of a hundred cities. Idomeneus led them.,unreviewed
iliad,2,476,9,15,"Meriones, equal to Enyalius the slayer, stood beside him;",unreviewed
iliad,2,480,8,16,"in three divisions—Lindus, Ialysus, and shining Camirus.",unreviewed
iliad,2,481,9,15,"Tlepolemus, famous with the spear, was born to Heracles",unreviewed
iliad,2,483,9,13,after sacking the cities of the god-reared people.,unreviewed
iliad,2,485,9,16,"he killed his father’s aged maternal uncle, Licymnius,",unreviewed
iliad,2,488,8,13,for Heracles’ other sons and grandsons threatened him.,unreviewed
iliad,2,489,9,13,"After suffering much, he reached Rhodes, and settled there",unreviewed
iliad,2,491,6,7,and poured great wealth upon them.,unreviewed
iliad,2,494,10,15,the fairest man to come beneath Ilium after Peleus’ son;,unreviewed
iliad,2,496,8,13,"The men of Nisyros, Crapathus, Casus, and Cos,",unreviewed
iliad,2,497,8,15,"the city of Eurypylus, and the Calydnian islands,",unreviewed
iliad,2,499,8,14,"of Thessalus, Heracles’ royal son. Thirty hollow ships",unreviewed
iliad,2,500,3,4,marched behind them.,unreviewed
iliad,2,501,9,15,"Those who held Pelasgian Argos—Alos, Alope, and Trachis,",unreviewed
iliad,2,503,8,14,"Hellenes, and Achaeans. Achilles led their fifty ships,",unreviewed
iliad,2,504,12,15,but they did not remember the harsh battle: no one was there,unreviewed
iliad,2,505,10,15,"to lead them into line. Swift-footed, godlike Achilles lay",unreviewed
iliad,2,507,9,13,"whom he had taken from Lyrnessus after much toil,",unreviewed
iliad,2,510,10,14,"of King Evenus, Selepius’ son. There he lay in grief,",unreviewed
iliad,2,511,5,5,but soon he would rise.,unreviewed
iliad,2,512,9,17,"Those who held Phylace, flowery Pyrasus, Demeter’s precinct,",unreviewed
iliad,2,513,11,16,"Iton, mother of sheep, Antron by the sea, and meadowed Pteleon,",unreviewed
iliad,2,514,8,13,were led by warlike Protesilaus while he lived;,unreviewed
iliad,2,517,11,13,a Dardanian killed him as he leapt first from his ship.,unreviewed
iliad,2,518,10,13,"Nor were his people leaderless, though they longed for him;",unreviewed
iliad,2,519,9,13,"Podarces, son of Iphiclus, rich in sheep, led them,",unreviewed
iliad,2,520,8,16,"Protesilaus’ own brother, younger by birth. Yet Protesilaus",unreviewed
iliad,2,523,12,17,"and well-built Iolcus were led by Eumelus, dear son of Admetus,",unreviewed
iliad,2,524,9,16,"whom Alcestis, fairest of Pelias’ daughters, bore to Admetus.",unreviewed
iliad,2,525,4,7,Eleven ships followed him.,unreviewed
iliad,2,529,9,13,"skilled in war, embarked in each. But Philoctetes lay",unreviewed
iliad,2,530,11,16,"on Lemnos, suffering cruel pain from a deadly serpent’s wound,",unreviewed
iliad,2,531,12,13,where the sons of the Achaeans had left him. There he lay,unreviewed
iliad,2,532,10,15,in anguish; soon the Argives by the ships would remember,unreviewed
iliad,2,533,8,13,their lord Philoctetes. Nor were his men leaderless:,unreviewed
iliad,2,534,10,14,"Medon, Oileus’ bastard son, whom Rhene bore to the sacker",unreviewed
iliad,2,536,8,13,"Those who held Tricca, rocky Ithome, and Oechalia,",unreviewed
iliad,2,537,12,17,"the city of Eurytus of Oechalia, were led by the two sons",unreviewed
iliad,2,538,7,15,"of Asclepius, good physicians, Podalirius and Machaon.",unreviewed
iliad,2,539,8,13,"Thirty hollow ships followed. Those who held Ormenius,",unreviewed
iliad,2,540,9,13,"the spring of Hypereia, Asteria, and the white peaks",unreviewed
iliad,2,541,10,17,"of Titanus were led by Euryphylus, glorious son of Euaemon,",unreviewed
iliad,2,542,4,5,in forty black ships.,unreviewed
iliad,2,544,9,16,"and white Oloosson were led by city-sacker Polypoetes,",unreviewed
iliad,2,545,8,13,"son of Pirithous, whom immortal Zeus fathered through",unreviewed
iliad,2,546,10,17,Hippodameia on the day the Lapiths punished the shaggy Centaurs,unreviewed
iliad,2,547,11,15,and drove them from Pelion among the Aethices. With him came,unreviewed
iliad,2,548,10,14,"Leonteus, an offshoot of Ares, son of the great-hearted",unreviewed
iliad,2,549,8,13,"Coronus, son of Caeneus. Forty black ships followed.",unreviewed
iliad,2,551,7,13,"the warlike Enienes and Perrhaebians followed him,",unreviewed
iliad,2,552,8,13,"those who made their homes around wintry Dodona,",unreviewed
iliad,2,553,7,13,"and those who worked beside lovely Titaresius,",unreviewed
iliad,2,554,11,15,whose clear water runs to Peneius but never mingles with him—,unreviewed
iliad,2,555,15,16,"it flows above him like oil, for it is a branch of Styx’s oath.",unreviewed
iliad,2,557,8,13,who lived beside Peneius and forest-shaking Pelion.,unreviewed
iliad,2,558,8,13,Swift Prothous commanded them; forty black ships followed.,unreviewed
iliad,2,559,11,13,"These were the leaders and lords of the Danaans. Now, Muse,",unreviewed
iliad,2,560,13,17,tell me who among them was best—the men themselves and the horses,unreviewed
iliad,2,561,11,14,that followed the sons of Atreus. The best horses were those,unreviewed
iliad,2,562,10,14,"of Eumelus, swift as birds, alike in age and color,",unreviewed
iliad,2,563,11,16,"mares whom Apollo of the silver bow had bred in Pieria,",unreviewed
iliad,2,564,11,18,"carrying the terror of Ares. Of men, Telamonian Ajax was best",unreviewed
iliad,2,565,10,17,"while Achilles nursed his anger—for Achilles was far better,",unreviewed
iliad,2,566,12,16,and his were the horses that bore the blameless son of Peleus.,unreviewed
iliad,2,567,11,17,"But Achilles lay in his sea-going ships, angry with Agamemnon;",unreviewed
iliad,2,568,11,17,"his people played beside the water with discus, javelins, and bows,",unreviewed
iliad,2,569,12,19,while the horses stood by their chariots grazing lotus and marsh celery.,unreviewed
iliad,2,570,13,16,"The chariots lay covered in the tents, and the men, longing for their",unreviewed
iliad,2,571,11,14,"war-loving leader, wandered through the camp and did not fight.",unreviewed
iliad,2,572,10,13,They moved like a fire sweeping across the whole earth;,unreviewed
iliad,2,573,11,14,"the ground groaned beneath their feet, as when thunder-loving Zeus,",unreviewed
iliad,2,574,11,17,"angry at Typhoeus, lashes the earth around Arima, where they say",unreviewed
iliad,2,575,11,13,"Typhoeus has his bed. So the earth groaned beneath their feet,",unreviewed
iliad,2,576,6,7,and they crossed the plain swiftly.,unreviewed
iliad,2,577,10,15,Swift-footed Iris came to the Trojans as a messenger,unreviewed
iliad,2,578,10,14,"from Zeus who bears the aegis, carrying a grievous message.",unreviewed
iliad,2,579,9,13,"They were speaking in assembly at Priam’s gates,",unreviewed
iliad,2,581,11,13,"took the voice of Polites, Priam’s son—the swift scout",unreviewed
iliad,2,582,8,13,"who sat atop old Aesyetes’ highest tomb, watching",unreviewed
iliad,2,585,9,14,as in peacetime; but war without respite has risen.,unreviewed
iliad,2,587,9,13,"such a people, so many, moving across the plain,",unreviewed
iliad,2,588,11,14,"like leaves or grains of sand, to fight before the city.",unreviewed
iliad,2,591,8,13,and many tongues belong to these scattered peoples.,unreviewed
iliad,2,595,9,15,He swiftly dissolved the assembly. The gates opened wide;,unreviewed
iliad,2,596,12,17,"the people poured out, footmen and horsemen, and a great tumult rose.",unreviewed
iliad,2,597,9,15,"Before the city stood a steep, isolated, rounded hill,",unreviewed
iliad,2,598,10,13,"which men called Batieia, but immortals knew as the tomb",unreviewed
iliad,2,599,11,16,of leaping Myrine. There the Trojans and their allies formed apart.,unreviewed
iliad,2,601,12,14,"with him, by far the greatest and best of the armed people,",unreviewed
iliad,2,602,9,14,"eager with their spears. Aeneas, noble son of Anchises,",unreviewed
iliad,2,603,8,14,led the Dardanians—Aphrodite bore him to Anchises,unreviewed
iliad,2,604,12,14,"in the folds of Ida, when the goddess lay with a mortal.",unreviewed
iliad,2,605,9,15,"He was not alone: Antenor’s two sons, Archelochus",unreviewed
iliad,2,606,11,16,"and Acamas, who knew every art of war, stood beside him.",unreviewed
iliad,2,607,10,14,"The Trojans of Zeleia, rich and drinking the dark water",unreviewed
iliad,2,608,10,17,"of the Aesepus beneath Ida’s lowest foot, followed Pandarus,",unreviewed
iliad,2,609,11,16,"glorious son of Lycaon, to whom Apollo himself gave the bow.",unreviewed
iliad,2,610,8,14,"Adrastus and Amphius, lightly armored sons of Merops",unreviewed
iliad,2,611,8,13,"of Percote, led those who held Adrasteia, Apaesus,",unreviewed
iliad,2,612,8,13,"Pityeia, and steep Mount Tereia. Merops knew prophecy",unreviewed
iliad,2,613,10,13,better than any man and forbade his sons to enter,unreviewed
iliad,2,614,11,13,"the death-bringing war, but the black Fates drove them on.",unreviewed
iliad,2,616,10,17,"and divine Arisba were led by Asius, son of Hyrtacides—",unreviewed
iliad,2,617,8,13,"Asius whom great, fiery horses brought from Arisba,",unreviewed
iliad,2,618,5,7,beside the stream of Selleis.,unreviewed
iliad,2,619,8,13,"Hippothous and Pyleus, offshoots of Ares and sons",unreviewed
iliad,2,620,8,13,"of Pelasgian Lethus, led the spear-famed Pelasgians",unreviewed
iliad,2,621,10,16,who dwelt in deep-soiled Larisa. Acamas and hero Pirous,unreviewed
iliad,2,622,8,13,led the Thracians held within the rushing Hellespont;,unreviewed
iliad,2,623,10,15,"Euphemus, son of Troezenus and of Ceyx, led the spearmen",unreviewed
iliad,2,625,9,14,"their crooked bows, from distant Amydon beside broad Axios,",unreviewed
iliad,2,627,8,17,"Great-hearted Pylaemenes led the Paphlagonians from Eneti,",unreviewed
iliad,2,628,12,17,"where the race of wild asses is born; from Cytorus and Sesamus,",unreviewed
iliad,2,629,8,13,"from their houses beside the Parthenius, from Cromna,",unreviewed
iliad,2,630,8,17,"Aegialus, and the high Erythini. Odius and Epistrophus",unreviewed
iliad,2,631,9,16,"led the Halizonians from distant Alybe, birthplace of silver.",unreviewed
iliad,2,632,8,13,Chromis and Ennomus the augur led the Mysians;,unreviewed
iliad,2,633,9,13,but augury could not save Ennomus from black death:,unreviewed
iliad,2,634,9,13,"swift-footed Aeacides struck him down in the river,",unreviewed
iliad,2,635,8,14,where Achilles was slaughtering Trojans and their allies.,unreviewed
iliad,2,641,7,13,"barbarous-speaking men from Miletus, Mount Phthira,",unreviewed
iliad,2,642,10,13,"the banks of Maeander, and the steep peaks of Mycale.",unreviewed
iliad,2,643,7,13,"Amphimachus and Nastes, splendid sons of Nomion,",unreviewed
iliad,2,644,11,13,"led them. Nastes went to war wearing gold, like a girl,",unreviewed
iliad,2,645,10,13,a foolishness that could not ward off his grievous death;,unreviewed
iliad,2,648,7,13,"Sarpedon and blameless Glaucus led the Lycians,",unreviewed
iliad,3,1,10,13,"When each host had taken its place beside its leaders,",unreviewed
iliad,3,4,8,13,"the measureless rain, and fly above the Ocean,",unreviewed
iliad,3,14,4,4,they crossed the plain.,unreviewed
iliad,3,15,7,13,"When they had drawn together, godlike Alexander",unreviewed
iliad,3,20,9,13,"before the host, he rejoiced as a lion rejoices",unreviewed
iliad,3,27,9,15,"But when godlike Alexander saw him among the champions,",unreviewed
iliad,3,35,8,14,"“Paris, handsome beyond measure, mad for women, deceiver—",unreviewed
iliad,3,46,12,15,"your father’s grief, your city’s, and all the people’s—",unreviewed
iliad,3,53,5,6,a tunic made of stone.”,unreviewed
iliad,3,54,8,15,"Godlike Alexander answered: “Hector, you have rebuked me",unreviewed
iliad,3,58,10,13,to every stroke. So is the mind within your breast.,unreviewed
iliad,3,72,11,14,Hector rejoiced to hear this speech. He went into the midst,unreviewed
iliad,3,81,10,14,"the word of Alexander, for whose sake this quarrel rose.",unreviewed
iliad,3,83,9,13,upon the earth; let him and war-loving Menelaus,unreviewed
iliad,3,85,8,13,"her possessions. Whoever wins, and proves the stronger,",unreviewed
iliad,3,92,8,14,enough because of my quarrel and Alexander’s.,unreviewed
iliad,3,102,3,4,for either side.”,unreviewed
iliad,3,107,9,13,Hector sent two heralds toward the city to fetch,unreviewed
iliad,3,111,9,13,"Then Iris came, a messenger, to white-armed Helen,",unreviewed
iliad,3,118,11,15,for Helen at the hands of Ares. Swift-footed Iris said:,unreviewed
iliad,3,127,3,4,his beloved wife.”,unreviewed
iliad,3,134,6,7,Soon they reached the Scaean Gates.,unreviewed
iliad,3,136,6,13,"Clytius, Hicetaon, scion of Ares, Ucalegon,",unreviewed
iliad,3,142,10,13,"When they saw Helen coming on the wall, they murmured:",unreviewed
iliad,3,144,9,15,suffer long for such a woman. Terribly she resembles,unreviewed
iliad,3,145,10,13,"an immortal goddess. Yet let her go in the ships,",unreviewed
iliad,3,146,11,13,and not remain a grief to us and to our children.”,unreviewed
iliad,3,154,11,13,"Some are taller in the head, but never have I seen",unreviewed
iliad,3,156,8,14,"Helen, divine among women, answered: “You are worthy",unreviewed
iliad,3,164,10,13,and mighty spearman; once he was my brother-in-law.”,unreviewed
iliad,3,173,9,13,"among their allies, on the day the Amazons came;",unreviewed
iliad,3,175,3,4,bright-eyed Achaeans.”,unreviewed
iliad,3,177,11,13,"of this man. He is shorter in head than Atreus’ son,",unreviewed
iliad,3,181,9,13,"Helen, daughter of Zeus, answered: “That is Laertes’ son,",unreviewed
iliad,3,182,7,14,"many-counseled Odysseus, raised in rocky Ithaca,",unreviewed
iliad,3,183,10,14,skilled in every kind of trick and close-woven counsel.”,unreviewed
iliad,3,184,9,13,"Wise Antenor replied: “Woman, your word is wholly true.",unreviewed
iliad,3,197,11,13,like one unskilled in public speech—you might have called him,unreviewed
iliad,3,201,4,5,marveled at his form.”,unreviewed
iliad,3,202,12,15,"The old man saw Ajax and asked: “Who is that other Achaean,",unreviewed
iliad,3,203,9,13,"so strong and tall, the foremost of the Argives",unreviewed
iliad,3,207,8,13,"stands Idomeneus among the Cretans, like a god;",unreviewed
iliad,3,213,8,14,"commanders of the people, Castor, breaker of horses,",unreviewed
iliad,3,215,11,13,born from the same mother as I. Either they came not,unreviewed
iliad,3,216,9,15,"with lovely Lacedaemon’s army, or else they came",unreviewed
iliad,3,218,10,13,fearing the shame and all the reproaches that are mine.”,unreviewed
iliad,3,219,11,14,So she spoke; but the life-giving earth already held them,unreviewed
iliad,3,230,2,2,and prayed:,unreviewed
iliad,3,236,8,13,"Menelaus, let him keep Helen and her possessions,",unreviewed
iliad,3,238,7,13,"But if golden-haired Menelaus kills Alexander,",unreviewed
iliad,3,239,8,13,"let the Trojans return Helen and her possessions,",unreviewed
iliad,3,240,10,15,"and pay the Argives honor, such as shall be remembered",unreviewed
iliad,3,242,10,15,"refuse to pay the honor due me when Alexander falls,",unreviewed
iliad,3,245,12,14,"He cut the lambs’ and the boar’s throats with pitiless bronze,",unreviewed
iliad,3,265,5,7,and they drove toward Ilium.,unreviewed
iliad,3,278,7,13,"Godlike Alexander, husband of fair-haired Helen,",unreviewed
iliad,3,280,9,13,with silver clasps about the ankles; then the breastplate,unreviewed
iliad,3,284,10,14,"Upon his head he set the well-made horsehair helmet,",unreviewed
iliad,3,289,7,13,"the armies, looking terribly at one another;",unreviewed
iliad,3,296,5,5,"prayed, and cast his own:",unreviewed
iliad,3,297,8,13,"“Father Zeus, grant that I may punish Alexander,",unreviewed
iliad,3,299,10,13,so that a man unborn may tremble to do evil,unreviewed
iliad,3,308,11,13,"broke into three and four pieces, and fell from his hand.",unreviewed
iliad,3,311,8,13,"I thought to punish Alexander for his evil,",unreviewed
iliad,3,314,9,14,"He sprang forward, seized the horsehair of Paris’ helmet,",unreviewed
iliad,3,318,5,13,"winning immeasurable glory, but Aphrodite,",unreviewed
iliad,3,328,3,4,filled with incense.,unreviewed
iliad,3,331,10,14,by many Trojan women. Taking the form of an old,unreviewed
iliad,3,335,9,14,"Alexander calls you home. He lies within his chamber,",unreviewed
iliad,3,338,11,13,"but from a dance, or from sitting down after the dance.”",unreviewed
iliad,3,340,9,13,"When Helen saw her lovely throat, her longing breast,",unreviewed
iliad,3,343,11,15,Will you carry me farther to some city rich in people—,unreviewed
iliad,3,344,8,15,"Phrygia, or lovely Maeonia—if another mortal man",unreviewed
iliad,3,346,8,14,"godlike Alexander, and would lead hateful me home.",unreviewed
iliad,3,349,9,13,and do not turn your feet toward Olympus again.,unreviewed
iliad,3,350,10,14,"Worry over him always, till he makes you his wife,",unreviewed
iliad,3,352,11,15,it would be shameful to tend his bed. Each Trojan woman,unreviewed
iliad,3,354,3,4,within my heart.”,unreviewed
iliad,3,355,8,14,Golden Aphrodite answered in anger: “Do not provoke,unreviewed
iliad,3,357,12,15,"I will make you hated as terribly as I have loved you,",unreviewed
iliad,3,358,9,16,and set a hateful enmity between Trojans and Danaans;,unreviewed
iliad,3,362,10,13,"of all the Trojan women, and the goddess led her.",unreviewed
iliad,3,368,4,6,and rebuked her husband:,unreviewed
iliad,3,371,10,15,You boasted that you were better than war-loving Menelaus,unreviewed
iliad,3,374,7,7,lest soon his spear bring you down.”,unreviewed
iliad,3,375,10,14,Paris answered: “Do not wound my heart with harsh reproaches.,unreviewed
iliad,3,376,8,14,Menelaus defeated me with Athena at his side;,unreviewed
iliad,3,378,12,14,"are with us. Come, let us turn to love, and lie together.",unreviewed
iliad,3,379,10,14,Never before has desire so wrapped my mind—not even,unreviewed
iliad,3,380,9,15,when first I carried you away from lovely Lacedaemon,unreviewed
iliad,3,382,11,13,"and bed upon Cranae’s island. So now I love you,",unreviewed
iliad,3,387,8,13,"like a wild beast, seeking Alexander. No Trojan,",unreviewed
iliad,3,388,11,13,"no famous ally, could point him out. No one hid him",unreviewed
iliad,3,389,10,14,"from love—he was hateful to them all, as hateful",unreviewed
iliad,3,391,7,13,"“Hear me, Trojans, Dardanians, and allies: victory",unreviewed
iliad,3,392,8,13,plainly belongs to war-loving Menelaus. Give up,unreviewed
iliad,3,394,10,13,and pay the honor due—an honor that shall remain,unreviewed
iliad,3,395,5,6,among men yet to come.”,unreviewed
iliad,3,397,2,4,applauded him.,unreviewed
iliad,4,8,7,13,"and Athena of Alalcomenae. They sit apart,",unreviewed
iliad,4,12,7,13,Yet victory belongs to war-loving Menelaus.,unreviewed
iliad,4,16,8,13,"to all, Priam’s city might remain inhabited,",unreviewed
iliad,4,18,8,13,"Athena sat apart, her anger held within her,",unreviewed
iliad,4,20,8,13,Hera could not contain her anger: “Most terrible,unreviewed
iliad,4,23,9,14,while my horses were worn out gathering the people,unreviewed
iliad,4,25,3,3,will praise you.”,unreviewed
iliad,4,34,10,14,when I desire to destroy a city where your people,unreviewed
iliad,4,37,10,13,"Of all the cities beneath the sun and starry sky,",unreviewed
iliad,4,40,8,14,"its equal feast, libation, or savor of sacrifice;",unreviewed
iliad,4,41,5,7,that honor was our portion.”,unreviewed
iliad,4,45,11,14,"before you, nor begrudge it. But do not make my labor",unreviewed
iliad,4,48,10,13,"eldest, and I am called your wife, while you rule",unreviewed
iliad,4,49,9,14,"among the immortals. Let us yield to one another,",unreviewed
iliad,4,50,12,14,"you to me, and I to you; the other gods will follow.",unreviewed
iliad,4,51,9,15,"Now command Athena to go swiftly into the battle,",unreviewed
iliad,4,55,9,13,"Her father, father of the gods, did not disobey.",unreviewed
iliad,4,59,8,13,"breaking the oaths.” So he urged Athena, already",unreviewed
iliad,4,63,8,13,from which innumerable sparks leap into the dark.,unreviewed
iliad,4,64,8,13,"In its likeness Pallas Athena rushed to earth,",unreviewed
iliad,4,66,12,14,and well-greaved Achaeans; each man said to the man beside him:,unreviewed
iliad,4,67,9,13,"“Will dreadful war rise again, or will Zeus establish",unreviewed
iliad,4,68,4,7,friendship between the peoples?”,unreviewed
iliad,4,69,8,14,Athena entered the Trojan crowd in the likeness,unreviewed
iliad,4,70,8,13,"of Laodocus, son of Antenor, a strong spearman,",unreviewed
iliad,4,71,8,13,"seeking godlike Pandarus. She found Lycaon’s son,",unreviewed
iliad,4,72,7,13,"blameless and powerful, standing among the dense",unreviewed
iliad,4,76,10,13,to shoot a swift arrow at Menelaus? You would win,unreviewed
iliad,4,77,10,14,"the favor and glory of all the Trojans, above all",unreviewed
iliad,4,78,9,13,of King Alexander. He would first give shining gifts,unreviewed
iliad,4,79,11,15,"if he saw Menelaus, son of Atreus, struck by your arrow,",unreviewed
iliad,4,81,8,15,"Menelaus; vow to Apollo, famous archer of Lycia,",unreviewed
iliad,4,82,10,14,that when you return to sacred Zeleia you will sacrifice,unreviewed
iliad,4,87,10,13,as it sprang from the rock; the animal fell backward,unreviewed
iliad,4,90,10,14,"a golden tip upon them. Pandarus laid the bow down,",unreviewed
iliad,4,94,11,14,"He opened the lid of his quiver, and drew an arrow",unreviewed
iliad,4,96,10,13,"he fitted the bitter arrow to the string, and vowed",unreviewed
iliad,4,97,8,13,again to Apollo. He drew together the notch,unreviewed
iliad,4,101,9,13,"Yet the blessed gods had not forgotten you, Menelaus.",unreviewed
iliad,4,103,9,13,"stood before you, and turned aside the deadly arrow,",unreviewed
iliad,4,104,10,13,as a mother brushes a fly from her sleeping child.,unreviewed
iliad,4,108,6,14,"the decorated belt and elaborate corselet,",unreviewed
iliad,4,112,10,13,ran from the wound. As a Maeonian or Carian woman,unreviewed
iliad,4,113,10,14,"stains ivory with purple, to adorn a horse’s cheek—",unreviewed
iliad,4,115,8,13,an ornament and glory for horse and charioteer—,unreviewed
iliad,4,117,4,4,were stained with blood.,unreviewed
iliad,4,120,10,13,"but when he saw the sinew and arrow-barbs outside,",unreviewed
iliad,4,121,7,13,"his heart gathered itself again. Agamemnon groaned,",unreviewed
iliad,4,122,7,15,"holding Menelaus’ hand, while his companions lamented:",unreviewed
iliad,4,129,11,13,"at once, he will fulfill it later; and they shall pay",unreviewed
iliad,4,131,10,13,"within my heart the day shall come when holy Ilium,",unreviewed
iliad,4,134,11,16,shakes his dark aegis over them in anger at this deceit.,unreviewed
iliad,4,139,11,14,the army. The wound is not deadly; the arrow’s point,unreviewed
iliad,4,140,10,13,"did not remain, and belt and corselet held it back.”",unreviewed
iliad,4,142,8,13,"son of Asclepius, the blameless healer, to see",unreviewed
iliad,4,147,9,14,"Machaon cut away the shining belt, corselet, and guard;",unreviewed
iliad,4,149,9,18,and laid soothing medicines upon it—medicines once given,unreviewed
iliad,4,151,11,13,"When the Trojans’ ranks came on again, no one could see",unreviewed
iliad,4,152,7,13,"divine Agamemnon sleeping, shrinking from the fight,",unreviewed
iliad,4,153,10,14,or refusing it. He hurried to the battle that gives,unreviewed
iliad,4,154,9,14,men glory. He left his horses and bronze-decorated,unreviewed
iliad,4,155,9,15,"chariot apart, in care of Eurymedon, son of Peiraeus,",unreviewed
iliad,4,157,8,13,"when weariness should seize his limbs, after commanding",unreviewed
iliad,4,159,9,15,"whomever he saw eager, he stood beside and encouraged:",unreviewed
iliad,4,163,9,15,"by vultures, while we shall carry wives and children",unreviewed
iliad,4,165,11,15,But those he saw shrinking from the hateful war he rebuked:,unreviewed
iliad,4,166,9,13,"“Argives, soft with arrows, objects of shame! Do you",unreviewed
iliad,4,171,10,13,"the gray sea, and see whether Cronus’ son will extend",unreviewed
iliad,4,172,4,5,his hand above you?”,unreviewed
iliad,4,173,11,13,"So he went through the ranks, and came among the Cretans.",unreviewed
iliad,4,174,7,14,They armed around wise Idomeneus. Idomeneus stood,unreviewed
iliad,4,176,7,15,while Meriones urged the rearward lines. Agamemnon,unreviewed
iliad,4,177,9,14,"rejoiced to see them, and spoke gently to Idomeneus:",unreviewed
iliad,4,178,8,14,"“Idomeneus, I honor you above the swift Achaeans,",unreviewed
iliad,4,179,12,14,"in war, in every work, and at the feast, when the best",unreviewed
iliad,4,180,10,13,of the Argives mix the bright wine within the bowl.,unreviewed
iliad,4,184,4,4,claimed that you would.”,unreviewed
iliad,4,185,9,14,"The Cretan leader answered: “Atreus’ son, I shall remain",unreviewed
iliad,4,186,9,14,"your faithful companion, as I first promised and nodded.",unreviewed
iliad,4,187,11,13,"Urge the other long-haired Achaeans on, that we may fight",unreviewed
iliad,4,190,2,4,the covenant.”,unreviewed
iliad,4,191,10,16,Agamemnon passed on gladly and came to the two Ajaxes.,unreviewed
iliad,4,192,10,14,"They armed themselves, and a dense cloud of footmen followed.",unreviewed
iliad,4,193,14,18,As when a goatherd sees from a watchpoint a cloud coming over the sea,unreviewed
iliad,4,194,12,14,"under the West Wind’s sound—black as pitch from far away,",unreviewed
iliad,4,195,11,15,"bringing a mighty storm, and he shudders and drives the sheep",unreviewed
iliad,4,196,12,14,"into a cave—so the dark, shield-and-spear-bristling ranks moved",unreviewed
iliad,4,197,11,18,with the divinely reared young men beside the Ajaxes into war.,unreviewed
iliad,4,198,6,13,"Agamemnon rejoiced, and addressed them: “Ajaxes,",unreviewed
iliad,4,200,10,14,I do not command you. You yourselves drive your people,unreviewed
iliad,4,202,9,16,"Athena, and Apollo gave such courage to every heart!",unreviewed
iliad,4,204,3,4,taken and sacked.”,unreviewed
iliad,4,206,9,13,"of the Pylians, arranging and urging on his friends:",unreviewed
iliad,4,207,7,13,"great Pelagon, Alastor, Chromius, Haimon, lord Bias,",unreviewed
iliad,4,208,9,13,and shepherd of the people. He placed the horsemen,unreviewed
iliad,4,209,8,13,"first, with horses and chariots, and many excellent",unreviewed
iliad,4,211,10,15,"he drove into the middle, so that even unwilling men",unreviewed
iliad,4,215,8,14,in horsemanship and courage to rush alone before,unreviewed
iliad,4,217,9,13,"When one man reaches another chariot from his own,",unreviewed
iliad,4,220,5,6,and courage in their breasts.”,unreviewed
iliad,4,221,8,13,"Agamemnon rejoiced to see the old man: “Elder,",unreviewed
iliad,4,225,4,6,belong among the young!”,unreviewed
iliad,4,234,12,15,"The son of Atreus went on, rejoicing in his heart. He found",unreviewed
iliad,4,241,8,14,for another Trojan tower to advance and begin.,unreviewed
iliad,4,242,3,7,Agamemnon rebuked them:,unreviewed
iliad,4,251,3,5,fighting before you.”,unreviewed
iliad,4,259,2,2,are wind.”,unreviewed
iliad,4,262,10,13,"rich in counsel, I do not rebuke or command you.",unreviewed
iliad,4,270,3,7,Agamemnon rebuked him:,unreviewed
iliad,4,271,12,15,"“Son of Tydeus, why shrink back, why watch the bridges of battle?",unreviewed
iliad,4,272,16,18,"It was not dear to Tydeus to shrink so, but to fight far before his friends,",unreviewed
iliad,4,273,16,18,"as those who saw him labor said. I never met him, but so they tell me.",unreviewed
iliad,4,274,12,21,"He entered Mycenae as a guest with godlike Polynices, gathering a people,",unreviewed
iliad,4,275,11,16,when they campaigned against the sacred walls of seven-gated Thebes.,unreviewed
iliad,4,276,14,16,"They begged us for famous allies, and we agreed; but Zeus turned us back,",unreviewed
iliad,4,277,13,16,showing signs against our will. When they had gone and reached deep-reeded,unreviewed
iliad,4,278,12,19,"Asopus, the Achaeans sent Tydeus as messenger. He went and found many",unreviewed
iliad,4,279,13,19,Cadmeans feasting in the house of mighty Eteocles. Though a guest and alone,unreviewed
iliad,4,280,11,19,"among many Cadmeans, horseman Tydeus was not afraid; he challenged them",unreviewed
iliad,4,281,11,16,to contests and won them all easily—for Athena helped him.,unreviewed
iliad,4,282,15,20,"The angry Cadmeans set an ambush on his return, fifty young men led by two:",unreviewed
iliad,4,283,9,17,"Maeon, like an immortal, and Polyphontes, son of Autophonus.",unreviewed
iliad,4,284,11,16,"Tydeus gave them all a shameful death, sending Maeon home alone,",unreviewed
iliad,4,285,11,16,"because he trusted the gods’ signs. Such was Tydeus, the Aetolian;",unreviewed
iliad,4,286,14,18,"but he fathered a son worse than himself in war, though better in council.”",unreviewed
iliad,4,287,9,15,"Strong Diomedes said nothing, ashamed before the honored king.",unreviewed
iliad,4,288,10,17,"But Sthenelus, glorious son of Capaneus, answered: “Son of Atreus,",unreviewed
iliad,4,289,17,19,do not lie when you know the truth. We boast that we are better than our fathers.,unreviewed
iliad,4,290,14,21,"We took seven-gated Thebes with fewer men, bringing an army beneath its wall,",unreviewed
iliad,4,291,14,18,trusting the gods’ signs and Zeus’s help; our fathers perished through their folly.,unreviewed
iliad,4,292,12,15,Do not place our fathers’ honor on the same scale as ours.”,unreviewed
iliad,4,293,12,17,"Diomedes looked beneath his brows: “Friend, sit silent and obey my word.",unreviewed
iliad,4,294,14,21,"I do not resent Agamemnon, shepherd of the people, for urging the well-greaved",unreviewed
iliad,4,295,13,18,Achaeans to fight. Glory will follow him if the Achaeans sack the Trojans,unreviewed
iliad,4,296,14,17,and take sacred Ilium; great grief will follow him if the Achaeans are destroyed.,unreviewed
iliad,4,298,16,20,He leapt from his chariot in his armor; the bronze rang terribly on the king’s,unreviewed
iliad,4,302,10,13,his orders; the rest moved silently—you would not think,unreviewed
iliad,4,304,7,15,"their officers’ commands, while the variegated armor",unreviewed
iliad,4,305,6,7,flashed about them as they marched.,unreviewed
iliad,4,319,6,6,as through the ranks she moved.,unreviewed
iliad,4,330,4,5,came clamor and pain.,unreviewed
iliad,4,331,8,13,"Antilochus was first to kill a Trojan champion,",unreviewed
iliad,4,340,10,14,"his armor. But his labor was brief. Agenor saw him,",unreviewed
iliad,4,342,10,13,into the ribs exposed beneath it and loosed his limbs.,unreviewed
iliad,4,343,8,14,Thus Elephenor’s spirit went. Trojans and Achaeans,unreviewed
iliad,4,344,7,14,"fought terribly above the body, rushing together",unreviewed
iliad,4,346,6,14,"Telamonian Ajax struck Simoeisius, flourishing son",unreviewed
iliad,4,352,11,13,"was short, and Ajax’s great-hearted spear brought him down.",unreviewed
iliad,4,359,5,7,then left beside the river.,unreviewed
iliad,4,364,8,15,Leucus fell over him. Odysseus grew fiercely angry,unreviewed
iliad,4,365,9,13,"at his companion’s death. Helmeted in bright bronze,",unreviewed
iliad,4,370,9,14,beside the swift horses. At the temple Odysseus struck;,unreviewed
iliad,4,379,10,13,"against the bronze that cuts the flesh. Nor does Achilles,",unreviewed
iliad,4,382,9,15,"The terrible god spoke from the city, while Athena,",unreviewed
iliad,4,384,9,13,"wherever she saw them slacken. There Fate caught Diores,",unreviewed
iliad,4,386,10,14,"his ankle, crushing tendons and bones of his right leg.",unreviewed
iliad,4,387,8,13,"Peirous, son of Imbrasus, leader of the Thracians",unreviewed
iliad,4,396,10,13,taking away his life. He could not strip the armor:,unreviewed
iliad,4,402,5,7,others were killed around them.,unreviewed
iliad,4,405,11,14,"by sharp bronze, if Pallas Athena took him by the hand",unreviewed
iliad,4,407,8,13,many Trojans and Achaeans lay face-down together,unreviewed
iliad,4,408,3,3,in the dust.,unreviewed
iliad,5,9,9,13,"Among the Trojans lived a rich and blameless man,",unreviewed
iliad,5,11,9,13,"Phegeus and Idaios, skilled in every art of war.",unreviewed
iliad,5,19,7,13,"Idaios sprang away, leaving the lovely chariot;",unreviewed
iliad,5,27,10,14,were shaken. Bright-eyed Athena took Ares by the hand:,unreviewed
iliad,5,30,8,14,"and withdraw, avoiding Zeus’s anger. Whichever side",unreviewed
iliad,5,32,11,14,So she led fierce Ares from the battle and seated him,unreviewed
iliad,5,34,9,13,"the Trojans back, and every captain killed a man.",unreviewed
iliad,5,39,8,13,"Idomeneus killed Phaestus, son of Borus’ son Maeon,",unreviewed
iliad,5,41,8,14,"mounted his horses, Idomeneus struck his right shoulder;",unreviewed
iliad,5,42,8,13,"hateful darkness took him, and his attendants stripped",unreviewed
iliad,5,43,2,3,his armor.,unreviewed
iliad,5,47,11,14,"But Artemis, mistress of the bow, did not help him then.",unreviewed
iliad,5,50,8,13,"Meriones killed Phereclus, son of Tecton’s son",unreviewed
iliad,5,51,8,13,"Harmonides, who knew to make all intricate things",unreviewed
iliad,5,52,10,16,"with his hands, and was beloved by Athena. For Alexander",unreviewed
iliad,5,57,10,13,"at the bladder. He fell upon his knees, crying aloud,",unreviewed
iliad,5,58,4,5,and death covered him.,unreviewed
iliad,5,60,9,13,"whom noble Theano raised as tenderly as her own,",unreviewed
iliad,5,61,10,13,for her husband’s sake. Phyleus’ famous son drew near,unreviewed
iliad,5,64,4,6,took away his spirit.,unreviewed
iliad,5,66,8,13,"the godlike son of Dolopion, priest of Scamander,",unreviewed
iliad,5,67,10,15,"honored among the people like a god. As Hypsenor fled,",unreviewed
iliad,5,68,9,16,Eurypylus overtook him and cut his heavy arm away,unreviewed
iliad,5,70,5,6,and purple death seized him.,unreviewed
iliad,5,73,11,15,or Achaeans; he swept across the plain like a winter torrent,unreviewed
iliad,5,74,9,14,that quickly breaks the bridges. Neither bridges nor fences,unreviewed
iliad,5,75,9,14,of flowering orchards restrain it when Zeus’ rain descends,unreviewed
iliad,5,76,12,14,"in force, and many fine works of young men fall before it.",unreviewed
iliad,5,77,9,14,So beneath Diomedes’ hands the Trojan ranks were scattered;,unreviewed
iliad,5,82,9,13,where the corselet swelled. The bitter arrow passed through;,unreviewed
iliad,5,85,11,15,The best of the Achaeans is wounded; surely he will not,unreviewed
iliad,5,86,10,13,"long endure the bitter arrow, if the son of Zeus",unreviewed
iliad,5,94,9,14,blood spurted through the twisted tunic. Then Diomedes prayed:,unreviewed
iliad,5,95,9,13,"“Hear me, daughter of aegis-bearing Zeus, unwearied one.",unreviewed
iliad,5,96,11,15,"If ever you stood kindly beside my father in fierce war,",unreviewed
iliad,5,97,12,14,"be kind to me now, Athena. Grant me to kill the man",unreviewed
iliad,5,100,10,13,"He prayed, and Pallas Athena heard. She made his limbs",unreviewed
iliad,5,104,9,13,"your father’s courage, the fearless force Tydeus carried",unreviewed
iliad,5,105,11,13,behind his shield. I have taken from your eyes the mist,unreviewed
iliad,5,109,8,13,"But if Aphrodite, daughter of Zeus, enters battle,",unreviewed
iliad,5,110,5,5,wound her with sharp bronze.”,unreviewed
iliad,5,111,7,13,So bright-eyed Athena withdrew. Diomedes returned,unreviewed
iliad,5,112,9,13,"to the front ranks, already eager for the Trojans;",unreviewed
iliad,5,114,11,15,"wounds a lion leaping over the sheepfold, yet cannot tame it,",unreviewed
iliad,5,115,10,14,and the wounded beast’s strength rises while the shepherd,unreviewed
iliad,5,116,8,13,"will not defend himself—the sheep huddle together,",unreviewed
iliad,5,123,7,13,"Abas and Polyidus, sons of old Eurydamas,",unreviewed
iliad,5,124,10,13,a dream-reader who did not read their returning dream.,unreviewed
iliad,5,130,10,14,"and bitter mourning; he would not receive his sons alive,",unreviewed
iliad,5,134,10,13,"among cattle and breaks the neck of calf or heifer,",unreviewed
iliad,5,135,9,13,"so Tydeus’ son hurled both unwilling from their horses,",unreviewed
iliad,5,141,9,13,of men who followed him from Aesepus. Aeneas asked,unreviewed
iliad,5,143,7,7,who had done such harm to Troy.,unreviewed
iliad,5,144,9,14,"Pandarus answered that he knew Diomedes by his shield,",unreviewed
iliad,5,145,9,13,"his helmet, and his horses, but suspected a god",unreviewed
iliad,5,156,7,13,they went together against Diomedes. He offered,unreviewed
iliad,5,160,8,13,with my spear.” They mounted the variegated chariot,unreviewed
iliad,5,161,4,7,and drove against Diomedes.,unreviewed
iliad,5,166,11,14,"Let us withdraw upon the horses, lest you lose your life.”",unreviewed
iliad,5,168,9,14,"his strength remained, and Pallas Athena forbade his fear.",unreviewed
iliad,5,172,8,13,They descended from the chariot and rushed together.,unreviewed
iliad,5,173,9,14,Pandarus cast his long-shadowed spear at Diomedes’ shield;,unreviewed
iliad,5,175,9,13,He shouted that Diomedes was wounded through the flank,unreviewed
iliad,5,179,7,13,Athena guided his spear beside Pandarus’ eye;,unreviewed
iliad,5,182,10,15,"his bright armor clattering, while his swift horses ran loose.",unreviewed
iliad,5,191,10,13,"Aphrodite, his mother, saw him and cast her white arms",unreviewed
iliad,5,192,10,13,"around her son, spreading a fold of her shining robe",unreviewed
iliad,5,194,8,13,She carried him away from war. Sthenelus remembered,unreviewed
iliad,5,197,8,13,"He gave them to Deipylus, his trusted companion;",unreviewed
iliad,5,199,8,15,"Diomedes charged Aphrodite, knowing she was a powerless",unreviewed
iliad,5,200,11,16,"goddess—not Athena, nor Enyo, who rule the wars of men.",unreviewed
iliad,5,201,12,13,"When he reached her, he wounded the soft top of her hand",unreviewed
iliad,5,203,10,14,"the Graces had made; immortal ichor flowed, for the gods",unreviewed
iliad,5,204,11,13,eat no grain and drink no dark wine. Aphrodite cried out,unreviewed
iliad,5,205,11,14,"and dropped her son. Phoebus Apollo caught him in his arms,",unreviewed
iliad,5,206,11,15,"covering him with a dark cloud, lest any swift-footed Danaan",unreviewed
iliad,5,209,11,14,"“Yield, daughter of Zeus, who rules the battle and the strife!",unreviewed
iliad,5,210,9,15,Is it not enough that you deceive defenseless women?,unreviewed
iliad,5,211,11,13,"If you come again to war, I think you will shudder",unreviewed
iliad,5,212,12,17,"at the very name of battle, even when you hear it elsewhere.”",unreviewed
iliad,5,215,10,13,"She found swift Ares on the battle’s left, sitting;",unreviewed
iliad,5,216,12,14,"his spear lay in the mist, and his swift horses stood nearby.",unreviewed
iliad,5,217,9,13,"Falling upon her knees, she pleaded with her brother:",unreviewed
iliad,5,219,10,14,"that I may reach Olympus, the seat of the immortals.",unreviewed
iliad,5,220,12,16,"I suffer greatly from the wound a mortal man has given me,",unreviewed
iliad,5,222,8,13,Ares gave her his golden-maned horses. Aphrodite,unreviewed
iliad,5,224,11,13,"Iris sat beside her, took the reins, and lashed the team.",unreviewed
iliad,5,225,10,13,"Swiftly they reached Olympus, the steep seat of the gods.",unreviewed
iliad,5,226,8,13,"Iris halted the horses, unharnessed them, and laid",unreviewed
iliad,5,227,9,15,ambrosial food before them. Aphrodite fell upon her knees,unreviewed
iliad,5,231,8,13,"Aphrodite answered: “The high-hearted son of Tydeus,",unreviewed
iliad,5,232,9,13,"Diomedes, wounded me, because I carried my dear son",unreviewed
iliad,5,234,10,15,This is no longer war only between Trojans and Achaeans—,unreviewed
iliad,5,236,10,14,Dione told her to endure: many who dwell in Olympus,unreviewed
iliad,5,237,9,13,have suffered hard pain at mortal hands. Ares endured,unreviewed
iliad,5,240,8,14,secretly rescued him. Hera endured when Amphitryon’s,unreviewed
iliad,5,242,9,13,"the swift arrow Heracles shot at him in Pylos,",unreviewed
iliad,5,244,8,14,within his shoulder. Paeon poured pain-soothing medicines,unreviewed
iliad,5,246,10,13,Dione rebuked the violent archer who had harmed the gods.,unreviewed
iliad,5,247,7,16,Athena had set Diomedes against Aphrodite; foolishly,unreviewed
iliad,5,248,11,13,he did not know that a man who fights the immortals,unreviewed
iliad,5,249,12,14,"does not return long from war. Let him beware, lest his wife,",unreviewed
iliad,5,250,8,13,"wise Aegialeia, Adrastus’ daughter, should wake from sleep",unreviewed
iliad,5,251,10,13,"and lament for her husband, the best of the Achaeans,",unreviewed
iliad,5,252,8,13,"Diomedes, tamer of horses. She wiped the ichor",unreviewed
iliad,5,254,6,7,and the heavy pains grew still.,unreviewed
iliad,5,255,10,13,"Hera and Athena watched, and teased Zeus with sharp words.",unreviewed
iliad,5,256,11,16,"Athena began: “Father Zeus, will you be angry if I speak?",unreviewed
iliad,5,257,9,15,Cypris has surely urged one Achaean woman to follow,unreviewed
iliad,5,258,10,15,"the Trojans she loves; and, while caressing one of our",unreviewed
iliad,5,259,9,13,"well-robed Achaean women, she scratched her delicate hand",unreviewed
iliad,5,260,11,14,"upon a golden brooch.” The father of gods and men smiled,",unreviewed
iliad,5,261,9,13,"and called golden Aphrodite near: “My child, warlike deeds",unreviewed
iliad,5,262,10,14,are not given to you; pursue instead the lovely works,unreviewed
iliad,5,263,10,15,of marriage. Let swift Ares and Athena attend to these.”,unreviewed
iliad,5,264,8,13,"While they spoke, Diomedes rushed again at Aeneas,",unreviewed
iliad,5,265,9,15,knowing Apollo himself held his hands above the hero.,unreviewed
iliad,5,267,10,14,to kill Aeneas and strip his famous armor. Three times,unreviewed
iliad,5,270,9,14,"Apollo shouted: “Beware, son of Tydeus, and draw back.",unreviewed
iliad,5,271,12,13,Do not think as the gods do; no equal race is run,unreviewed
iliad,5,273,10,18,"Diomedes withdrew a little, avoiding the far-shooter’s anger.",unreviewed
iliad,5,274,11,18,"Apollo set Aeneas apart in sacred Pergamus, where his temple stood;",unreviewed
iliad,5,275,11,17,Leto and Artemis healed and honored him in the great sanctuary.,unreviewed
iliad,5,276,10,15,"Apollo made an image like Aeneas, in form and armor,",unreviewed
iliad,5,277,10,16,"and around that image Trojans and Achaeans beat one another,",unreviewed
iliad,5,278,10,14,striking their rounded ox-hide shields. Then Phoebus called Ares:,unreviewed
iliad,5,279,9,13,"“Ares, destroyer of mortals, wall-breaker, will you not",unreviewed
iliad,5,280,9,13,"go into battle and draw this man, Diomedes, out?",unreviewed
iliad,5,281,10,13,He would fight even father Zeus now. First he wounded,unreviewed
iliad,5,282,12,14,Cypris near the wrist; then against me he rushed like a god.”,unreviewed
iliad,5,283,10,17,"So Apollo sat upon the height of Pergamus, while Ares",unreviewed
iliad,5,284,8,13,"entered the crowd in the likeness of Acamas,",unreviewed
iliad,5,291,11,14,Will you wait until they fight around your well-built gates?,unreviewed
iliad,5,292,9,13,"Aeneas lies there, a good companion whom we honored",unreviewed
iliad,5,294,5,7,His words stirred every heart.,unreviewed
iliad,5,297,10,13,You said you could hold the city without its people,unreviewed
iliad,5,300,10,14,"around a lion, while we fight as allies you summoned.",unreviewed
iliad,5,301,10,14,"I came from far-off Lycia beside the whirling Xanthus,",unreviewed
iliad,5,302,10,15,"leaving a dear wife, a little son, and many possessions;",unreviewed
iliad,5,303,11,13,"yet I urge my Lycians, and myself, to meet a man.",unreviewed
iliad,5,304,10,14,"Here I have nothing for an Achaean to carry away,",unreviewed
iliad,5,305,10,13,"but you stand idle, and do not command your people",unreviewed
iliad,5,306,12,13,to remain and guard the walls. Take care lest you and yours,unreviewed
iliad,5,307,11,15,"become prey, caught like flax in a snare, while the enemy",unreviewed
iliad,5,315,10,13,together and did not flee. As a wind carries chaff,unreviewed
iliad,5,317,11,13,"and the straw heaps grow white beneath it, so the Achaeans",unreviewed
iliad,5,321,10,19,"moving everywhere to aid them and fulfilling Apollo’s command,",unreviewed
iliad,5,324,7,13,Apollo himself brought Aeneas from the sanctuary,unreviewed
iliad,5,326,10,13,"when they saw him alive, unhurt, and full of courage,",unreviewed
iliad,5,327,9,13,but did not ask what had happened: another labor,unreviewed
iliad,5,328,9,13,"was being raised by Apollo, Ares, and unwearied Strife.",unreviewed
iliad,5,329,7,13,"The two Ajaxes, Odysseus, and Diomedes urged",unreviewed
iliad,5,339,9,13,among the fleeing there is neither glory nor courage.”,unreviewed
iliad,5,341,10,14,"of Aeneas, son of Pergasus, honored like Priam’s sons",unreviewed
iliad,5,347,10,13,"a wealthy man in well-built Pherae, whose line descended",unreviewed
iliad,5,348,9,13,"from Alpheius, the broad-flowing river of Pylian land.",unreviewed
iliad,5,350,9,14,"they followed the Argives to Ilium, to win honor",unreviewed
iliad,5,351,10,16,for Agamemnon and Menelaus; but death’s end covered them.,unreviewed
iliad,5,360,9,15,"stirred his courage. Antilochus, Nestor’s great-hearted son,",unreviewed
iliad,5,362,12,15,"the shepherd of the people, lest the day’s labor be lost.",unreviewed
iliad,5,369,9,13,"into the foremost line. There they slew Pylæmenes,",unreviewed
iliad,5,373,10,14,striking the elbow that held the reins. The ivory-white,unreviewed
iliad,5,379,8,13,"with Trojan battalions behind. Ares led the way,",unreviewed
iliad,5,381,8,13,"Ares swung his enormous spear, now before Hector,",unreviewed
iliad,5,383,9,15,"like a helpless traveler who, standing above a river",unreviewed
iliad,5,384,11,14,"pouring foaming into the sea, sees the flood and runs back.",unreviewed
iliad,5,385,11,13,"He called to his friends: “Look how we marvel at Hector,",unreviewed
iliad,5,386,8,13,noble spearman and daring warrior! Some god always,unreviewed
iliad,5,388,12,15,"that god is Ares, made like a mortal man. Face the Trojans,",unreviewed
iliad,5,390,4,4,the gods by force.”,unreviewed
iliad,5,394,10,13,"and cast his bright spear at Amphius, son of Selagus,",unreviewed
iliad,5,395,10,13,"a wealthy man who dwelt in Paesus among grain fields,",unreviewed
iliad,5,397,10,13,Ajax struck him beneath the belt; the long-shadowed spear,unreviewed
iliad,5,399,10,13,"Ajax ran to strip his armor, but Trojan spears poured",unreviewed
iliad,5,402,11,15,the beautiful armor; the press of the many and the brave,unreviewed
iliad,5,405,6,13,"Sarpedon the tall and excellent Tlepolemus,",unreviewed
iliad,5,406,10,13,son of Heracles. When they drew near—son and grandson,unreviewed
iliad,5,407,9,14,of Zeus who gathers the clouds—Tlepolemus first addressed,unreviewed
iliad,5,408,3,5,the Lycian captain:,unreviewed
iliad,5,409,7,13,"“Sarpedon, counselor of the Lycians, what compels",unreviewed
iliad,5,410,9,13,"you to crouch before the battle, a man unpracticed",unreviewed
iliad,5,411,12,14,in war? They lie who call you son of aegis-bearing Zeus;,unreviewed
iliad,5,413,10,14,from him in earlier days. My father Heracles was brave,unreviewed
iliad,5,414,11,15,"and lion-hearted. He came here once for Laomedon’s horses,",unreviewed
iliad,5,417,10,13,and your people waste away. No defense shall you be,unreviewed
iliad,5,422,11,14,who repaid good service with an evil word and would not,unreviewed
iliad,5,423,10,14,give the horses for which Heracles came from far away.,unreviewed
iliad,5,426,10,14,"and your spirit to Hades, lord of the famous horses.”",unreviewed
iliad,5,428,9,13,"struck Tlepolemus’ neck, and the grievous point passed through.",unreviewed
iliad,5,429,11,17,Black night covered his eyes. Tlepolemus struck Sarpedon’s left thigh;,unreviewed
iliad,5,431,10,15,yet Zeus’ son was not wholly overcome. His dear companions,unreviewed
iliad,5,432,10,13,"carried him from battle, the long spear dragging after him,",unreviewed
iliad,5,436,10,13,"Odysseus saw him, and his brave heart burned. He wondered",unreviewed
iliad,5,437,12,16,"whether to pursue Zeus’ son or take the lives of many Lycians,",unreviewed
iliad,5,438,13,15,but it was not his portion to kill the mighty son of Zeus.,unreviewed
iliad,5,439,8,15,"Athena turned his spirit toward the Lycian multitude,",unreviewed
iliad,5,440,7,14,"and he slew Coeranus, Alastor, Chromius, Alcander,",unreviewed
iliad,5,443,10,13,"of Priam, saw the danger and crossed the foremost ranks,",unreviewed
iliad,5,444,9,13,"bringing dread to the Danaans. Sarpedon, son of Zeus,",unreviewed
iliad,5,446,12,13,"“Priam’s son, do not leave me as prey for the Danaans.",unreviewed
iliad,5,447,12,16,"Defend me, and then let life abandon me here in your city.",unreviewed
iliad,5,449,10,13,"my dear wife and little son.” Hector gave no answer,",unreviewed
iliad,5,451,10,16,and take the lives of many. His companions set Sarpedon,unreviewed
iliad,5,457,10,14,"But once Ares and bronze-clad Hector entered the battle,",unreviewed
iliad,5,458,8,13,the Argives neither advanced toward the black ships,unreviewed
iliad,5,461,12,14,Whom did Hector and bronze Ares first and last strip of life?,unreviewed
iliad,5,462,7,13,Teuthras; horse-driving Orestes; the spearman Trechus;,unreviewed
iliad,5,463,7,14,"Oenomaus; Helenus, son of Oenops; and Oresbius",unreviewed
iliad,5,464,10,13,"with the bright belt, who dwelt beside the Cephissian lake",unreviewed
iliad,5,465,11,15,"in Hyle, rich in goods, while other Boeotians lived near him",unreviewed
iliad,5,466,4,7,upon their fertile land.,unreviewed
iliad,5,467,10,15,White-armed Hera saw the Argives falling in hard battle,unreviewed
iliad,5,468,10,15,and spoke to Athena: “Shame! Shall our promise to Menelaus,unreviewed
iliad,5,470,10,13,destructive Ares rage so? Let us put forth our strength.”,unreviewed
iliad,5,471,8,13,Athena did not refuse. Hera harnessed her swift,unreviewed
iliad,5,472,10,13,golden-maned horses. Hebe fitted the curved eight-spoked wheels,unreviewed
iliad,5,473,11,15,"upon the iron axle: their rims were gold, their tires bronze,",unreviewed
iliad,5,474,9,14,"a wonder to behold, their rounded spokes of silver.",unreviewed
iliad,5,476,12,15,and two rails ran around it. From its front the silver pole,unreviewed
iliad,5,477,10,17,extended; at its tip Hera fastened the beautiful golden yoke,unreviewed
iliad,5,478,5,5,and laid on the reins.,unreviewed
iliad,5,479,10,15,"Athena cast her embroidered robe at her father’s feet,",unreviewed
iliad,5,480,11,15,"put on Zeus’ warlike tunic, and armed herself with the tasselled",unreviewed
iliad,5,482,12,17,"Gorgon head. Upon her head she set the four-crested golden helmet,",unreviewed
iliad,5,483,10,14,fitted for a hundred cities; she mounted the flaming car,unreviewed
iliad,5,486,11,15,Hera urged the horses on. Of their own accord the gates,unreviewed
iliad,5,487,11,14,"of heaven groaned—the gates held by the Hours, who open",unreviewed
iliad,5,488,10,13,and close the dense cloud between Olympus and the sky.,unreviewed
iliad,5,490,10,14,from all the gods upon the highest peak of Olympus.,unreviewed
iliad,5,493,10,14,"the deeds of Ares—how many Argives he has destroyed,",unreviewed
iliad,5,494,9,15,heedless of order? Yet Cypris and far-shooting Apollo,unreviewed
iliad,5,496,12,15,"Father Zeus, will you be angry if I drive him from battle,",unreviewed
iliad,5,497,2,4,struck grievously?”,unreviewed
iliad,5,499,11,14,“she is the one most often accustomed to draw near him,unreviewed
iliad,5,500,11,15,with bitter pains.” Hera did not refuse. She lashed the horses;,unreviewed
iliad,5,501,2,2,they flew,unreviewed
iliad,5,502,12,15,between the earth and the starry heaven. As far as a man,unreviewed
iliad,5,503,14,18,"can see the haze while seated on a lookout over the wine-dark sea,",unreviewed
iliad,5,504,12,14,so far the high-driving horses of the gods leapt at once.,unreviewed
iliad,5,506,8,13,"Simoeis and Scamander, Hera stopped them, unhitched them,",unreviewed
iliad,5,507,10,14,and cast a deep mist around them. Simoeis raised ambrosia,unreviewed
iliad,5,508,10,14,for the horses to eat. Hera and Athena went on,unreviewed
iliad,5,509,12,16,like shy doves toward the place where the best of the Argives,unreviewed
iliad,5,510,8,13,"stood around horse-taming Diomedes, gathered like lions",unreviewed
iliad,5,513,9,15,"equaled the voices of fifty men: “Shame, Argives—cowards",unreviewed
iliad,5,514,9,17,"in beautiful bodies! While noble Achilles walked among you,",unreviewed
iliad,5,515,8,13,"the Trojans never dared leave the Dardanian gates,",unreviewed
iliad,5,516,10,13,so greatly they feared his terrible spear. Now they fight,unreviewed
iliad,5,517,10,13,"far from the city, beside the hollow ships.” Her cry",unreviewed
iliad,5,519,11,19,"Athena found Diomedes beside his horses and chariot, wiping the wound",unreviewed
iliad,5,520,11,17,that Pandarus’ arrow had made. Sweat tormented him beneath the broad,unreviewed
iliad,5,521,13,15,shield-strap; his arm grew weary as he wiped the dark blood away.,unreviewed
iliad,5,525,11,14,"When I forbade him to fight, or burst into the tumult,",unreviewed
iliad,5,526,10,15,"and he came as messenger to Thebes among the Cadmeans,",unreviewed
iliad,5,533,4,6,the battle-wise Oeneid.”,unreviewed
iliad,5,535,9,13,"daughter of aegis-bearing Zeus, and will hide nothing.",unreviewed
iliad,5,536,9,14,Neither fear nor cowardice holds me; I remember still,unreviewed
iliad,5,539,10,13,"comes into battle, I may wound her with sharp bronze.",unreviewed
iliad,5,540,9,16,Therefore I withdraw and bid the other Argives gather;,unreviewed
iliad,5,546,11,16,"that mad, shifting god, who lately boasted to Hera and me",unreviewed
iliad,5,548,10,14,but now mingles with the Trojans and forgets his promise.”,unreviewed
iliad,5,549,10,13,She thrust Sthenelus from the chariot and drew him back,unreviewed
iliad,5,550,10,13,with her hand; he sprang away. Then the goddess mounted,unreviewed
iliad,5,552,11,14,the weight of a god and a great man. Pallas Athena,unreviewed
iliad,5,554,8,13,"Ares was stripping the armor from huge Periphas,",unreviewed
iliad,5,555,10,15,"best of the Aetolians, when Athena put on the helmet",unreviewed
iliad,5,557,10,14,"As soon as Ares, the bane of mortals, saw Diomedes,",unreviewed
iliad,5,564,9,14,"Athena guided it beneath the belly, where the belt",unreviewed
iliad,5,565,9,13,"was fastened. He struck Ares, tore the beautiful flesh,",unreviewed
iliad,5,570,11,13,As dark air appears from clouds when the hot wind rises,unreviewed
iliad,5,572,9,15,"to Diomedes, rising among the clouds toward broad heaven.",unreviewed
iliad,5,575,10,13,"“Father Zeus,” he lamented, “do you not see these deeds?",unreviewed
iliad,5,576,9,13,"We gods suffer always through one another’s will,",unreviewed
iliad,5,578,7,13,"because you begot this senseless, ruinous daughter,",unreviewed
iliad,5,580,10,15,The other gods in Olympus obey you and bow beneath,unreviewed
iliad,5,581,11,13,"your will, but you restrain her neither in word nor deed,",unreviewed
iliad,5,583,8,16,She has driven arrogant Diomedes against the immortals:,unreviewed
iliad,5,587,9,14,"among the dreadful dead, or lived powerless beneath bronze.”",unreviewed
iliad,5,590,10,13,You are the god I hate most among the Olympians.,unreviewed
iliad,5,592,9,14,You have your mother’s unyielding temper—Hera’s;,unreviewed
iliad,5,596,12,13,"for you are my child, and your mother bore you to me.",unreviewed
iliad,5,597,9,13,"Had you been born from another god, destructive one,",unreviewed
iliad,5,598,12,14,you would long ago have been lower than the sons of Heaven.”,unreviewed
iliad,5,600,9,14,"pain-soothing medicines upon the wound, and it closed",unreviewed
iliad,5,603,10,14,"when stirred, so quickly the medicine healed the furious god.",unreviewed
iliad,5,605,9,13,he sat beside Zeus in glory. Hera of Argos,unreviewed
iliad,5,606,9,15,and Athena of Alalcomenae returned to the great house,unreviewed
iliad,5,607,9,14,"of Zeus, having stopped murderous Ares in his slaughter.",unreviewed
iliad,6,1,11,17,"The battle rolled on, terrible, between the Trojans and the Achaeans;",unreviewed
iliad,6,2,10,14,their bronze-shod spears drove straight against one another between,unreviewed
iliad,6,3,11,18,"the streams of Simoeis and Xanthus. Great Telamonian Ajax, the rampart",unreviewed
iliad,6,4,14,16,"of the Achaeans, broke the Trojan line first and brought light to his friends.",unreviewed
iliad,6,5,13,19,"He struck Acamas, son of Eussorus, the best and tallest of the Thracians;",unreviewed
iliad,6,6,11,14,"the bronze point pierced the horse-haired crest, entered his forehead,",unreviewed
iliad,6,7,11,18,"and darkness covered his eyes. Diomedes slew Axylus, son of Teuthras,",unreviewed
iliad,6,8,15,16,a rich man who dwelt in well-built Arisbe and loved all men: his house,unreviewed
iliad,6,9,13,19,"stood beside the road, and every traveler found welcome there. Yet no one",unreviewed
iliad,6,10,14,18,could stand before Diomedes and save him from the fatal day; he took both,unreviewed
iliad,6,11,13,21,"Axylus and his charioteer Calesius, and the two went down together in dust.",unreviewed
iliad,6,12,11,19,"Euryalus stripped Dresus and Opheltius, then went on against Aesepus and",unreviewed
iliad,6,13,12,21,"Pedasus, twin sons whom the water-nymph Abarbarea bore to noble Bucolion.",unreviewed
iliad,6,14,13,19,"Bucolion was the eldest son of proud Laomedon, but his mother bore him",unreviewed
iliad,6,15,13,17,"in secret. While he tended sheep he lay with the nymph, who conceived",unreviewed
iliad,6,16,13,15,and brought forth the twins; now the son of Mecisteus broke their strength,unreviewed
iliad,6,17,11,18,and took the shining armor from their shoulders. War-loving Polypoetes,unreviewed
iliad,6,18,10,17,"slew Astyalus; Odysseus struck down Percosius with bronze, and Teucer",unreviewed
iliad,6,19,11,19,"felled Aretaon. Antilochus, Nestor's son, killed Ablerus with his bright spear;",unreviewed
iliad,6,20,12,19,"Agamemnon, lord of men, killed Elatus, who dwelt beside the fair-flowing",unreviewed
iliad,6,21,12,21,"Satnioeis near steep Pedasus. Leitus took Phylacus as he fled, and Eurypylus",unreviewed
iliad,6,22,4,6,stripped Melanthius of life.,unreviewed
iliad,6,23,10,18,"Menelaus seized Adrastus alive. His frightened horses, startled across the",unreviewed
iliad,6,24,12,17,"plain, broke the curved chariot's pole against a tamarisk branch; they ran",unreviewed
iliad,6,25,12,19,"toward the city where the others fled, while Adrastus rolled headlong from",unreviewed
iliad,6,26,15,18,the car and fell face-first in the dust. Menelaus stood above him with his,unreviewed
iliad,6,27,10,15,long-shadowed spear. Adrastus clasped the Atrid's knees and pleaded:,unreviewed
iliad,6,28,15,21,"“Take me alive, son of Atreus, and accept a ransom worthy of me. My wealthy",unreviewed
iliad,6,29,14,16,"father has bronze, gold, and much-worked iron stored in his house; he would",unreviewed
iliad,6,30,15,21,give you measureless gifts if he heard that I was alive among the Achaean ships.”,unreviewed
iliad,6,31,13,20,"His words moved Menelaus' heart, and he was already about to send Adrastus",unreviewed
iliad,6,32,14,20,"to the swift ships, into the hands of a servant, when Agamemnon came running",unreviewed
iliad,6,33,15,18,"and called aloud: “My good Menelaus, why do you care so for these men? Have",unreviewed
iliad,6,34,14,17,the Trojans treated your house so well? Let none escape the steep death from,unreviewed
iliad,6,35,15,18,our hands—not even the unborn child carried in its mother's womb. Let all of,unreviewed
iliad,6,36,11,18,"Ilium perish, unburied and unseen.” His brother's words turned Menelaus' mind;",unreviewed
iliad,6,37,14,21,"he thrust Adrastus away, and Agamemnon struck him beneath the ribs. As he fell,",unreviewed
iliad,6,38,14,17,the Atrid planted his foot upon his chest and tore the ash spear free.,unreviewed
iliad,6,39,12,19,"Then Nestor cried to the Argives: “Friends, Danaan heroes, servants of Ares,",unreviewed
iliad,6,40,15,20,"let no one linger now beside the spoils, loading his hands with armor to carry",unreviewed
iliad,6,41,14,17,"back to the ships. Let us kill the men; afterward, when you stand untroubled,",unreviewed
iliad,6,42,13,18,you may strip the dead across the field.” His shout awakened every heart.,unreviewed
iliad,6,43,13,20,"The Trojans would have fled into Ilium beneath the Achaeans, had not Helenus,",unreviewed
iliad,6,44,14,18,"Priam's son, best of all augurs, come to Aeneas and Hector and said: “Aeneas",unreviewed
iliad,6,45,14,20,"and Hector, on you above all Trojans and Lycians the labor rests, because you",unreviewed
iliad,6,46,15,20,"are best in counsel and battle. Stand here, and hold the people before the gates,",unreviewed
iliad,6,47,12,19,"moving everywhere through the ranks, before they fall in flight into women's",unreviewed
iliad,6,48,14,21,"hands and become a joy to the enemy. When you have roused every battalion,",unreviewed
iliad,6,49,15,19,"we will remain and fight the Danaans here, though we are sorely worn, for need",unreviewed
iliad,6,50,15,20,"drives us. Hector, go through the city; tell your mother and mine to gather the",unreviewed
iliad,6,51,15,22,"elders, open the temple of gray-eyed Athena on the city's height, and lay upon",unreviewed
iliad,6,52,14,19,"the goddess' knees the robe she believes most beautiful and most large, the one",unreviewed
iliad,6,53,13,19,"she loves best in the house. Promise twelve yearling heifers, never yet broken",unreviewed
iliad,6,54,17,22,"to the goad, if she will pity the city, the wives of Troy, and their little children,",unreviewed
iliad,6,55,15,18,"and keep the fierce spear of Tydeus' son, the strong deviser of flight, from sacred",unreviewed
iliad,6,56,15,21,"Ilium. I call him the strongest of all the Achaeans; not even Achilles, they say,",unreviewed
iliad,6,57,14,18,"though born of a goddess, was ever so feared. This man rages beyond measure,",unreviewed
iliad,6,59,14,20,"Hector did not disobey his brother. He leapt from his chariot in his armor,",unreviewed
iliad,6,60,13,19,"shook his sharp spears, and went everywhere through the army, urging the battle",unreviewed
iliad,6,61,13,19,and waking the dreadful tumult. The Trojans turned and stood against the Achaeans;,unreviewed
iliad,6,62,12,19,"the Argives gave ground and stopped their slaughter, believing that some immortal",unreviewed
iliad,6,63,13,21,had descended from the starry heaven to defend the Trojans. Hector called aloud:,unreviewed
iliad,6,64,15,20,"“Trojans, men of high spirit, and far-famed allies, be men, my friends, and remember",unreviewed
iliad,6,65,17,24,your furious courage while I go into Ilium and tell the elders and our wives to pray,unreviewed
iliad,6,66,15,19,"to the gods and promise hecatombs.” Thus he spoke and went away, and the shield's",unreviewed
iliad,6,67,16,20,"rim, running lowest around its boss, struck his ankles and the dark skin of his neck.",unreviewed
iliad,6,68,10,19,"Glaucus, son of Hippolochus, and Tydeus' son Diomedes came together",unreviewed
iliad,6,69,12,15,"between the armies, both eager to fight. When they had drawn near,",unreviewed
iliad,6,71,13,16,"“Who are you, best of mortal men? I have never seen you before",unreviewed
iliad,6,72,14,17,in the glory-making war; yet now you have gone far beyond all others,unreviewed
iliad,6,73,14,18,"in daring, to wait for my long-shadowed spear. The sons of the unhappy",unreviewed
iliad,6,74,15,16,"who meet my strength do not live long. If you have come down from heaven,",unreviewed
iliad,6,75,15,20,"I will not fight the gods who dwell above; even mighty Lycurgus, son of Dryas,",unreviewed
iliad,6,76,15,19,did not live long when he quarreled with the immortals. He once drove the nurses,unreviewed
iliad,6,77,14,22,of raging Dionysus down the holy slopes of Nysa; they scattered the fennel wands,unreviewed
iliad,6,78,13,19,"while man-slaying Lycurgus beat them with his ox-goad. Dionysus, afraid, plunged",unreviewed
iliad,6,79,14,18,"beneath the sea, and Thetis received him trembling in her lap; the man's shout",unreviewed
iliad,6,80,14,20,"had filled him with terror. The gods who live easily were angered at Lycurgus,",unreviewed
iliad,6,81,16,21,"and the son of Cronus blinded him; nor did he live long, hated by every god.",unreviewed
iliad,6,82,17,19,I would not fight the blessed ones. But if you are one of those mortals who eat,unreviewed
iliad,6,83,16,20,"the fruit of the earth, come nearer, that you may sooner reach the boundary of death.”",unreviewed
iliad,6,84,13,20,"The shining son of Hippolochus answered: “Great-hearted son of Tydeus, why ask",unreviewed
iliad,6,85,16,19,"my lineage? Like the leaves, so is the race of men. The wind scatters one year's",unreviewed
iliad,6,86,13,20,"leaves upon the ground, and the forest, breaking into flower, grows others when",unreviewed
iliad,6,87,13,22,"spring returns. So one generation of men comes forth, and another passes away.",unreviewed
iliad,6,88,19,20,"Yet, if you wish to know this too, that you may know it well, many men know my house.",unreviewed
iliad,6,89,15,19,"“There is a city called Ephyre, in the heart of horse-breeding Argos. There lived",unreviewed
iliad,6,90,14,21,"Sisyphus, most cunning of men, Sisyphus son of Aeolus; his son was Glaucus, and",unreviewed
iliad,6,91,10,21,Glaucus fathered blameless Bellerophon. The gods gave Bellerophon beauty and,unreviewed
iliad,6,92,14,22,"lovely courage. But Proetus devised evil against him, and drove him from the people",unreviewed
iliad,6,93,15,19,"of Argos, for he was much stronger than they; Zeus had placed them beneath Proetus'",unreviewed
iliad,6,94,14,19,"scepter. Then the wife of Proetus, divine Anteia, was seized with desire to lie",unreviewed
iliad,6,95,13,18,"secretly with him, but Bellerophon would not yield, for his thoughts were good.",unreviewed
iliad,6,96,14,19,"She lied to King Proetus: ‘Die, Proetus, or kill Bellerophon, who sought to lie",unreviewed
iliad,6,97,16,18,"with me against my will.’ The king was angered, yet feared to kill him, and sent",unreviewed
iliad,6,98,14,21,"him to Lycia with a folded tablet bearing many signs of death, commanding that",unreviewed
iliad,6,100,13,19,“Bellerophon went under the gods' good escort. When he reached broad Lycia and,unreviewed
iliad,6,101,13,18,"the flowing Xanthus, the king welcomed and honored him, feasting him nine days",unreviewed
iliad,6,102,15,21,and sacrificing nine oxen. On the tenth dawn he asked to see the deadly tablet,unreviewed
iliad,6,103,15,19,"that Proetus had sent to the king. When he had received it, he first commanded",unreviewed
iliad,6,104,11,22,"Bellerophon to kill the unconquerable Chimera, a creature of divine stock:",unreviewed
iliad,6,105,16,22,"in front a lion, behind a serpent, and in the middle a goat, breathing the terrible",unreviewed
iliad,6,106,13,19,"strength of burning fire. Bellerophon killed her, trusting the omens of the gods.",unreviewed
iliad,6,107,14,20,"Then he fought the glorious Solymi, saying that this was the hardest battle among",unreviewed
iliad,6,108,16,21,"men; and third he slew the man-like Amazons. When he returned, the king wove another",unreviewed
iliad,6,109,14,18,"close snare, choosing the best men from broad Lycia and setting them in ambush.",unreviewed
iliad,6,110,12,19,"None returned home; blameless Bellerophon killed them all. At last, knowing that",unreviewed
iliad,6,111,18,19,"he was the dear son of a god, the king held him there, gave him his daughter, and",unreviewed
iliad,6,112,15,21,"granted him half the royal honor. The Lycians cut out for him a beautiful estate,",unreviewed
iliad,6,113,10,13,"rich in orchard and plowland, that he might possess it.",unreviewed
iliad,6,114,11,20,"“His wife bore three children to brave Bellerophon: Isander, Hippolochus, and",unreviewed
iliad,6,115,13,21,"Laodameia. Zeus who counsels all lay with Laodameia, and she bore godlike Sarpedon,",unreviewed
iliad,6,116,14,20,"armed in bronze. But when Bellerophon became hated by all the gods, he wandered",unreviewed
iliad,6,117,14,19,"alone across the Aleian plain, eating his heart and shunning the paths of men.",unreviewed
iliad,6,118,14,23,"Ares, insatiable in war, killed his son Isander as he fought the glorious Solymi;",unreviewed
iliad,6,119,11,21,"Artemis of the golden reins, angered, killed Laodameia. Hippolochus fathered me,",unreviewed
iliad,6,120,18,21,and from him I say that I was born. He sent me to Troy with many commands: always,unreviewed
iliad,6,121,17,21,"to be best and excel all others, never to shame the blood of my fathers, who were",unreviewed
iliad,6,122,15,19,the greatest in Ephyre and in broad Lycia. Of this lineage and blood I boast.”,unreviewed
iliad,6,123,14,19,"Diomedes rejoiced when he heard him, planted his spear in the earth, and answered",unreviewed
iliad,6,124,15,19,the shepherd of the people with gentle words: “Then you are an ancient guest-friend,unreviewed
iliad,6,125,12,22,of my father's house. Noble Oeneus once entertained blameless Bellerophon in his,unreviewed
iliad,6,126,13,18,"halls for twenty days, and they exchanged beautiful guest-gifts: Oeneus gave a",unreviewed
iliad,6,127,15,20,"bright purple belt, and Bellerophon a golden, two-handled cup. I left that cup at",unreviewed
iliad,6,128,18,21,"home when I came here. I do not remember Tydeus, for I was still a child when the",unreviewed
iliad,6,129,16,20,"Achaeans perished at Thebes. So now I am your guest-friend in Argos, and you mine",unreviewed
iliad,6,130,17,23,"in Lycia, if ever I come among that people. Let us avoid each other's spears in the",unreviewed
iliad,6,131,15,19,"crowd; there are Trojans and famous allies enough for me to kill, whom some god",unreviewed
iliad,6,132,18,21,"may place in my path, and Achaeans enough for you to kill, if you can. Let us exchange",unreviewed
iliad,6,133,16,18,"armor, so that these men may know that we boast of being our fathers' guest-friends.”",unreviewed
iliad,6,134,13,16,"They spoke, leapt down from their chariots, clasped one another's hands, and pledged",unreviewed
iliad,6,135,12,19,"their faith. But Zeus, son of Cronus, stole Glaucus' understanding: he exchanged",unreviewed
iliad,6,136,15,18,"golden armor for bronze, the price of a hundred cattle for the price of nine.",unreviewed
iliad,6,137,14,18,"Hector reached the Scaean gates and the beech tree, and the wives and daughters",unreviewed
iliad,6,138,12,18,"of the Trojans ran around him, asking after their children, brothers, friends,",unreviewed
iliad,6,139,16,21,"and husbands. He told them all to pray to the gods, for sorrow had fallen heavily",unreviewed
iliad,6,140,13,18,"upon them. When he came to Priam's splendid house, built with polished porticoes,",unreviewed
iliad,6,141,14,18,"he found fifty chambers of hewn stone, set close together, where the king's sons",unreviewed
iliad,6,142,13,18,slept beside their wedded wives; and across the court stood twelve roofed chambers,unreviewed
iliad,6,143,13,18,"for his daughters and their husbands. There his gentle mother met him, bringing",unreviewed
iliad,6,144,15,18,"Laodice, the fairest of her daughters. She took his hand and called him by name:",unreviewed
iliad,6,145,16,20,"“My child, why have you left the fierce battle? Are the hateful sons of the Achaeans",unreviewed
iliad,6,146,15,18,"pressing hard around the city, and has your heart sent you here from the wall's",unreviewed
iliad,6,147,16,17,"edge to lift your hands to Zeus? Wait, and I will bring you honey-sweet wine,",unreviewed
iliad,6,148,16,22,"that you may pour a libation first to father Zeus and the other immortals, and then",unreviewed
iliad,6,149,15,19,"refresh yourself if you drink. Wine gives great strength to a weary man, and you",unreviewed
iliad,6,151,12,16,"Great-helmed Hector answered: “Do not bring me honeyed wine, revered mother,",unreviewed
iliad,6,152,16,19,lest you weaken my limbs and make me forget my strength. I am ashamed to pour,unreviewed
iliad,6,153,17,19,"bright wine to Zeus with unwashed hands, and it is not lawful to pray to the dark-",unreviewed
iliad,6,154,14,20,clouded son of Cronus while stained with blood and filth. Go instead to Athena's,unreviewed
iliad,6,155,16,21,"temple, gathering the old women of the city. Take the robe that seems to you the",unreviewed
iliad,6,156,17,21,"most beautiful and largest in the house, the one most dear to her, and lay it upon",unreviewed
iliad,6,157,13,18,"the knees of the fair-haired goddess. Promise twelve yearling heifers, never yet",unreviewed
iliad,6,158,17,22,"broken to the goad, if she will pity the city, the wives of Troy, and their children,",unreviewed
iliad,6,159,16,19,and keep the fierce spear of Tydeus' son from sacred Ilium. I will seek Paris and,unreviewed
iliad,6,160,15,18,"call him, if he will listen. Would that the earth might open and swallow him!",unreviewed
iliad,6,161,17,19,"The Olympian has bred him as a great plague to Troy, to Priam, and to his sons;",unreviewed
iliad,6,162,16,19,"if I saw him going down to Hades, I think my spirit might forget its grief.”",unreviewed
iliad,6,163,13,20,His mother went into the perfumed chamber and called her attendants; they gathered,unreviewed
iliad,6,164,14,22,the old women throughout the city. Hecuba descended to the chamber where lay the,unreviewed
iliad,6,165,12,22,"embroidered robes made by Sidonian women, whom godlike Alexander had brought from",unreviewed
iliad,6,166,16,19,"Sidon across the wide sea by the same route on which he carried Helen, high-born",unreviewed
iliad,6,167,14,21,"daughter of Tyndareus. She lifted one robe, most beautiful in its pattern and the",unreviewed
iliad,6,168,16,20,"largest of all, shining like a star, and lying beneath the others. With it she went,",unreviewed
iliad,6,169,14,22,"and many aged women followed. When they reached Athena's temple on the city's height,",unreviewed
iliad,6,170,13,20,"Theano, fair-cheeked daughter of Cisseus and wife of horse-taming Antenor, opened",unreviewed
iliad,6,171,15,19,the doors; the Trojans had made her priestess of Athena. All raised their hands with,unreviewed
iliad,6,172,17,20,the ritual cry. Theano took the robe and laid it upon the knees of the fair-haired,unreviewed
iliad,6,173,10,20,"goddess, praying: “Lady Athena, glorious among goddesses, break Diomedes' spear,",unreviewed
iliad,6,174,14,19,and make him fall forward before the Scaean gates. Then we will sacrifice twelve,unreviewed
iliad,6,175,15,21,"yearling heifers in your temple, if you will pity the city, the wives of Troy,",unreviewed
iliad,6,176,14,20,"and their little children.” So she prayed, but Pallas Athena turned her face away.",unreviewed
iliad,6,177,13,18,"Hector went to the beautiful house of Paris, built by the best craftsmen",unreviewed
iliad,6,178,14,20,of fertile Troy beside the houses of Priam and Hector. He entered with his,unreviewed
iliad,6,179,13,18,"eleven-cubit spear in his hand, the bronze point shining before him and",unreviewed
iliad,6,180,13,19,"the golden socket running around it. Paris was there, putting on his fine",unreviewed
iliad,6,181,12,17,"armor, shield and breastplate, and bending his curved bow; Argive Helen sat",unreviewed
iliad,6,182,10,18,"among her maidservants, directing their famous work. Hector rebuked him:",unreviewed
iliad,6,183,13,17,"“Strange man, you nurse this anger in your heart while the people perish",unreviewed
iliad,6,184,14,17,around the steep wall. For your sake battle and war have kindled this city;,unreviewed
iliad,6,185,13,19,you yourself would fight another if you saw him shrinking from the hateful,unreviewed
iliad,6,186,9,14,"war. Rise, before the enemy's fire consumes the town.”",unreviewed
iliad,6,187,12,18,"Godlike Paris answered: “Hector, you have rebuked me justly, and not beyond",unreviewed
iliad,6,188,15,19,"what is just. I did not sit here from anger toward the Trojans, but because",unreviewed
iliad,6,189,16,19,I wished to yield to grief. My wife has urged me toward the battle with gentle,unreviewed
iliad,6,190,17,20,"words, and I too think it is better. Wait a little; I will put on my armor,",unreviewed
iliad,6,192,12,17,Hector did not answer him. Helen spoke to Hector with gentle words:,unreviewed
iliad,6,193,14,20,"“Brother of my husband, dog that I am, full of hateful contrivance! Would that",unreviewed
iliad,6,194,16,19,"the storm had carried me away on the day my mother bore me, to mountain or",unreviewed
iliad,6,195,14,18,"wave-beaten sea, before these deeds were born. But since the gods have appointed",unreviewed
iliad,6,196,17,19,"these evils, would that I had been the wife of a better man, one who knew the",unreviewed
iliad,6,197,16,20,"shame and many reproaches of men. This man has no steady mind now, nor will he",unreviewed
iliad,6,198,18,20,have one later; I think he will reap what he has sown. Come in and sit upon this,unreviewed
iliad,6,199,13,18,"bench, my brother, since the labor has weighed most heavily upon your heart,",unreviewed
iliad,6,200,15,22,"because of me, hateful as I am, and because of Alexander's ruin. Zeus set this",unreviewed
iliad,6,201,17,22,"evil fate upon us, that we should be sung as a song for generations yet to come.”",unreviewed
iliad,6,202,15,18,"Great-helmed Hector answered: “Do not ask me to sit, Helen, though you love me;",unreviewed
iliad,6,203,15,21,"you will not persuade me. My heart already urges me to defend the Trojans, who",unreviewed
iliad,6,204,18,20,"long for me while I am gone. Stir this man, and let him hurry, so that he may",unreviewed
iliad,6,205,18,21,"find me still within the city. I will go home too, to see my wife and my little",unreviewed
iliad,6,206,17,21,"son; for I do not know whether I shall return to them again, or whether the gods",unreviewed
iliad,6,208,16,19,"He spoke and left. At once he reached his well-inhabited house, but did not find",unreviewed
iliad,6,209,15,20,Andromache in the hall. She had gone with her child and a richly dressed attendant,unreviewed
iliad,6,210,14,20,"to the great tower, lamenting and grieving. Hector stood at the threshold and asked",unreviewed
iliad,6,211,14,18,the servants: “Tell me truly: where has white-armed Andromache gone from the house?,unreviewed
iliad,6,212,16,22,"Has she gone to my sisters or my brothers' well-robed wives, or to Athena's temple,",unreviewed
iliad,6,213,13,19,where the other fair-haired Trojan women seek to appease the dreadful goddess?”,unreviewed
iliad,6,214,14,20,"The busy housekeeper answered: “Since you command me to tell the truth, she has",unreviewed
iliad,6,215,14,21,"gone neither to your sisters nor to your brothers' wives, nor to Athena's temple",unreviewed
iliad,6,216,15,17,where the women pray. She heard that the Trojans were worn down and that the,unreviewed
iliad,6,217,14,16,"Achaeans' strength had grown great; she hurried to the wall like a mad woman,",unreviewed
iliad,6,219,16,17,Hector ran out of the house and back through the well-built streets. As he passed,unreviewed
iliad,6,220,15,20,"the gates, where he was about to cross into the plain, his richly gifted wife",unreviewed
iliad,6,221,13,19,"Andromache came running to meet him, daughter of great-hearted Eetion, who dwelt",unreviewed
iliad,6,222,14,22,beneath wooded Placus in Thebe of Cilicia. She had been Hector's wife. Her attendant,unreviewed
iliad,6,223,12,17,"carried at her breast their little child, beloved Astyanax, whom Hector called",unreviewed
iliad,6,224,13,21,"Scamandrius, while all others called him Astyanax, “lord of the city,” for Hector",unreviewed
iliad,6,225,3,7,alone defended Ilium.,unreviewed
iliad,6,226,13,19,"Hector smiled silently when he saw the child. Andromache came close, shedding tears,",unreviewed
iliad,6,227,14,17,"took his hand, and called him: “Your own strength will destroy you, pitiless man;",unreviewed
iliad,6,228,18,22,"you have no pity for your little child or for me, soon to be your widow. The Achaeans",unreviewed
iliad,6,229,17,22,"will soon kill you, all rushing upon you together. It would be better for me, if I",unreviewed
iliad,6,230,17,20,"lose you, to go beneath the earth; I shall have no other comfort once you meet your",unreviewed
iliad,6,231,14,22,"fate, only sorrow. I have no father or honored mother. Achilles killed my father,",unreviewed
iliad,6,232,14,22,"and sacked high-gated Thebe, the well-inhabited city of Cilicia. He killed Eetion,",unreviewed
iliad,6,233,19,19,"but did not strip him, for he feared to do that in his heart; he burned him in his",unreviewed
iliad,6,234,14,20,"beautiful armor and raised a mound over him, and the mountain nymphs, daughters of",unreviewed
iliad,6,235,14,20,"aegis-bearing Zeus, planted elms around it. I had seven brothers in the house;",unreviewed
iliad,6,236,15,20,"all went down to Hades on one day, for swift-footed Achilles killed them among",unreviewed
iliad,6,237,14,19,"their shambling cattle and white sheep. He carried away my mother, who ruled beneath",unreviewed
iliad,6,238,15,22,"wooded Placus, with the rest of the spoil, then released her for a measureless ransom;",unreviewed
iliad,6,239,14,17,but Artemis of the bow struck her down in the house of my father.,unreviewed
iliad,6,240,13,19,"“Hector, you are now my father, honored mother, brother, and strong husband. Come,",unreviewed
iliad,6,241,18,22,"then, pity me and stay here upon the tower; do not make your child an orphan and your",unreviewed
iliad,6,242,17,22,"wife a widow. Set the army beside the fig tree, where the city is easiest to climb",unreviewed
iliad,6,243,17,20,"and the wall most open to attack. Three times the best of them have tried that place,",unreviewed
iliad,6,244,13,22,"around both Ajaxes, glorious Idomeneus, the Atrids, and the brave son of Tydeus—",unreviewed
iliad,6,245,13,17,"perhaps some prophet told them, or perhaps their own courage drove them on.”",unreviewed
iliad,6,246,15,19,"Great-helmed Hector answered: “All this lies within my heart, woman. But I would be",unreviewed
iliad,6,247,15,21,deeply ashamed before the Trojans and their trailing-robed wives if I shrank from the,unreviewed
iliad,6,248,18,22,battle like a coward. My spirit does not allow it; I have learned to be brave and to,unreviewed
iliad,6,249,14,21,"fight always among the first Trojans, winning great glory for my father and myself.",unreviewed
iliad,6,250,17,20,"For I know this surely in my mind and heart: the day will come when sacred Ilium,",unreviewed
iliad,6,251,16,17,"Priam, and the people of Priam, strong in the spear, will all be destroyed. But the",unreviewed
iliad,6,252,16,22,"future grief of the Trojans, of Hecuba herself, of lord Priam, and of my many brave",unreviewed
iliad,6,253,17,21,brothers when they fall in the dust beneath hostile men does not pain me so much as,unreviewed
iliad,6,254,14,18,"yours, when some bronze-clad Achaean leads you away weeping, taking your free day",unreviewed
iliad,6,255,15,21,"from you. In Argos you will weave at another woman's loom, or carry water from",unreviewed
iliad,6,256,13,23,"Messeis or Hypereia, unwilling, and harsh necessity will lie upon you. Then someone",unreviewed
iliad,6,257,18,20,"may see you in tears and say: ‘There is the wife of Hector, who was best in battle",unreviewed
iliad,6,258,14,19,"among the horse-taming Trojans when they fought around Ilium.’ So he will speak,",unreviewed
iliad,6,259,17,21,"and your grief will be new, lacking such a husband to ward off the day of slavery.",unreviewed
iliad,6,260,17,20,May the piled earth cover me dead before I hear your cry and see you dragged away.”,unreviewed
iliad,6,261,14,18,"When he had spoken, glorious Hector reached toward his child; but the boy turned",unreviewed
iliad,6,262,13,19,"back toward the nurse's richly belted breast, crying, frightened by his dear father's",unreviewed
iliad,6,263,14,21,appearance and by the bronze and the horsehair crest nodding terribly from the top,unreviewed
iliad,6,264,15,21,of the helmet. His father and honored mother laughed. At once Hector took the helmet,unreviewed
iliad,6,265,16,19,"from his head and set it shining upon the ground. He kissed his beloved son, rocked",unreviewed
iliad,6,266,12,13,"him in his arms, and prayed to Zeus and the other gods:",unreviewed
iliad,6,267,16,20,"“Zeus and all gods, grant that this child may become, as I am, eminent among the",unreviewed
iliad,6,268,15,20,"Trojans, strong in courage, and rule Ilium by his might. May someone one day say,",unreviewed
iliad,6,269,15,21,"‘He is far better than his father,’ when he returns from battle carrying the bloody",unreviewed
iliad,6,270,13,18,armor of an enemy he has killed; and may his mother's heart rejoice.”,unreviewed
iliad,6,271,15,19,He placed the child in his dear wife's arms. She received him into her fragrant,unreviewed
iliad,6,272,13,16,"bosom, smiling through tears. Her husband pitied her, stroked her with his hand,",unreviewed
iliad,6,273,18,19,"and called her by name: “Dear one, do not grieve so deeply. No man can send me to",unreviewed
iliad,6,274,14,22,"Hades before my appointed portion; and no man, coward or brave, has ever escaped",unreviewed
iliad,6,275,18,19,"his fate once he was born. Go home, and tend to your own work, the loom and distaff,",unreviewed
iliad,6,276,16,21,and command your attendants to keep at their labor. War shall be the concern of all,unreviewed
iliad,6,278,15,21,"He spoke and lifted the horsehair helmet. His wife went home, turning often to look",unreviewed
iliad,6,279,12,20,"back and shedding tears; the attendants raised a common lament, believing Hector",unreviewed
iliad,6,280,16,20,would not return from battle. Paris did not linger in his high house. Once he had,unreviewed
iliad,6,281,16,19,"put on his shining armor, he hurried through the city, bright as a well-fed horse",unreviewed
iliad,6,282,16,21,that breaks its tether and runs proudly to the river. He soon found his noble brother,unreviewed
iliad,6,283,15,19,as Hector was turning away from the place where he had spoken with his wife.,unreviewed
iliad,6,284,15,20,"“Brother,” Paris said, “I have detained you by waiting, and have not come as quickly",unreviewed
iliad,6,285,14,21,"as you commanded.” Hector answered: “No decent man could despise your work in battle,",unreviewed
iliad,6,286,18,19,"for you are strong; but you hold back by choice, and my heart aches when I hear the",unreviewed
iliad,6,287,15,20,"shame the Trojans endure because of you. Come. We shall make amends, if Zeus ever",unreviewed
iliad,6,288,14,19,grants us to raise a mixing bowl in the halls of heaven after victory.”,unreviewed
iliad,7,1,11,18,"Hector sprang from the gates, and Alexander followed him, both eager",unreviewed
iliad,7,2,14,18,to fight. As when a god gives wind to sailors who have labored across,unreviewed
iliad,7,3,15,17,"the sea, their limbs worn out with toil, so the two appeared to the Trojans,",unreviewed
iliad,7,4,12,17,"longing for battle. They killed Menesthius, son of the club-bearing king",unreviewed
iliad,7,5,12,18,"Areithous, and Hector struck Eionaeus beneath the bronze rim of his helmet,",unreviewed
iliad,7,6,12,20,"loosening his knees. Glaucus, son of Hippolochus and leader of the Lycians,",unreviewed
iliad,7,7,14,19,"hit Iphinous, son of Dexias, as he leapt upon his swift horses, and brought",unreviewed
iliad,7,8,6,7,him down with his shoulder pierced.,unreviewed
iliad,7,9,14,20,Gray-eyed Athena saw the Argives falling in the hard battle and rushed down,unreviewed
iliad,7,10,11,21,"from Olympus toward sacred Ilium. Apollo, watching from Pergamus and wishing",unreviewed
iliad,7,11,14,20,"victory for the Trojans, rose to meet her beside the beech tree. Apollo spoke:",unreviewed
iliad,7,12,13,18,"“Why have you come in such eagerness from Olympus, daughter of great Zeus?",unreviewed
iliad,7,13,16,20,Do you mean to give the Danaans a victory that turns the battle? You do not,unreviewed
iliad,7,14,15,20,"pity the Trojans as they perish. If you would listen, it would be far better:",unreviewed
iliad,7,15,14,19,let us stop the war and slaughter for today; afterward they may fight again,unreviewed
iliad,7,16,16,20,"until they find the appointed end of Ilium, since it is dear to both of us",unreviewed
iliad,7,17,4,6,to destroy this city.”,unreviewed
iliad,7,18,14,20,"Athena answered: “Let it be so, Far-shooter. I too came from Olympus with",unreviewed
iliad,7,19,13,17,"that purpose, between the Trojans and Achaeans. But tell me how you mean",unreviewed
iliad,7,20,4,5,to end the fighting.”,unreviewed
iliad,7,21,14,18,"Apollo said: “Let us rouse Hector’s strong heart, that he may challenge one",unreviewed
iliad,7,22,14,20,of the Danaans to stand alone against him in the hateful battle. Then the,unreviewed
iliad,7,23,11,17,"bronze-greaved Achaeans, angered, will send one champion against godlike Hector.”",unreviewed
iliad,7,24,11,19,"Athena agreed. Helenus, Priam’s beloved son, understood the counsel that",unreviewed
iliad,7,25,14,17,"pleased the gods, came to Hector, and said: “Hector, son of Priam, equal to",unreviewed
iliad,7,26,14,18,"Zeus in counsel, will you listen to me, your brother? Make all the Trojans",unreviewed
iliad,7,27,16,18,"and Achaeans sit, and call one of the Danaans, the best he can be, to fight",unreviewed
iliad,7,28,18,19,you face to face. You are not yet fated to die; so I heard the voice of the,unreviewed
iliad,7,29,3,5,ever-living gods.”,unreviewed
iliad,7,30,14,18,"Hector rejoiced at the word. He went into the midst of the Trojan ranks,",unreviewed
iliad,7,31,13,20,"grasped his spear at its center, and halted the whole line. Agamemnon seated",unreviewed
iliad,7,32,12,20,the well-greaved Achaeans; Athena and silver-bowed Apollo sat like vultures,unreviewed
iliad,7,33,13,19,"upon the high beech of aegis-bearing Zeus, delighting in the men below.",unreviewed
iliad,7,34,13,15,"The ranks sat close in the plain, bristling with shields, helmets, and spears,",unreviewed
iliad,7,35,13,20,"like the ripples that Zephyr pours newly over the sea, darkening the water.",unreviewed
iliad,7,36,13,18,"Hector spoke between the two armies: “Hear me, Trojans and well-greaved Achaeans,",unreviewed
iliad,7,37,15,18,while I say what my heart commands. High-seated Zeus has not made our oaths,unreviewed
iliad,7,38,13,22,"come to fulfillment; instead he devises evil for both sides, until either you",unreviewed
iliad,7,39,14,19,"take well-walled Troy, or you yourselves are overcome beside the sea-going ships.",unreviewed
iliad,7,40,15,20,Among you are the best of all the Pan-Achaeans. Let whichever man's heart urges,unreviewed
iliad,7,42,17,18,"“I speak this, and let Zeus be our witness. If he kills me with the long-edged",unreviewed
iliad,7,43,16,19,"bronze, let him strip my armor and carry it to the hollow ships; but let him",unreviewed
iliad,7,44,16,21,"return my body, so that the Trojans and their wives may give me the portion of",unreviewed
iliad,7,45,17,23,"fire after death. If I kill him, and Apollo gives me glory, I will strip his armor,",unreviewed
iliad,7,46,16,22,"carry it to sacred Ilium, and hang it in the temple of far-shooting Apollo; but",unreviewed
iliad,7,47,16,18,"I will give his body back to the well-benched ships, that the long-haired Achaeans",unreviewed
iliad,7,48,15,19,may bury him and raise his mound beside the broad Hellespont. Then some man of,unreviewed
iliad,7,49,15,20,"the generations yet to come, sailing the wine-dark sea in a many-oared ship,",unreviewed
iliad,7,50,16,18,"will say: ‘This is the grave of a man who died long ago, whom glorious Hector",unreviewed
iliad,7,51,16,19,"killed when he excelled in battle.’ So men will speak, and my fame shall never die.”",unreviewed
iliad,7,52,14,20,"All fell silent. They were ashamed to refuse, yet afraid to accept the challenge.",unreviewed
iliad,7,53,14,21,"At last Menelaus rose and rebuked them: “Ah me, Achaean women, no longer Achaeans!",unreviewed
iliad,7,54,16,20,This will be a shame beyond measure if no Danaan now goes against Hector. May you,unreviewed
iliad,7,55,15,22,"all become water and earth, sitting here without spirit or glory; I myself will arm",unreviewed
iliad,7,56,12,17,"against him, though the ends of victory lie with the immortal gods.”",unreviewed
iliad,7,57,15,23,"He began to put on his beautiful armor, but then his brother Agamemnon seized him",unreviewed
iliad,7,58,15,18,"by the right hand and said: “You are mad, Menelaus, beloved of Zeus. Rise, though",unreviewed
iliad,7,59,17,19,"you grieve, and do not choose to fight Hector, the son of Priam, a better man whom",unreviewed
iliad,7,60,15,21,"others hate. Even Achilles feared to meet him in the man-making battle, though he",unreviewed
iliad,7,61,14,19,is far stronger than you. Sit now among your companions; the Achaeans will raise,unreviewed
iliad,7,62,15,23,"another champion. However fearless and tireless he is, I say that his knee will bend",unreviewed
iliad,7,63,10,18,gladly if he escapes the enemy and the terrible fighting.”,unreviewed
iliad,7,64,13,20,"His brother persuaded him with words that were just, and willing attendants removed",unreviewed
iliad,7,65,15,19,the armor from his shoulders. Then Nestor rose and cried: “What grief has come upon,unreviewed
iliad,7,66,13,22,"the Achaean land! Old horseman Peleus, counselor and speaker of the Myrmidons, would",unreviewed
iliad,7,67,17,21,groan if he heard that all the best Argives now shrink beneath Hector. I wish I were,unreviewed
iliad,7,68,14,20,"young again, as when the Pylians and spear-famed Arcadians gathered beside the walls",unreviewed
iliad,7,69,14,22,"of Phea and I fought godlike Ereuthalion, wearing the armor of King Areithous, whom",unreviewed
iliad,7,70,16,20,"men and women called the Club-bearer because he broke the ranks with an iron club,",unreviewed
iliad,7,71,16,21,"not with bow or long spear. Lycurgus killed him by ambush in a narrow road, striking",unreviewed
iliad,7,72,15,19,"him through before the club could help him, then stripped the armor which brazen Ares",unreviewed
iliad,7,73,15,23,"had given him. In his old age Lycurgus gave it to his beloved servant Ereuthalion,",unreviewed
iliad,7,74,14,21,"who challenged every champion while wearing it. All trembled and refused, but my own",unreviewed
iliad,7,75,17,21,"heart urged me to fight; I was the youngest of them all, and Athena gave me glory.",unreviewed
iliad,7,76,16,18,"I killed that great and strongest man, and his huge body lay stretched in the dust.",unreviewed
iliad,7,77,16,19,"If only I were young again, and my strength were still firm, Hector would soon find",unreviewed
iliad,7,78,17,24,"an opponent. Yet not one of you, the best of the Pan-Achaeans, comes willingly against him.”",unreviewed
iliad,7,79,14,20,"The old man’s rebuke made all nine rise: first Agamemnon, then strong Diomedes,",unreviewed
iliad,7,80,12,22,"the two Ajaxes in their warlike strength, Idomeneus and his companion Meriones,",unreviewed
iliad,7,81,13,22,"Eurypylus, son of Euaemon, Thoas son of Andraemon, and godlike Odysseus. All wished",unreviewed
iliad,7,82,15,18,"to fight Hector. Nestor told them to cast lots straight through a helmet, for the",unreviewed
iliad,7,83,14,20,"chosen man would benefit the well-greaved Achaeans and himself, if he escaped the",unreviewed
iliad,7,84,15,23,enemy and the dreadful battle. Each marked his lot and dropped it into Agamemnon’s,unreviewed
iliad,7,85,14,20,"helmet. The army prayed, lifting their hands to heaven: “Father Zeus, let Ajax, or",unreviewed
iliad,7,86,14,16,"the son of Tydeus, or the king of gold-rich Mycenae draw the lot.”",unreviewed
iliad,7,87,16,21,"Nestor shook the helmet, and out sprang the lot they wanted: Ajax’s. The herald carried",unreviewed
iliad,7,88,17,18,"it through the crowd and showed it from right to left to each champion, but none knew",unreviewed
iliad,7,89,17,20,"it. When he came to Ajax, who had marked and placed it in the helmet, Ajax stretched",unreviewed
iliad,7,90,17,19,"out his hand and recognized the sign. He threw the lot at his feet and said: “Friends,",unreviewed
iliad,7,91,16,22,"the lot is mine; my heart rejoices, for I think I shall overcome godlike Hector. Bring",unreviewed
iliad,7,92,17,24,"me my warlike armor while you pray to Zeus, son of Cronus—silently, so the Trojans do",unreviewed
iliad,7,93,18,23,"not hear, or openly, for I fear no man. No one shall drive me unwillingly from the fight",unreviewed
iliad,7,94,17,21,by strength or skill; I do not think I was born and raised so helplessly in Salamis.”,unreviewed
iliad,7,95,14,20,Ajax armed himself in flashing bronze. When he had clothed his body in every,unreviewed
iliad,7,96,15,20,"piece, he sprang forward like enormous Ares going to war among men whom the son",unreviewed
iliad,7,97,15,21,"of Cronus has joined in a devouring quarrel. So Ajax rose, the giant rampart of",unreviewed
iliad,7,98,13,20,"the Achaeans, smiling with a terrible face, taking long strides and shaking his",unreviewed
iliad,7,99,13,20,"long-shadowed spear. The Argives rejoiced to see him; dread seized every Trojan,",unreviewed
iliad,7,100,16,19,and Hector’s own heart beat hard. Yet he could neither draw back nor hide among,unreviewed
iliad,7,101,10,13,"his people, for he himself had called the champion forth.",unreviewed
iliad,7,102,15,20,"Ajax came near carrying a shield like a tower, bronze-faced and sevenfold in hide,",unreviewed
iliad,7,103,15,21,"which Tychius, best of leather-workers, had made for him in Hyle. Seven hides of",unreviewed
iliad,7,104,15,19,"well-fed bulls were sewn together, and over them he had hammered an eighth layer",unreviewed
iliad,7,105,14,20,of bronze. Telamonian Ajax held it before his chest and stood close to Hector:,unreviewed
iliad,7,106,12,18,"“Hector, you shall learn plainly, standing alone, what champions the Danaans have,",unreviewed
iliad,7,107,15,22,"and that there are many such even after Achilles, the lion-hearted breaker of ranks.",unreviewed
iliad,7,108,14,22,"He lies beside the curved ships in anger against Agamemnon, shepherd of the people;",unreviewed
iliad,7,109,14,18,"but we are here, many enough to meet you. Begin the battle and war.”",unreviewed
iliad,7,110,15,19,"Great-helmed Hector answered: “Do not test me, son of Telamon, as though I were",unreviewed
iliad,7,111,18,21,a helpless child or a woman who knows nothing of war. I know how to fight and kill;,unreviewed
iliad,7,112,18,19,"I know how to wield the hide shield to right and left, and how to leap into the",unreviewed
iliad,7,113,16,21,tumult of swift horses. I know how to dance in the close battle of dreadful Ares.,unreviewed
iliad,7,114,15,21,"Yet I will not strike you secretly while watching my chance; I will strike openly,",unreviewed
iliad,7,115,3,3,if I can.”,unreviewed
iliad,7,116,14,20,He balanced his long-shadowed spear and hurled it. It struck the terrible sevenfold,unreviewed
iliad,7,117,14,19,"shield at its highest bronze layer, the eighth surface, and the tireless metal cut",unreviewed
iliad,7,118,15,20,through six hides before the seventh held it. Ajax then threw his long-shadowed spear,unreviewed
iliad,7,119,15,18,and struck Priam’s son on his perfectly round shield. The mighty point passed through,unreviewed
iliad,7,120,13,17,"the bright shield and lodged in the richly wrought breastplate, tearing the tunic",unreviewed
iliad,7,121,14,19,beside his flank; Hector bent aside and avoided black death. Both drew out their,unreviewed
iliad,7,122,16,19,"long spears and fell upon one another like lions that eat raw flesh, or boars whose",unreviewed
iliad,7,124,17,20,"Hector stabbed the center of Ajax’s shield, but the bronze bent at the point and did",unreviewed
iliad,7,125,14,16,"not break through. Ajax leapt and thrust; his spear passed across the shield, drove",unreviewed
iliad,7,126,14,18,"Hector backward, cut his neck, and black blood spurted. Yet Hector did not stop.",unreviewed
iliad,7,127,17,17,"He drew back and seized a great rough black stone that lay in the plain, and hurled",unreviewed
iliad,7,128,16,21,it at the terrible shield’s central boss; the bronze rang around it. Ajax raised a,unreviewed
iliad,7,129,14,18,"still larger stone, whirled it, and drove it against Hector’s shield. The millstone-",unreviewed
iliad,7,130,14,17,shaped rock broke the shield inward and wounded Hector’s knees; he lay stretched,unreviewed
iliad,7,131,13,18,"backward, pinned beneath it. But Apollo quickly raised him. They would have fought",unreviewed
iliad,7,132,15,19,"at close quarters with swords, had not the heralds, messengers of Zeus and of men,",unreviewed
iliad,7,133,3,4,come between them.,unreviewed
iliad,7,134,14,19,At last Idaeus for the Trojans and Talthybius for the bronze-clad Achaeans came,unreviewed
iliad,7,135,12,16,"between them, both wise heralds, and held their staffs between the champions.",unreviewed
iliad,7,136,15,17,"Idaeus spoke: “Do not fight any longer, dear sons; do not make war. Zeus who",unreviewed
iliad,7,137,15,18,"gathers the clouds loves you both, and both are spearmen—we all know that. Night",unreviewed
iliad,7,138,10,13,has already come; it is good to obey the night.”,unreviewed
iliad,7,139,12,20,"Telamonian Ajax answered: “Idaeus, tell Hector to say this. He himself called",unreviewed
iliad,7,140,15,21,"all our champions forth. Let him begin, and I will gladly obey whatever he says.”",unreviewed
iliad,7,141,14,18,"Hector replied: “Ajax, since the god has given you great size, strength, and wisdom,",unreviewed
iliad,7,142,17,19,"and you are the best of the Achaeans with the spear, let us now stop the battle",unreviewed
iliad,7,143,15,23,and slaughter for today. Later we shall fight again until the god separates us and,unreviewed
iliad,7,144,17,23,gives victory to another. Night has come; it is good to obey the night. So you may,unreviewed
iliad,7,145,14,19,"make all your friends rejoice beside the ships, above all your companions and dear",unreviewed
iliad,7,146,15,21,comrades; and I will gladden the Trojans and their trailing-robed wives in Priam’s,unreviewed
iliad,7,147,15,19,"great city, who will enter the sacred contest and pray for my return. Come, then,",unreviewed
iliad,7,148,15,20,"let us give one another famous gifts, so that Achaeans and Trojans may say: ‘They",unreviewed
iliad,7,149,13,20,"fought in the spirit of consuming strife, yet parted after joining in friendship.’”",unreviewed
iliad,7,150,15,22,Hector gave Ajax a silver-studded sword with its sheath and a finely cut baldric;,unreviewed
iliad,7,151,14,19,"Ajax gave Hector his bright purple war-belt. They parted, one going among the",unreviewed
iliad,7,152,13,21,Achaean people and the other into the Trojan tumult. The Trojans rejoiced when,unreviewed
iliad,7,153,14,20,"they saw Hector alive and whole, escaped from Ajax’s strength and unwearied hands;",unreviewed
iliad,7,154,16,21,"they led him toward the city, no longer expecting to see him safe. The well-greaved",unreviewed
iliad,7,155,10,20,"Achaeans brought Ajax, exultant in victory, to the noble Agamemnon.",unreviewed
iliad,7,156,13,20,"The Achaeans gathered in Agamemnon’s hut, and the lord of men sacrificed",unreviewed
iliad,7,157,16,20,"a five-year-old bull to mighty Zeus. They flayed it, divided it, cut it into",unreviewed
iliad,7,158,14,20,"pieces, roasted it carefully, and laid out the meal. When their hunger and thirst",unreviewed
iliad,7,159,12,20,"were satisfied, Agamemnon honored Ajax with the long back portions. Then Nestor,",unreviewed
iliad,7,160,11,14,"whose counsel had always been best, began to weave his plan:",unreviewed
iliad,7,161,13,18,"“Atrid and all you champions of the Pan-Achaeans, many long-haired Achaeans",unreviewed
iliad,7,162,13,19,"have died; sharp Ares has scattered their dark blood around the flowing Scamander,",unreviewed
iliad,7,163,16,20,and their spirits have gone down to Hades. At dawn stop the battle. Let us gather,unreviewed
iliad,7,164,17,21,"the dead here with oxen and mules, burn them a little before the ships, so that each",unreviewed
iliad,7,165,17,22,man may carry his bones home when we return to his fatherland. Let us raise one mound,unreviewed
iliad,7,166,15,20,"around a common pyre, bringing the bodies in from the plain, and quickly build high",unreviewed
iliad,7,167,16,22,towers beside it as a defense for the ships and ourselves. Let us make doors fitted,unreviewed
iliad,7,168,15,18,"within them, that chariots may pass through, and outside dig a deep trench to hold",unreviewed
iliad,7,169,14,17,"back horses and men, lest the war of the proud Trojans press upon us.”",unreviewed
iliad,7,170,13,19,"All the kings praised his counsel. In high Ilium, meanwhile, the Trojans gathered",unreviewed
iliad,7,171,12,17,in a rough assembly before Priam’s doors. Wise Antenor spoke first:,unreviewed
iliad,7,172,14,20,"“Hear me, Trojans, Dardanians, and allies. Let us give Helen of Argos, and the",unreviewed
iliad,7,173,14,19,"possessions she brought, to the sons of Atreus. We have broken our faithful oaths",unreviewed
iliad,7,174,15,18,and fight for nothing; I do not expect a good end unless we do this.”,unreviewed
iliad,7,175,13,20,"He sat down. Godlike Alexander, husband of fair-haired Helen, rose and answered:",unreviewed
iliad,7,176,15,21,"“Antenor, your words are no longer pleasing to me; you could have devised a better",unreviewed
iliad,7,177,14,18,"speech. If you truly speak this in earnest, the gods themselves have destroyed your",unreviewed
iliad,7,178,17,21,mind. I will declare my answer to the horse-taming Trojans: I will not give back the,unreviewed
iliad,7,179,17,22,"woman, but all the possessions I brought from Argos I will give, and I will add other",unreviewed
iliad,7,180,5,7,treasures from my own house.”,unreviewed
iliad,7,181,17,21,"He sat down, and Priam, son of Dardanus, equal to the gods in counsel, rose and told",unreviewed
iliad,7,182,14,20,"the Trojans: “Take your supper through the city as before, remember the watch, and",unreviewed
iliad,7,183,17,21,"stay awake, each man. At dawn let Idaeus go to the hollow ships and tell the Atrids,",unreviewed
iliad,7,184,15,25,"Agamemnon and Menelaus, Alexander’s answer—the cause of our strife. Let him also ask",unreviewed
iliad,7,185,16,19,whether they will cease from the harsh war until we have burned the dead. Later we,unreviewed
iliad,7,186,13,22,"shall fight again, until the god separates us and gives victory to others.”",unreviewed
iliad,7,187,15,19,The Trojans listened and obeyed. Idaeus went at dawn to the Achaean ships and found,unreviewed
iliad,7,188,14,23,"the sons of Atreus in council. Standing among them, he declared Alexander’s offer:",unreviewed
iliad,7,189,15,20,"“He will not return Helen, but he will return all the possessions he brought from",unreviewed
iliad,7,190,16,19,"Argos and add more from his own house, if the sons of Atreus will accept them.”",unreviewed
iliad,7,191,13,22,"All sat silent, until Agamemnon answered: “No; we will not accept the possessions,",unreviewed
iliad,7,192,13,22,nor will we accept Helen. The Trojans have suffered enough already to understand,unreviewed
iliad,7,193,5,5,that their ruin is near.”,unreviewed
iliad,7,194,15,19,"The Trojans took their supper through the army, and at dawn Idaeus went to the",unreviewed
iliad,7,195,13,20,hollow ships. He found the Danaans assembled beside Agamemnon’s stern and stood,unreviewed
iliad,7,196,14,23,"among them to deliver the proposal: “Atrid and other champions of the Pan-Achaeans,",unreviewed
iliad,7,197,17,21,"Priam and the noble Trojans have ordered me to say, if it is pleasing to you, what",unreviewed
iliad,7,198,15,21,"Alexander offers, for whose sake the quarrel arose. He will give back all the goods",unreviewed
iliad,7,199,16,20,he brought to Troy in the hollow ships—and add other possessions from his own house;,unreviewed
iliad,7,200,15,21,"but he will not return Menelaus’ wedded wife, though the Trojans urge him. They also",unreviewed
iliad,7,201,15,19,ask whether you will cease the harsh war until we have burned the dead; afterward,unreviewed
iliad,7,202,14,23,we shall fight again until the god separates us and gives victory to others.”,unreviewed
iliad,7,203,14,20,"All were silent. At last Diomedes, breaker of horses, spoke: “Let no one accept",unreviewed
iliad,7,204,15,24,Alexander’s possessions or Helen; even a child can see that the end of destruction,unreviewed
iliad,7,205,12,23,already hangs over the Trojans.” All the Achaeans shouted approval. Agamemnon turned,unreviewed
iliad,7,206,16,22,to Idaeus: “You hear the answer of the Achaeans yourself. I also approve it. We do,unreviewed
iliad,7,207,17,19,not refuse to burn the dead; no one should spare the bodies once life is gone. Let,unreviewed
iliad,7,208,14,20,"Zeus, the loud-thundering husband of Hera, witness our oaths.” He lifted his staff",unreviewed
iliad,7,209,10,13,"to all the gods, and Idaeus returned to sacred Ilium.",unreviewed
iliad,7,210,13,21,"The Trojans and Dardanians sat gathered in assembly, waiting for Idaeus. He came",unreviewed
iliad,7,211,17,19,"and told them the answer. At once both sides armed: some went to bring in the dead,",unreviewed
iliad,7,212,15,18,"others went for wood. The sun had only just touched the fields, rising from deep-",unreviewed
iliad,7,213,15,22,"flowing Ocean, when the armies met. It was hard to recognize each man; washing away",unreviewed
iliad,7,214,14,19,"the blood with water, they lifted the dead upon the wagons, shedding hot tears.",unreviewed
iliad,7,215,12,17,"Great Priam forbade the Trojans to weep: silently, hearts grieving, they carried",unreviewed
iliad,7,216,16,18,"their dead to the pyre, burned them, and returned to sacred Ilium. In the same way",unreviewed
iliad,7,217,14,15,"the well-greaved Achaeans carried their dead, burned them, and went back to the",unreviewed
iliad,7,218,2,3,hollow ships.,unreviewed
iliad,7,219,14,19,"Before dawn, while the night was still dim, the Achaeans gathered around the pyre.",unreviewed
iliad,7,220,16,18,"They raised one mound from the bodies brought in from the plain, built a wall beside",unreviewed
iliad,7,221,16,22,"it with high towers as a defense for the ships and themselves, made well-fitted gates",unreviewed
iliad,7,222,15,20,"for the chariot road, and dug a broad, deep trench outside, setting stakes within it.",unreviewed
iliad,7,223,14,18,"The long-haired Achaeans labored at the work. The gods, seated beside Zeus who",unreviewed
iliad,7,224,14,17,"delights in lightning, watched the great work of the bronze-clad men. Earth-shaking",unreviewed
iliad,7,225,4,7,Poseidon began to speak:,unreviewed
iliad,7,226,16,19,"“Father Zeus, is there still a mortal who will tell the gods his mind and counsel?",unreviewed
iliad,7,227,17,19,Do you not see how the long-haired Achaeans have built a wall over their ships and,unreviewed
iliad,7,228,16,21,"dug a trench around it, giving no famous hecatombs to the gods? Its fame will spread",unreviewed
iliad,7,229,17,22,"as far as the dawn, while men will forget the wall that Phoebus Apollo and I built",unreviewed
iliad,7,230,4,7,with labor for Laomedon.”,unreviewed
iliad,7,231,13,17,"Zeus, deeply angered, answered: “What a thought you have spoken, wide-strength Earth-",unreviewed
iliad,7,232,15,18,"shaker! Some other god, far weaker than you in hands and strength, might fear it;",unreviewed
iliad,7,233,16,18,but your fame will spread as far as the dawn. When the long-haired Achaeans depart,unreviewed
iliad,7,234,16,19,"with their ships for their dear fatherland, tear down the wall and pour it all into",unreviewed
iliad,7,235,15,18,"the sea; cover the broad shore again with sand, so that the Achaeans’ great wall",unreviewed
iliad,7,236,4,7,may be wholly forgotten.”,unreviewed
iliad,7,237,14,18,"Thus they spoke. The sun set, and the Achaeans’ work was finished. They sacrificed",unreviewed
iliad,7,238,15,21,"oxen among the huts and took their supper. Many ships came from Lemnos bringing wine,",unreviewed
iliad,7,239,15,26,"sent by Euneus, son of Jason and Hypsipyle. For Agamemnon and Menelaus alone he sent",unreviewed
iliad,7,240,14,18,"a thousand measures of wine. The long-haired Achaeans bought it, some with bronze,",unreviewed
iliad,7,241,15,21,"some with shining iron, some with hides, some with whole cattle, and some with slaves;",unreviewed
iliad,7,242,15,19,"they laid out a rich feast. All night the Achaeans feasted, while the Trojans and",unreviewed
iliad,7,243,14,20,"their allies sat through the city. All night Zeus, the counselor, devised evil for",unreviewed
iliad,7,244,13,17,"them, thundering terribly; green fear seized them, and they poured wine from their",unreviewed
iliad,7,245,15,22,"cups upon the ground, unwilling to drink before they had poured a libation to mighty",unreviewed
iliad,7,246,11,13,Cronus’ son. Then they slept and received the gift of sleep.,unreviewed
iliad,8,1,13,18,"Dawn spread her saffron robe across the earth, and Zeus, delighting in thunder,",unreviewed
iliad,8,2,15,20,"called the gods to council on the highest peak of many-ridged Olympus. He spoke,",unreviewed
iliad,8,3,16,21,"and all the gods listened: “Hear me, every god and goddess, while I say what my",unreviewed
iliad,8,4,15,22,heart commands. Let no female or male god attempt to break my word; all together,unreviewed
iliad,8,5,19,20,"approve it, that I may bring this work to its swift end. If I see any one of you",unreviewed
iliad,8,6,15,21,"going apart from the others to aid either Trojans or Danaans, he shall return to",unreviewed
iliad,8,7,15,24,"Olympus beaten and dishonored, or I will seize him and throw him into misty Tartarus,",unreviewed
iliad,8,8,15,21,"far down, where the iron gates and brazen threshold lie as far beneath Hades as",unreviewed
iliad,8,9,17,20,heaven is above the earth. Then you will learn how much I am the strongest of all.,unreviewed
iliad,8,10,16,18,"“Come, test it, gods, so that you may all know. Hang a golden chain from heaven,",unreviewed
iliad,8,11,15,21,"and take hold of it, every god and goddess together; you could not drag highest",unreviewed
iliad,8,12,15,18,"Zeus from heaven to earth, though you labored greatly. But if I wished to pull,",unreviewed
iliad,8,13,17,18,"I could draw you up with the earth and the sea, bind the chain around the ridge",unreviewed
iliad,8,14,16,21,"of Olympus, and leave all things suspended. So far do I stand above gods and men.”",unreviewed
iliad,8,15,17,20,"He spoke, and all sat silent, astonished by the force of his word. At last gray-eyed",unreviewed
iliad,8,16,14,19,"Athena said: “Our father, son of Cronus, you know that your strength cannot be",unreviewed
iliad,8,17,15,21,"opposed. Yet we pity the spear-bearing Danaans, who will perish in an evil fate.",unreviewed
iliad,8,18,17,22,"We will keep away from the war as you command, but we will give the Argives counsel",unreviewed
iliad,8,19,11,14,"that may help them, lest they all perish beneath your anger.”",unreviewed
iliad,8,20,11,18,"Cloud-gathering Zeus smiled and answered: “Take courage, Tritogeneia, dear child;",unreviewed
iliad,8,21,17,20,"I do not speak in anger, but wish to be gentle with you.” He harnessed his bronze-",unreviewed
iliad,8,22,14,19,"hoofed horses with their golden manes, clothed his body in gold, seized the golden",unreviewed
iliad,8,23,13,18,"whip, and mounted the chariot. The willing horses flew between earth and the",unreviewed
iliad,8,24,14,19,"starry heaven. He reached Ida, rich in springs, mother of wild beasts, and Gargarus,",unreviewed
iliad,8,25,16,19,"where he had a sacred grove, altar, and incense. There the father of gods and men",unreviewed
iliad,8,26,16,21,"unharnessed the horses, hid them in deep mist, and sat upon the peak in his glory,",unreviewed
iliad,8,27,10,14,looking toward the city of Troy and the Achaean ships.,unreviewed
iliad,8,28,14,19,The long-haired Achaeans took their meal quickly among the huts and armed themselves;,unreviewed
iliad,8,29,13,23,"the Trojans armed throughout the city, fewer than before, yet determined by necessity",unreviewed
iliad,8,30,14,20,"to fight before their children and wives. All the gates opened, and footmen and",unreviewed
iliad,8,31,16,20,"horsemen rushed out amid a great uproar. When they met in one place, hide struck hide,",unreviewed
iliad,8,32,14,17,"spear struck spear, and the courage of bronze-clad men collided. The bossed shields",unreviewed
iliad,8,33,15,17,"crashed together; cries rose from those who killed and those who died, and the earth",unreviewed
iliad,8,34,3,3,ran with blood.,unreviewed
iliad,8,35,16,19,"As the sacred day grew, missiles struck both sides and men fell. When the sun stood",unreviewed
iliad,8,36,16,20,"at mid-heaven, Zeus stretched out his golden scales and set in them the two fates",unreviewed
iliad,8,37,15,18,"of death, one for the horse-taming Trojans and one for the bronze-clad Achaeans.",unreviewed
iliad,8,38,14,19,"He lifted the balance at its middle: the Achaeans’ day sank toward the earth,",unreviewed
iliad,8,39,13,20,while the Trojan fate rose toward the broad heaven. Zeus thundered terribly from,unreviewed
iliad,8,40,15,18,Ida and cast a blazing flash among the Achaeans; they were seized by green fear.,unreviewed
iliad,8,41,12,24,"Neither Idomeneus nor Agamemnon, nor either Ajax, dared remain; only Nestor stayed,",unreviewed
iliad,8,42,15,21,"not willingly, for an arrow shot by Paris, husband of fair-haired Helen, struck his",unreviewed
iliad,8,43,16,19,"horse at the top of its head where the first mane grows, the most vulnerable place.",unreviewed
iliad,8,44,15,17,"The horse sprang in pain; the shaft entered its brain, and it tangled the others",unreviewed
iliad,8,45,16,19,"in the bronze. While the old man cut the traces with his sword, Hector’s swift",unreviewed
iliad,8,46,14,18,"horses came through the uproar carrying their driver, and the old man would have",unreviewed
iliad,8,47,13,18,lost his life had Diomedes not seen him and called loudly to Odysseus.,unreviewed
iliad,8,48,12,17,"Hector urged the Trojans: “Fools, who devised this wall, weak and useless!",unreviewed
iliad,8,49,14,17,It will not hold back my strength; our horses will easily leap the trench.,unreviewed
iliad,8,50,15,18,"When I reach the hollow ships, remember the fire: I will burn them and kill",unreviewed
iliad,8,51,14,20,"the Argives beside them, choking in the smoke.” He called to his horses—Xanthus,",unreviewed
iliad,8,52,14,21,"Podargus, Aethon, and divine Lampus—and told them to repay the rich fodder and",unreviewed
iliad,8,53,14,20,"wine Andromache, daughter of Eetion, had given them in former days. If they drove",unreviewed
iliad,8,54,16,18,"swiftly, he said, they might seize Nestor’s shield, all gold in its hoops and boss,",unreviewed
iliad,8,55,12,18,"and Diomedes’ wrought breastplate, made by Hephaestus; then the Achaeans might board",unreviewed
iliad,8,56,5,6,their ships that very night.,unreviewed
iliad,8,57,16,21,"Hera shook her throne in anger and said to Poseidon: “Earth-shaker, do you feel no",unreviewed
iliad,8,58,15,22,"pity for the dying Danaans, who carry many beautiful gifts to Helice and Aegae? If",unreviewed
iliad,8,59,16,19,"we who aid the Argives wished, we could drive back the Trojans and hold off Zeus.”",unreviewed
iliad,8,60,16,20,"Poseidon answered: “Bold Hera, what word is this? I would not fight Zeus, who is far",unreviewed
iliad,8,61,5,6,stronger than all of us.”,unreviewed
iliad,8,62,15,18,"Hector’s men and horses filled the space between the ships and the trench, penned",unreviewed
iliad,8,63,17,19,"in by the deep cut ground. Hector, favored by Zeus, would have set fire to the ships,",unreviewed
iliad,8,64,16,22,"but Hera put a new thought into Agamemnon’s mind. He took a great purple cloak,",unreviewed
iliad,8,65,14,19,"went through the huts and ships, and stood upon Odysseus’ black ship, midway between",unreviewed
iliad,8,66,14,18,the tents of Ajax and Achilles. With his voice carrying both ways he cried:,unreviewed
iliad,8,67,13,19,"“Shame, Argives, beautiful in form but evil in reproach! Where are your boasts,",unreviewed
iliad,8,68,15,16,when on Lemnos you claimed that each man could face a hundred or two hundred,unreviewed
iliad,8,69,15,18,"Trojans? Now we are not worth even one Hector, who will soon burn the ships.",unreviewed
iliad,8,70,15,20,"Father Zeus, have you blinded some great king, robbing him of honor? I never passed",unreviewed
iliad,8,71,15,21,your beautiful altar with a many-oared ship without burning the fat and thighs of,unreviewed
iliad,8,72,15,18,"oxen, eager to destroy well-walled Troy. Grant me at least this prayer: let the",unreviewed
iliad,8,73,13,21,"Argives escape and not perish, though you allow the Trojans to overcome them.”",unreviewed
iliad,8,74,15,19,"The father pitied him, shedding a tear, and nodded that the people should live and",unreviewed
iliad,8,75,16,19,"not be destroyed. At once he sent the most perfect of flying birds, an eagle carrying",unreviewed
iliad,8,76,15,21,a fawn in its talons. He dropped it beside Zeus’ beautiful altar where the Achaeans,unreviewed
iliad,8,77,14,19,"made sacrifice. When they saw the bird from Zeus, they leapt more fiercely against",unreviewed
iliad,8,79,16,21,No one among the many Danaans dared drive his horses from the trench and fight before,unreviewed
iliad,8,80,14,23,"Diomedes. He was first to kill a helmeted Trojan, Agelaus son of Phradmon, striking",unreviewed
iliad,8,81,15,18,"him between the shoulders as he turned his horses; the spear passed through his chest,",unreviewed
iliad,8,82,15,24,"and his armor rang as he fell. Agamemnon and Menelaus followed, then the two Ajaxes,",unreviewed
iliad,8,83,11,22,"Idomeneus and Meriones, Eurypylus, and Teucer ninth, drawing his recurved bow.",unreviewed
iliad,8,84,16,19,"Ajax carried his shield before him; each time Teucer shot and felled a man, he slipped",unreviewed
iliad,8,85,13,20,"back beneath it like a child beneath its mother. Teucer first killed Orsilochus,",unreviewed
iliad,8,86,8,23,"Ormenus, Ophelestes, Daitor, Chromius, Lycophontes, Amopaon, and Melanippus.",unreviewed
iliad,8,87,13,21,"Agamemnon rejoiced and called: “Teucer, beloved head, son of Telamon, lord of the",unreviewed
iliad,8,88,17,21,"people, shoot so that you become a light to the Danaans and to your father who raised",unreviewed
iliad,8,89,14,17,"you from childhood, though you were born outside the marriage bed. Give him fame",unreviewed
iliad,8,90,13,15,though he is far away; I tell you how it shall be fulfilled.”,unreviewed
iliad,8,91,15,22,"Teucer answered: “Most glorious Atrid, why urge me when I am already eager? Since we",unreviewed
iliad,8,92,16,18,"drove them back toward Ilium I have not stopped, but have killed eight men with my",unreviewed
iliad,8,93,15,20,long-tongued arrows. Yet I cannot strike this rabid dog.” He sent another shaft at,unreviewed
iliad,8,94,13,24,"Hector, but Apollo turned it aside; it struck Archeptolemus, Hector’s brave charioteer,",unreviewed
iliad,8,95,16,19,"in the chest beside the breast. He fell from the car, and his horses sprang away.",unreviewed
iliad,8,96,14,20,"Hector grieved terribly for his companion, yet left him lying and told his brother",unreviewed
iliad,8,97,15,20,"Kebriones to take the reins. Then Hector leapt from the chariot with a dreadful cry,",unreviewed
iliad,8,99,17,22,"Teucer drew a bitter arrow and bent the bow, but as he pulled it beside the shoulder,",unreviewed
iliad,8,100,15,18,"where the collarbone guards the neck, Hector struck him with the stone. The cord broke,",unreviewed
iliad,8,101,18,20,"his hand went numb, and he fell upon his knees; the bow dropped from him. Ajax did not",unreviewed
iliad,8,102,15,20,"forget his brother: he ran around him and covered him with the bright shield, while",unreviewed
iliad,8,103,12,21,"two faithful companions, Mecisteus and Alastor, lifted the groaning man and carried",unreviewed
iliad,8,104,5,6,him to the hollow ships.,unreviewed
iliad,8,105,13,19,The Olympian roused the Trojans again. They drove the Achaeans straight toward the,unreviewed
iliad,8,106,14,20,"deep trench, and Hector went first, eyes blazing like Gorgon’s and murderous Ares.",unreviewed
iliad,8,107,17,22,"As a hound pursues a boar or lion from behind, darting at its hips and turning aside",unreviewed
iliad,8,108,15,19,"from its jaws, so Hector followed the long-haired Achaeans, killing the last man in",unreviewed
iliad,8,109,15,20,the line. They crossed the stakes and trench in flight; many Trojans also fell beneath,unreviewed
iliad,8,110,15,21,"their hands, while the Achaeans held by the ships, calling to one another and lifting",unreviewed
iliad,8,111,5,7,their hands to every god.,unreviewed
iliad,8,112,13,20,"Hera pitied the Danaans and said to Athena: “Daughter of aegis-bearing Zeus,",unreviewed
iliad,8,113,17,22,"shall we no longer care for the dying Argives, who will perish by one man’s assault,",unreviewed
iliad,8,114,12,20,"while Hector, son of Priam, rages beyond endurance?” Athena answered: “Would that",unreviewed
iliad,8,115,16,18,he might lose his strength beneath Argive hands and die in his own land! But my,unreviewed
iliad,8,116,15,22,"father’s mind is mad and cruel, always opposing my will. He remembers nothing of",unreviewed
iliad,8,117,16,22,how often I saved his son Heracles from Eurystheus’ labors. If I had known this day,unreviewed
iliad,8,118,15,20,"when he sent Heracles to fetch the hound from Hades, he would never have escaped",unreviewed
iliad,8,119,15,19,"the steep waters of Styx. Now he hates me, but has fulfilled Thetis’ prayer, who",unreviewed
iliad,8,120,14,19,kissed his knees and clasped his beard to honor city-sacking Achilles. There will,unreviewed
iliad,8,121,16,20,be a day when he calls his gray-eyed daughter dear again. Harness the horses; I,unreviewed
iliad,8,122,16,21,"will arm in Zeus’ house and see whether Hector rejoices when we appear in the fight,",unreviewed
iliad,8,123,12,15,or whether his flesh feeds dogs and birds beside the Achaean ships.”,unreviewed
iliad,8,124,13,22,"Hera harnessed her golden-maned horses, while Athena cast her embroidered robe at",unreviewed
iliad,8,125,15,19,"her father’s feet, clothed herself in Zeus’ battle-tunic, and took the great spear",unreviewed
iliad,8,126,16,19,with which she breaks the ranks of heroes. Hera urged the team on. The gates of,unreviewed
iliad,8,127,15,21,"heaven opened of themselves, gates held by the Hours, who open and close the dense",unreviewed
iliad,8,128,14,19,cloud over Olympus; through them the goddesses drove. But Zeus saw them from Ida,unreviewed
iliad,8,129,15,22,and was fiercely angry. He sent golden-winged Iris with a message: “Go quickly and,unreviewed
iliad,8,130,16,18,turn them back. Do not let them come against the battle. I will lame their swift,unreviewed
iliad,8,131,14,19,"horses beneath the chariot, throw them from the car, and break their chariot; even",unreviewed
iliad,8,132,15,19,after ten years their wounds would not heal if struck by my lightning. Then Athena,unreviewed
iliad,8,133,17,20,"will learn what it means to fight her father. I am less angry with Hera, for she",unreviewed
iliad,8,135,16,22,Iris met them at Olympus and said: “Where are you hastening? The son of Cronus does,unreviewed
iliad,8,136,16,21,"not permit you to aid the Argives. He threatens to lame your horses, throw you from",unreviewed
iliad,8,137,16,18,"the car, and strike your chariot; even ten years would not heal the wounds. He says",unreviewed
iliad,8,138,17,23,"he is less angry with Hera, but calls you, Athena, a shameless dog if you dare raise",unreviewed
iliad,8,139,5,7,your mighty spear against Zeus.”,unreviewed
iliad,8,140,15,21,"Hera answered: “Daughter of aegis-bearing Zeus, I will no longer let us fight the",unreviewed
iliad,8,141,15,21,"father for mortal men. Let one die and another live, whoever happens to meet his",unreviewed
iliad,8,142,14,18,fate; let Zeus judge Trojans and Danaans according to his own heart.” She turned,unreviewed
iliad,8,143,13,18,"the horses back. The Hours unhitched them, tied them beneath ambrosial mists, and",unreviewed
iliad,8,144,14,22,leaned the chariot against the shining wall. Hera and Athena sat upon golden chairs,unreviewed
iliad,8,146,13,21,"Zeus drove from Ida to Olympus, where Earth-shaker Poseidon unharnessed his horses",unreviewed
iliad,8,147,15,21,"and placed the chariot beside the altar. Zeus sat on his golden throne, and Olympus",unreviewed
iliad,8,148,15,21,shook beneath his feet. He saw Hera and Athena sitting apart and spoke: “Why are,unreviewed
iliad,8,149,15,19,you so grieved? You did not tire of destroying Trojans in the man-making battle.,unreviewed
iliad,8,150,16,20,Such is my strength and my unconquered hands that all the gods on Olympus could not,unreviewed
iliad,8,151,17,20,turn me. Yet your limbs trembled before you saw war and its terrible work. If I had,unreviewed
iliad,8,152,14,19,"struck your horses with lightning, you would not have returned to Olympus for ten",unreviewed
iliad,8,153,2,3,circling years.”,unreviewed
iliad,8,154,12,24,"The goddesses muttered together, devising evil for Troy. Athena sat silent, angry",unreviewed
iliad,8,155,14,22,"with her father; Hera could not contain her resentment: “Most terrible son of Cronus,",unreviewed
iliad,8,156,16,19,"we know your strength is not weak. Yet we pity the spear-bearing Danaans, who will",unreviewed
iliad,8,157,18,22,"perish in an evil fate. We will keep away from the war, if you command, but we will",unreviewed
iliad,8,158,13,20,"give the Argives counsel, lest they all perish beneath your anger.” Zeus answered:",unreviewed
iliad,8,159,14,22,"“Tomorrow you will see the mighty Cronus’ son destroy many Argives, if you wish,",unreviewed
iliad,8,160,14,19,for strong Hector will not cease from war until swift-footed Peleus’ son rises,unreviewed
iliad,8,161,15,21,beside the ships on the day the Achaeans fight around Patroclus’ body. So fate has,unreviewed
iliad,8,162,16,22,"ordained it. I do not care for your anger, even if you reach the furthest boundaries",unreviewed
iliad,8,163,16,22,"of earth and sea, where Iapetus and Cronus sit in Tartarus without the sun’s light.”",unreviewed
iliad,8,164,16,20,The sun’s bright light sank into Ocean and drew black night across the grain-giving,unreviewed
iliad,8,165,13,19,"earth. The Trojans, unwilling, lost the day; but the Achaeans welcomed the triple-",unreviewed
iliad,8,166,13,20,"prayed-for darkness. Hector called the Trojan assembly apart from the ships, beside",unreviewed
iliad,8,167,14,17,"the swirling river, where the ground was clear of corpses. They climbed down from",unreviewed
iliad,8,168,14,21,"their horses and listened as Hector leaned upon his eleven-cubit spear, its bronze",unreviewed
iliad,8,169,9,14,point shining and its golden socket running around it:,unreviewed
iliad,8,170,14,19,"“Hear me, Trojans, Dardanians, and allies. I thought that before night fell we would",unreviewed
iliad,8,171,15,22,"destroy the ships and return to windy Ilium, but darkness came and saved the Argives",unreviewed
iliad,8,172,15,19,and their ships beside the sea. Let us obey the black night. Prepare supper; loose,unreviewed
iliad,8,173,15,19,the fair-haired horses and set fodder before them. Bring cattle and fat sheep from,unreviewed
iliad,8,174,16,20,"the city, and buy honey-sweet wine and bread from the houses; gather much wood, so",unreviewed
iliad,8,175,15,21,"that all night until early dawn we may burn many fires whose light reaches heaven,",unreviewed
iliad,8,176,13,17,lest the long-haired Achaeans attempt flight across the broad sea in darkness.,unreviewed
iliad,8,177,15,18,"“Let them not board their ships without a struggle. Let each carry home a wound,",unreviewed
iliad,8,178,17,21,"struck by arrow or sharp spear as he leaps aboard, so that every man may dread to",unreviewed
iliad,8,179,12,18,bring tearful Ares against horse-taming Troy. Heralds should announce through the,unreviewed
iliad,8,180,16,22,city that boys at the edge of manhood and gray-haired elders gather upon the towers,unreviewed
iliad,8,181,18,22,"built by the gods; let every woman kindle a great fire in her house, and let a firm",unreviewed
iliad,8,182,15,20,"watch stand, lest an ambush enter while the people are away. Let this speech stand",unreviewed
iliad,8,183,17,20,"sound for now; at dawn I will address the Trojans again. I hope, praying to Zeus and",unreviewed
iliad,8,184,16,19,"the other gods, to drive from here those dogs carried by the fates, driven to our",unreviewed
iliad,8,185,15,20,ships. Tonight we guard ourselves; at first light we arm and wake sharp Ares beside,unreviewed
iliad,8,186,14,20,the hollow ships. Tomorrow I shall learn whether strong Diomedes will drive me from,unreviewed
iliad,8,187,17,20,"the ships to the wall, or whether I will kill him with bronze and carry away his",unreviewed
iliad,8,188,15,27,"bloody armor. If only I were immortal and ageless, and honored as Athena and Apollo",unreviewed
iliad,8,189,11,15,"are honored, as this day has brought evil to the Argives!”",unreviewed
iliad,8,190,13,19,"The Trojans shouted in answer. They loosed the sweating horses, tied them beside",unreviewed
iliad,8,191,13,16,"their chariots, and brought cattle, sheep, wine, bread, and wood swiftly from the",unreviewed
iliad,8,192,14,20,"city. They made perfect hecatombs to the immortals, but the winds carried the sweet",unreviewed
iliad,8,193,15,17,"smoke from the plain toward heaven; the blessed gods would not share it, for sacred",unreviewed
iliad,8,194,14,21,"Ilium, Priam, and Priam’s strong people were hateful to them. The Trojans, confident",unreviewed
iliad,8,195,16,21,"in the war, sat all night beside their many fires. As stars appear around the bright",unreviewed
iliad,8,196,15,22,"moon when the sky is windless, and every peak, ridge, and hollow lies visible beneath",unreviewed
iliad,8,197,16,21,"the opened heaven, so the fires of the Trojans shone between the ships and the streams",unreviewed
iliad,8,198,16,22,"of Xanthus. A thousand fires burned upon the plain, and beside each sat fifty men in",unreviewed
iliad,8,199,12,18,"the firelight. Their horses cropped white barley and spelt beside the chariots,",unreviewed
iliad,8,200,6,7,waiting for the bright-throned dawn.,unreviewed
iliad,9,1,13,19,"The Trojans kept watch, but the Achaeans were held by a terrible companion,",unreviewed
iliad,9,2,13,22,"chill fear, and every champion lay beneath unbearable grief. As Boreas and Zephyr",unreviewed
iliad,9,3,13,20,"suddenly stir the fish-filled sea, raising black waves and scattering seaweed along",unreviewed
iliad,9,4,13,18,"the shore, so the Achaeans’ hearts were torn within them. Agamemnon, pierced by",unreviewed
iliad,9,5,13,19,"great sorrow, called the leaders quietly to assembly and stood weeping like a",unreviewed
iliad,9,7,14,19,"“Friends, Zeus, son of Cronus, has bound me in ruinous delusion. Once he promised",unreviewed
iliad,9,8,15,23,that we would sack well-walled Ilium and return; now he devises a hateful deception,unreviewed
iliad,9,9,16,22,"and commands me to go dishonored to Argos, having lost so many men. Come, let us",unreviewed
iliad,9,10,17,20,obey my word: let us flee with our ships to our dear fatherland. We shall not take,unreviewed
iliad,9,11,3,4,broad-streeted Troy.”,unreviewed
iliad,9,12,15,23,"Diomedes rose: “Atrid, I will oppose you in your folly, as is lawful in assembly.",unreviewed
iliad,9,13,14,20,"You once reproached my courage before the Danaans, but the young and old Argives",unreviewed
iliad,9,14,16,20,"know that this was false. Zeus gave you a scepter, honoring you above all, but did",unreviewed
iliad,9,15,17,19,"not give you the greatest strength. If your heart urges you to go, go: the road is",unreviewed
iliad,9,16,17,22,"open, and your many ships stand near the sea. Others of us will remain until we have",unreviewed
iliad,9,17,17,21,"sacked Troy. Sthenelus and I will fight until we find the end of Ilium, for we came",unreviewed
iliad,9,19,17,20,"Nestor rose: “Son of Tydeus, you are strong in war and best of your peers in counsel;",unreviewed
iliad,9,20,16,17,"no Achaean will find fault with your speech, but you have not reached its end. You",unreviewed
iliad,9,21,17,22,"are young enough to be my youngest son, yet you speak wisely to kings. Let us obey",unreviewed
iliad,9,22,13,16,"the black night, prepare supper, and set guards beside the dug trench. Then,",unreviewed
iliad,9,23,15,19,"Agamemnon, feast the elders; your huts are full of wine, and men will hear the",unreviewed
iliad,9,24,15,22,counsel of whoever offers the best plan. Our enemies burn many fires near the ships;,unreviewed
iliad,9,25,14,17,who could be glad? This night will either shatter the army or save it.”,unreviewed
iliad,9,26,15,21,"The kings obeyed. Agamemnon answered: “Old man, you have not lied in naming my error.",unreviewed
iliad,9,27,16,25,"I was blinded, and I do not deny it. I will appease Achilles with measureless ransom:",unreviewed
iliad,9,28,12,19,"seven tripods, ten talents of gold, twenty shining cauldrons, twelve prize-winning",unreviewed
iliad,9,29,14,20,"horses, and seven skilled Lesbian women, with Briseis among them. I will swear that",unreviewed
iliad,9,30,17,21,"I never entered her bed. These shall be ready at once. If we sack Priam’s city,",unreviewed
iliad,9,31,15,20,"Achilles may load his ship with gold and bronze, choose twenty Trojan women next to",unreviewed
iliad,9,32,15,20,"Helen in beauty, and take one of my three daughters to Peleus’ house without bride-",unreviewed
iliad,9,33,16,20,"price. I will give him seven cities near the sea, whose people will honor him like",unreviewed
iliad,9,34,10,18,a god. Let him submit; Hades is pitiless and unconquerable.”,unreviewed
iliad,9,35,10,18,"Nestor, the Gerenian horseman, answered: “Most glorious son of Atreus,",unreviewed
iliad,9,36,12,19,"lord of men, Agamemnon, the gifts are no longer hidden from Achilles.",unreviewed
iliad,9,37,15,18,"Come, let us summon the men who will go swiftly to the son of Peleus.",unreviewed
iliad,9,38,13,18,"Let Phoenix lead them, dear to Zeus; then great Ajax and shining Odysseus.",unreviewed
iliad,9,39,14,20,"Let the heralds Odios and Eurybates go with them. Bring water for their hands,",unreviewed
iliad,9,40,15,19,"and command a holy silence, so that we may pray to Zeus, son of Cronus,",unreviewed
iliad,9,41,10,15,if perhaps he will pity us.” Everyone approved his word.,unreviewed
iliad,9,42,14,17,At once the heralds poured water over their hands. The young men crowned the,unreviewed
iliad,9,43,13,21,"mixing bowls with wine and served the cups, beginning with the customary offering.",unreviewed
iliad,9,44,15,16,"When they had poured and drunk as much as their hearts desired, they set out",unreviewed
iliad,9,45,14,22,"from Agamemnon’s shelter. Nestor gave each man many instructions, but most of all",unreviewed
iliad,9,46,14,21,he charged Odysseus to persuade the blameless son of Peleus. They went beside the,unreviewed
iliad,9,47,13,19,"shore of the loud-roaring sea, praying earnestly to Earth-shaking Poseidon that",unreviewed
iliad,9,48,10,14,they might easily bend the great heart of Aeacus’ grandson.,unreviewed
iliad,9,49,13,19,They reached the huts and ships of the Myrmidons and found Achilles delighting,unreviewed
iliad,9,50,12,18,"his heart with a clear, beautiful, carefully wrought lyre, whose silver bridge",unreviewed
iliad,9,51,16,19,he had taken from the spoils when he destroyed Eetion’s city. With it he sang,unreviewed
iliad,9,52,13,21,"the famous deeds of men. Patroclus alone sat opposite him in silence, waiting",unreviewed
iliad,9,53,13,20,for Achilles to finish his song. Odysseus led the others forward. They stood,unreviewed
iliad,9,54,14,21,"before him, and Achilles sprang up in astonishment, leaving the lyre and the seat",unreviewed
iliad,9,55,15,20,"where he had been sitting. Patroclus rose as well when he saw the men. Achilles,",unreviewed
iliad,9,56,14,18,"swift-footed, greeted them: “Welcome. You have come as friends, though I am angry",unreviewed
iliad,9,57,11,13,with the Achaeans; you are the dearest of all to me.”,unreviewed
iliad,9,58,15,18,He led them within and seated them on chairs spread with purple rugs. Then he,unreviewed
iliad,9,59,14,19,"called to Patroclus, who stood nearby: “Set out a larger mixing bowl, son of",unreviewed
iliad,9,60,14,19,"Menoetius, and mix the wine stronger. These are the dearest men beneath my roof.”",unreviewed
iliad,9,61,14,20,Patroclus obeyed his beloved companion. He set a great chopping block in the glow,unreviewed
iliad,9,62,19,20,"of the fire, laid upon it the back of a sheep, the fat haunch of a goat, and the",unreviewed
iliad,9,63,14,20,"richly marbled chine of a well-fed pig. Automedon held the meat, while noble",unreviewed
iliad,9,64,14,19,"Achilles cut it; Patroclus, a man equal to the gods, kindled the great fire.",unreviewed
iliad,9,65,16,18,"When the fire had burned the wood down and the flame faded, he spread the embers,",unreviewed
iliad,9,66,13,14,"stretched the spits above them, and sprinkled sacred salt. When the meat was",unreviewed
iliad,9,67,12,21,"roasted, he set it into baskets. Patroclus distributed the bread in handsome",unreviewed
iliad,9,68,11,21,"baskets, while Achilles portioned the meat. He sat opposite godlike Odysseus",unreviewed
iliad,9,69,12,22,"against the other wall, and commanded Patroclus to sacrifice the inner portions",unreviewed
iliad,9,70,14,18,to the gods; Patroclus cast them into the fire. The guests reached toward the,unreviewed
iliad,9,71,4,5,food laid before them.,unreviewed
iliad,9,72,15,20,"When they had put away their desire for food and drink, Ajax nodded to Phoenix,",unreviewed
iliad,9,73,13,21,"and noble Odysseus understood. He filled the cup, raised it toward Achilles, and",unreviewed
iliad,9,74,13,21,"spoke: “Hail, Achilles. Your feast is not lacking, whether in Agamemnon’s shelter",unreviewed
iliad,9,75,17,20,"or here, for there is abundant food to share. Yet we cannot give our minds to this",unreviewed
iliad,9,76,14,21,"lovely meal: a great disaster, heaven-nurtured, stands before our eyes, and we fear",unreviewed
iliad,9,77,15,18,whether we shall save our well-benched ships or perish. The proud Trojans and their,unreviewed
iliad,9,78,14,19,"far-famed allies have camped close beside the ships and wall, lighting many fires.",unreviewed
iliad,9,79,16,18,"They say they will not stop until they fall upon the black ships. Zeus, son of",unreviewed
iliad,9,80,12,20,"Cronus, flashes favorable signs for them; Hector, exulting in his great strength,",unreviewed
iliad,9,81,13,20,"rages terribly, trusting in Zeus. He honors neither men nor gods, and ruinous",unreviewed
iliad,9,82,16,23,"madness has entered him. He prays for the holy Dawn to appear as quickly as possible,",unreviewed
iliad,9,83,16,18,"for he boasts that he will cut off the ships’ high sterns, burn the ships themselves",unreviewed
iliad,9,84,15,19,"with consuming fire, and kill the Achaeans beside them as they choke in the smoke.",unreviewed
iliad,9,85,16,19,"“These threats I dread terribly in my heart, lest the gods fulfill them and it be",unreviewed
iliad,9,86,14,20,"our appointed fate to perish at Troy, far from horse-pasturing Argos. Rise, then,",unreviewed
iliad,9,87,16,20,"if you are willing, even now, to rescue the sons of the Achaeans, worn down beneath",unreviewed
iliad,9,88,15,21,"the Trojans’ uproar. Afterwards grief will be yours, and there is no remedy once the",unreviewed
iliad,9,89,15,23,evil is done. Consider beforehand how you will ward the evil day from the Danaans.,unreviewed
iliad,9,90,16,18,"“My dear friend, your father Peleus gave you this charge on the day he sent you",unreviewed
iliad,9,91,15,21,"from Phthia to Agamemnon: ‘My son, Athena and Hera will grant you strength, if they",unreviewed
iliad,9,92,14,20,"will it; but keep your great-hearted spirit within your breast, for kindly fellowship",unreviewed
iliad,9,93,15,22,"is better. Abandon the quarrel that breeds evil, so that the Argives, young and old,",unreviewed
iliad,9,94,17,20,"may honor you more.’ Thus the old man charged you, but you forget it. Even now cease,",unreviewed
iliad,9,95,16,22,and let go the anger that eats your heart. Agamemnon gives you worthy gifts if you,unreviewed
iliad,9,96,15,20,"will end your wrath. Hear me, and I will recount all the gifts Agamemnon promised",unreviewed
iliad,9,97,15,22,in his shelter: seven tripods never placed upon the fire; ten talents of gold; twenty,unreviewed
iliad,9,98,13,18,shining cauldrons; twelve horses that have won prizes with their feet; and seven,unreviewed
iliad,9,99,14,19,"Lesbian women, skilled in excellent work, whom he took when you captured well-built",unreviewed
iliad,9,100,17,22,"Lesbos and who surpassed all the tribes of women in beauty. He will give these to you,",unreviewed
iliad,9,101,18,19,and with them the girl Briseis whom he took from you. He will swear a great oath that,unreviewed
iliad,9,102,17,21,"he never climbed into her bed or joined with her, as is the custom between lord and",unreviewed
iliad,9,103,1,2,woman.,unreviewed
iliad,9,104,18,18,“All these things will be here at once. If the gods grant us to sack Priam’s great,unreviewed
iliad,9,105,16,21,"city, when we divide the spoil among the Achaeans, you may enter your ship and load",unreviewed
iliad,9,106,15,19,"it with gold and bronze. You may choose twenty Trojan women, those who are fairest",unreviewed
iliad,9,107,16,21,"after Argive Helen. If we reach Achaean Argos, the rich breast of the land, you will",unreviewed
iliad,9,108,17,25,"be Agamemnon’s son-in-law, and he will honor you as he honors Orestes, his beloved",unreviewed
iliad,9,109,13,17,"son, raised amid abundance. He has three daughters in his well-built house:",unreviewed
iliad,9,110,12,21,"Chrysothemis, Laodice, and Iphianassa. Whichever you wish, you may lead home to",unreviewed
iliad,9,111,16,19,"Peleus’ house without bride-price, and he will give you wedding gifts such as no man",unreviewed
iliad,9,112,14,23,has ever given his daughter. He will also give you seven well-inhabited cities:,unreviewed
iliad,9,113,11,21,"Cardamyle, Enope, grassy Hire, sacred Pherae, deep-meadowed Antheia, lovely Aipeia,",unreviewed
iliad,9,114,17,22,"and vine-covered Pedasus. All lie near the sea, at the edge of sandy Pylos; in them",unreviewed
iliad,9,115,18,21,"live men rich in sheep and cattle, who will honor you like a god with gifts and under",unreviewed
iliad,9,117,17,20,“These things he will accomplish for you when you have let go your anger. But if the,unreviewed
iliad,9,118,18,23,"son of Atreus is hateful to you in your heart, him and his gifts, then pity the other",unreviewed
iliad,9,119,15,20,"Achaeans, who are suffering throughout the camp and will honor you like a god. You",unreviewed
iliad,9,120,16,20,"would win immense glory from them now, for you could take Hector, who would come very",unreviewed
iliad,9,121,16,19,near you with his deadly madness; he claims that no Danaans brought here in the ships,unreviewed
iliad,9,122,3,4,are his equal.”,unreviewed
iliad,9,123,11,20,"Achilles answered: “Odysseus, sprung from Zeus, son of Laertes, resourceful man,",unreviewed
iliad,9,124,17,20,"I must answer plainly, just as I think, and just as it will be fulfilled, so that",unreviewed
iliad,9,125,13,23,you will not sit beside me murmuring one after another from different directions.,unreviewed
iliad,9,126,18,23,That man is hateful to me as the gates of Hades who hides one thought in his heart,unreviewed
iliad,9,127,18,20,and speaks another. I will tell you what seems best to me. I do not think I can,unreviewed
iliad,9,128,14,23,"persuade Agamemnon, son of Atreus, or the other Danaans, since there was no gratitude",unreviewed
iliad,9,129,15,22,for my unceasing fight against the enemy. The same portion belongs to the one who,unreviewed
iliad,9,130,15,19,"stays and the one who fights hardest: coward and brave are held in equal honor,",unreviewed
iliad,9,131,17,20,"and both die alike, the man who has done nothing and the man who has labored much.",unreviewed
iliad,9,132,17,21,"“There is no profit left for me, after I have suffered pain in my heart and always",unreviewed
iliad,9,133,15,20,thrown my life into battle. Like a wingless bird that carries food to its fledglings,unreviewed
iliad,9,134,15,22,"whenever it catches it, and suffers for its labor, so I have spent many sleepless",unreviewed
iliad,9,135,15,18,nights and passed bloody days fighting men for their wives. With my ships I have,unreviewed
iliad,9,136,15,21,"destroyed twelve cities, and on foot I say I have taken eleven in fertile Troy.",unreviewed
iliad,9,137,13,22,From all these I carried many beautiful treasures away and gave everything to,unreviewed
iliad,9,138,13,20,"Agamemnon, son of Atreus. He stayed behind beside the swift ships, received the",unreviewed
iliad,9,139,15,21,"goods, and distributed only a little; he kept much for himself. He gave the rest",unreviewed
iliad,9,140,16,19,"as prizes to the best men and the kings, and their portions remain safe. From me",unreviewed
iliad,9,141,17,21,"alone among the Achaeans he took the woman I loved, and now he keeps her. Let him",unreviewed
iliad,9,142,6,7,lie beside her and be glad.,unreviewed
iliad,9,143,16,21,“Why must the Argives fight the Trojans? Why did the son of Atreus gather and lead,unreviewed
iliad,9,144,18,22,the army here? Was it not for fair-haired Helen? Are the sons of Atreus the only men,unreviewed
iliad,9,145,17,24,"who love their wives? Every good and sensible man loves and cares for his own, as I",unreviewed
iliad,9,146,19,20,"loved her, though I won her by my spear. Now that he has taken my prize from my hands",unreviewed
iliad,9,147,18,21,"and deceived me, let him not try me again: I know him, and he will not persuade me.",unreviewed
iliad,9,148,17,21,"Let him, with you and the other kings, devise how to ward the enemy fire from the",unreviewed
iliad,9,149,16,19,"ships. He has labored greatly without me: he built a wall and drove a broad, deep",unreviewed
iliad,9,150,13,21,"trench around it, planting stakes within. Yet even that cannot hold Hector, killer",unreviewed
iliad,9,151,15,20,"of men. While I fought among the Achaeans, Hector would not venture far from the",unreviewed
iliad,9,152,17,19,"wall, but came only as far as the Skaian Gates and the beech tree, where once he",unreviewed
iliad,9,154,16,22,“Now I do not wish to fight glorious Hector. Tomorrow I will sacrifice to Zeus and,unreviewed
iliad,9,155,19,19,"all the gods, draw my ships well down to the sea, and you will see them, if you care",unreviewed
iliad,9,156,15,20,"and if it concerns you, sailing at first light upon the fish-filled Hellespont, with",unreviewed
iliad,9,157,17,20,"men eager at the oars. If the famous Earth-shaker grants a fair voyage, on the third",unreviewed
iliad,9,158,17,20,"day I should reach fertile Phthia. I have much there, and much that I left behind in",unreviewed
iliad,9,159,15,21,"my ruinous journey. From here I will carry away gold, red bronze, well-girded women,",unreviewed
iliad,9,160,17,22,"and gray iron, all the shares I won. But the prize he gave me, Agamemnon, son of",unreviewed
iliad,9,161,15,23,"Atreus, has taken back again in his arrogance. Tell him this openly, as I command,",unreviewed
iliad,9,162,16,25,"so that the other Achaeans may also be angry if he hopes to deceive another Danaan,",unreviewed
iliad,9,163,17,22,"always wrapped in shamelessness. Even if he were as bold as a dog, he would not dare",unreviewed
iliad,9,164,18,20,look me in the face. I will neither plan with him nor do any work beside him. He,unreviewed
iliad,9,165,15,19,deceived and wronged me; he will not deceive me again with words. Enough for him.,unreviewed
iliad,9,166,14,16,Let him go his way; Zeus the counselor has robbed him of his wits.,unreviewed
iliad,9,167,19,22,"“His gifts are hateful to me, and I value him at the price of a hair. Even if he",unreviewed
iliad,9,168,18,23,"gave me ten times, twenty times as much as he possesses now, and as much more as he",unreviewed
iliad,9,169,13,22,"might acquire—no matter how much flows into Orchomenus or Egyptian Thebes, where",unreviewed
iliad,9,170,15,19,"the greatest wealth lies in houses, with a hundred gates and two hundred men issuing",unreviewed
iliad,9,171,17,21,from each with horses and chariots—even if he offered me as much sand and dust as,unreviewed
iliad,9,172,15,22,"there are, Agamemnon could not persuade my spirit until he paid back all the painful",unreviewed
iliad,9,173,1,2,insult.,unreviewed
iliad,9,174,16,24,"“I will not marry a daughter of Agamemnon, son of Atreus, not even if she rivaled",unreviewed
iliad,9,175,13,21,golden Aphrodite in beauty and matched bright-eyed Athena in handiwork. Let him,unreviewed
iliad,9,176,16,21,"choose another Achaean, one suited to him and more kingly. If the gods save me and",unreviewed
iliad,9,177,16,21,"I reach home, Peleus himself will find me a wife. There are many Achaean women in",unreviewed
iliad,9,178,15,20,"Hellas and Phthia, daughters of the best men who guard their cities. Whichever I wish,",unreviewed
iliad,9,179,18,20,I will make my beloved wife. My proud heart has long urged me to take a fitting bride,unreviewed
iliad,9,180,9,13,and enjoy the possessions the old man Peleus won.,unreviewed
iliad,9,181,16,21,"“Nothing is worth my life—not all the wealth they say lies in well-inhabited Ilium,",unreviewed
iliad,9,182,17,20,"the city that once lived in peace before the sons of Achaeans came, nor all that the",unreviewed
iliad,9,183,14,23,stone threshold of Phoebus Apollo encloses in rocky Pytho. Cattle and fat sheep can,unreviewed
iliad,9,184,17,23,be driven off; tripods and tawny horses can be acquired. But a man’s life cannot be,unreviewed
iliad,9,185,14,16,"won back, nor captured, once it has passed through the barrier of his teeth.",unreviewed
iliad,9,186,14,21,"My mother, silver-footed Thetis, tells me that two fates carry me toward death.",unreviewed
iliad,9,187,16,23,"If I remain here and fight around the city of the Trojans, my homecoming is lost,",unreviewed
iliad,9,188,15,24,"but my glory will be imperishable. If I return home to my beloved fatherland, my",unreviewed
iliad,9,189,18,21,"good glory is lost, but my life will be long, and death’s end will not soon overtake",unreviewed
iliad,9,190,18,20,"me. I would advise the others to sail home as well, since you will not find the end",unreviewed
iliad,9,191,17,20,"of steep Ilium: Zeus of the wide eyes has stretched his hand above it, and its people",unreviewed
iliad,9,192,3,5,have taken courage.,unreviewed
iliad,9,193,16,20,"“Go, then, and tell this message to the Achaean leaders—for that is the honor of",unreviewed
iliad,9,194,16,20,"old men—that they may devise another plan in their hearts, a better one, to save",unreviewed
iliad,9,195,14,19,their ships and the Achaean army upon the hollow ships. The plan they conceived,unreviewed
iliad,9,196,17,21,"while I was angry will not save them. Let Phoenix sleep here beside us, so that he",unreviewed
iliad,9,197,17,23,"may sail with me tomorrow to my dear fatherland, if he wishes. I will not carry him",unreviewed
iliad,9,198,2,2,by force.”,unreviewed
iliad,9,199,10,15,Odysseus returned to the council and told them the answer.,unreviewed
iliad,9,200,12,14,The chiefs sat in grief. Diomedes said: “Let us eat and sleep.,unreviewed
iliad,9,201,13,16,Tomorrow we will fight. A man who trusts his own courage need not,unreviewed
iliad,9,202,3,5,beg another's help.”,unreviewed
iliad,9,203,12,20,"Phoenix remained beside Achilles, and the old horseman spoke with tears rising,",unreviewed
iliad,9,204,14,21,"for he feared the Achaean ships: “If you are set on homecoming, shining Achilles,",unreviewed
iliad,9,205,15,20,and will not ward the destructive fire from the swift ships because anger has entered,unreviewed
iliad,9,206,15,19,"your heart, how could I remain here without you, my dear child? The old horseman",unreviewed
iliad,9,207,17,21,"Peleus sent me with you on the day he sent you from Phthia to Agamemnon, still a",unreviewed
iliad,9,208,14,20,"child who knew nothing of equal war or public speech, where distinguished men become",unreviewed
iliad,9,209,20,22,leaders. He sent me to teach you all this: to be a speaker of words and a doer of deeds.,unreviewed
iliad,9,210,16,21,"“For that reason, dear child, I would not willingly be left behind by you, not even",unreviewed
iliad,9,211,20,22,"if a god promised to scrape old age from me and make me young again, as I was when I",unreviewed
iliad,9,212,15,24,"first fled lovely Hellas from quarrels with my father, Amyntor son of Ormenus. He was",unreviewed
iliad,9,213,14,21,"angry over his fair-haired concubine, whom he loved and dishonored my mother. She",unreviewed
iliad,9,214,18,19,"begged me by my knees to sleep with the woman, so that the old man might hate her.",unreviewed
iliad,9,215,17,21,"I obeyed and did it. My father learned of it, cursed me terribly, and called upon the",unreviewed
iliad,9,216,17,22,Erinyes never to let a son born from me sit upon his knees. Zeus beneath the earth,unreviewed
iliad,9,218,16,20,“My heart could no longer bear to remain in my angry father’s house. Friends and,unreviewed
iliad,9,219,13,19,"cousins tried to restrain me; many fat sheep, twisting-horned cattle, and shining",unreviewed
iliad,9,220,16,17,"pigs were slaughtered, and much of the old man’s wine was drunk. For nine nights",unreviewed
iliad,9,221,16,21,"they kept watches around me, with fires never going out in the court and before the",unreviewed
iliad,9,222,14,17,"bedroom doors. On the tenth dark night I broke through the tightly fitted doors,",unreviewed
iliad,9,223,15,19,"jumped the courtyard wall, and fled unseen by the guards and serving women. I crossed",unreviewed
iliad,9,224,15,21,"broad Hellas and came to fertile Phthia, mother of sheep, to King Peleus. He welcomed",unreviewed
iliad,9,225,17,25,"me freely and loved me as a father loves his only, late-born son among many possessions.",unreviewed
iliad,9,226,19,24,"He made me rich and gave me a numerous people, and I ruled the Dolopes at the edge of",unreviewed
iliad,9,227,1,1,Phthia.,unreviewed
iliad,9,228,16,20,"“I loved you from my heart, godlike Achilles, and raised you so that you would never",unreviewed
iliad,9,229,19,23,"go to a feast or eat in the halls with another before I had seated you on my knees,",unreviewed
iliad,9,230,15,17,"cut the meat, and poured the wine. Often you drenched the tunic on my breast,",unreviewed
iliad,9,231,14,19,"spilling wine in your painful childhood. For you I suffered much and labored much,",unreviewed
iliad,9,232,18,20,"thinking that the gods had not granted me a child of my own; I made you my son,",unreviewed
iliad,9,233,14,19,"godlike Achilles, so that you might one day ward an unseemly doom from me.",unreviewed
iliad,9,234,15,20,"“But tame your great spirit, Achilles; you must not keep a pitiless heart. The gods",unreviewed
iliad,9,235,13,19,"themselves can bend, though their strength, honor, and power are greater. Human beings",unreviewed
iliad,9,236,13,23,"turn them with sacrifices, gentle vows, libations, and the savor of offerings, begging",unreviewed
iliad,9,237,13,17,when someone has transgressed or gone astray. Prayers are daughters of great Zeus:,unreviewed
iliad,9,238,14,20,"they are lame and wrinkled, and look sideways; yet they follow afterward, caring for",unreviewed
iliad,9,239,15,18,"ruin. Whoever respects them when they draw near is greatly helped, and they hear him",unreviewed
iliad,9,240,15,21,"when he prays. Whoever rejects them and stubbornly refuses them, they go to Zeus and",unreviewed
iliad,9,241,13,14,"ask that ruin follow him, so that, harmed, he may pay the price.",unreviewed
iliad,9,242,15,20,"“Achilles, grant the daughters of Zeus their honor; they bend the minds of other good",unreviewed
iliad,9,243,15,23,"men as well. If Agamemnon were not bringing gifts and promising more later, but always",unreviewed
iliad,9,244,16,21,"remained fiercely angry, I would not ask you to cast off your wrath and defend the",unreviewed
iliad,9,245,16,22,"Argives, desperate though they are. But now he gives much at once and has promised much",unreviewed
iliad,9,246,19,23,"for later, and he has sent the best men in all the Achaean army, men who are dearest to",unreviewed
iliad,9,247,17,20,you. Do not reject their words or despise their feet. It was not wrong to be angry,unreviewed
iliad,9,248,18,20,"before. We have heard the fame of men of old who were turned by great anger, with gifts",unreviewed
iliad,9,249,2,2,and words.,unreviewed
iliad,9,250,17,23,"“I remember an ancient deed, and I will tell it among you all. The Curetes and the",unreviewed
iliad,9,251,11,24,"great-hearted Aetolians fought around lovely Calydon, killing one another. Artemis,",unreviewed
iliad,9,252,13,20,"golden-throned, sent evil upon them because Oineus failed to sacrifice first-fruits",unreviewed
iliad,9,253,15,22,"to her, though the other gods feasted upon hecatombs. Whether he forgot or failed to",unreviewed
iliad,9,254,14,21,"notice, he was deeply mistaken. The archer goddess, enraged, sent a wild boar with",unreviewed
iliad,9,255,13,17,"white tusks that ravaged Oineus’ orchards, throwing great trees to the ground, roots,",unreviewed
iliad,9,256,4,7,"blossoms, and fruit together.",unreviewed
iliad,9,257,13,22,"“Meleager, Oineus’ son, killed it after gathering hunters and hounds from many cities;",unreviewed
iliad,9,258,19,22,"it was too great to be brought down by a few mortals, and it sent many to the painful",unreviewed
iliad,9,259,16,22,pyre. Artemis raised a loud quarrel over the boar’s head and shaggy hide between the,unreviewed
iliad,9,260,13,23,"Curetes and the proud Aetolians. While Meleager fought, the Curetes suffered and could",unreviewed
iliad,9,261,14,21,"not remain outside the walls, though they were many. But when anger entered Meleager—",unreviewed
iliad,9,262,17,23,the anger that swells even in the breast of a thoughtful man—he lay beside his lovely,unreviewed
iliad,9,263,15,21,"wife Cleopatra, nursing the wrath caused by his mother Althaea’s curses. She had prayed",unreviewed
iliad,9,264,14,22,"to Hades and dread Persephoneia for her brother’s death, beating the nourishing earth",unreviewed
iliad,9,265,15,20,"with her hands and kneeling in tears; the Erinys heard her from Erebus, with her",unreviewed
iliad,9,266,2,4,pitiless heart.,unreviewed
iliad,9,267,16,20,“Soon the clash and din rose around the gates as towers were struck down. The elders,unreviewed
iliad,9,268,14,20,"of the Aetolians begged Meleager and sent their best priests, promising a great gift:",unreviewed
iliad,9,269,14,22,"in the richest plain of Calydon he might choose a beautiful fifty-ploughland estate,",unreviewed
iliad,9,270,16,21,half planted in vines and half open for the plow. His father Oineus begged him from,unreviewed
iliad,9,271,14,20,"the threshold, shaking the fitted doors on his knees; his sisters and queenly mother",unreviewed
iliad,9,272,15,18,"begged him, and his closest companions as well. But they could not move his heart",unreviewed
iliad,9,273,13,22,until the Curetes were already upon the chamber and burning the great city.,unreviewed
iliad,9,274,16,21,“Then his well-girded wife came weeping and told him all the evils that befall people,unreviewed
iliad,9,275,17,22,"when a city is taken: the men are killed, the city is burned, and strangers carry off",unreviewed
iliad,9,276,15,18,the children and deep-girdled women. His spirit was stirred when he heard of these,unreviewed
iliad,9,277,16,22,"deeds. He rose, put on his radiant armor, and warded the evil day from the Aetolians,",unreviewed
iliad,9,278,16,21,yielding to his own heart. Yet they did not fulfill the many beautiful gifts they had,unreviewed
iliad,9,280,17,20,"“Do not let your mind turn toward this, Achilles; do not let some god lead you there.",unreviewed
iliad,9,281,18,22,It would be worse to ward the evil only when the ships are burning. Go toward the gifts:,unreviewed
iliad,9,282,16,22,the Achaeans will honor you like a god. If you enter the man-killing battle without,unreviewed
iliad,9,283,13,17,"gifts, you will not have equal honor, even though you drive war away.”",unreviewed
iliad,9,284,13,18,"Achilles answered: “Old Phoenix, father dear, you have said all this from love;",unreviewed
iliad,9,285,18,21,"but I do not need this honor. I think I am honored by Zeus’ decree, and that honor",unreviewed
iliad,9,286,17,19,will remain with me beside my curved ships as long as breath stays in my breast and,unreviewed
iliad,9,287,16,19,"my knees move. I tell you this: do not trouble my heart, grieving and mourning for",unreviewed
iliad,9,288,16,23,"the sake of Agamemnon. You should not love him, lest you become hateful to me while",unreviewed
iliad,9,289,20,23,you are dear to me. It is good to care for the one who cares for me. Rule beside me,unreviewed
iliad,9,290,16,21,as an equal and share half my honor. These men will carry the message; you remain,unreviewed
iliad,9,291,18,22,here and sleep on a soft bed. At dawn we will consider whether to return home or stay.”,unreviewed
iliad,9,292,15,21,"He nodded silently to Patroclus, who spread a thick bed for Phoenix, so that the",unreviewed
iliad,9,293,15,20,"old man might decide whether to sail home with him. Great Ajax, son of Telamon,",unreviewed
iliad,9,294,15,21,"then spoke: “Resourceful Odysseus, son of Laertes, let us go. I do not think our",unreviewed
iliad,9,295,14,21,"mission will be completed by this road. We must report the message quickly, even",unreviewed
iliad,9,296,16,20,"though it is bad, to the Danaans who now sit waiting. Achilles has set a wild,",unreviewed
iliad,9,297,16,20,great-hearted spirit in his breast. He is pitiless and does not turn from the love,unreviewed
iliad,9,298,16,22,"of his companions, by which we honored him above all beside the ships. A man accepts",unreviewed
iliad,9,299,15,22,"compensation for a murdered brother or son, and once he receives the price, his heart",unreviewed
iliad,9,300,15,21,"and proud spirit are restrained. But the gods have put an unending, evil temper in",unreviewed
iliad,9,301,15,24,your breast because of a single woman. We offer you seven excellent women and many,unreviewed
iliad,9,302,14,21,other things besides. Put a gracious spirit in yourself and respect your own roof;,unreviewed
iliad,9,303,17,21,"we are beneath it, chosen from all the Danaans, and we wish to be your dearest and",unreviewed
iliad,9,305,14,22,"Achilles, swift-footed, answered: “Ajax, son of Telamon, lord of the people, you have",unreviewed
iliad,9,306,15,23,spoken all according to my heart. But my heart swells with anger whenever I remember,unreviewed
iliad,9,307,14,25,"how Agamemnon treated me before the Argives, as though I were some dishonored wanderer.",unreviewed
iliad,9,308,15,21,"Go, then, and report my message. I will not concern myself with bloody war until",unreviewed
iliad,9,309,15,22,"Hector, Priam’s wise son, reaches the huts and ships of the Myrmidons, killing Argives",unreviewed
iliad,9,310,16,21,"and burning the ships. Around my hut and black ship, I think, Hector, eager for battle,",unreviewed
iliad,9,311,3,3,will be stopped.”,unreviewed
iliad,9,312,16,19,"So he spoke. Each man took the two-handled cup, poured a libation beside the ships,",unreviewed
iliad,9,313,13,21,and went back; Odysseus led them. Patroclus ordered his companions and the serving,unreviewed
iliad,9,314,16,19,"women to spread a thick bed for Phoenix at once. They obeyed, laying fleeces, a rug,",unreviewed
iliad,9,315,15,21,and a fine linen covering. There the old man lay waiting for bright Dawn. Achilles,unreviewed
iliad,9,316,15,20,"slept in the innermost part of the well-built shelter; beside him lay Diomede, the",unreviewed
iliad,9,317,14,21,"beautiful daughter of Phorbas, whom he had brought from Lesbos. Patroclus lay on the",unreviewed
iliad,9,318,15,23,"other side, and beside him lay well-girded Iphis, whom Achilles had given him after",unreviewed
iliad,9,320,14,22,"When the embassy reached Agamemnon’s shelter, the sons of the Achaeans welcomed them",unreviewed
iliad,9,321,14,20,"with golden cups, rising one after another and asking what they had found. First",unreviewed
iliad,9,322,14,22,"Agamemnon, lord of men, asked: “Tell me, renowned Odysseus, great glory of the Achaeans:",unreviewed
iliad,9,323,18,22,"does he wish to ward the enemy fire from the ships, or has he refused, and does anger",unreviewed
iliad,9,325,12,23,"The much-enduring godlike Odysseus answered: “Most glorious son of Atreus, Agamemnon,",unreviewed
iliad,9,326,17,20,"lord of men, he does not wish to extinguish his anger; it burns in him still more.",unreviewed
iliad,9,327,17,22,He rejects you and your gifts. He tells you to devise among the Argives how you may,unreviewed
iliad,9,328,14,18,"save the ships and the Achaeans. He himself threatened that, when bright Dawn appears,",unreviewed
iliad,9,329,17,20,"he will drag his well-benched ships into the sea. He advised the others to sail home,",unreviewed
iliad,9,330,17,18,since you will not find the end of steep Ilium: Zeus of the wide eyes has stretched,unreviewed
iliad,9,331,15,21,"his hand above it, and its people have taken courage. Ajax and both wise heralds,",unreviewed
iliad,9,332,14,20,"who followed me, can say the same. Phoenix has lain down, as Achilles commanded,",unreviewed
iliad,9,333,16,22,"so that he may sail with him tomorrow to his beloved fatherland, if he wishes; he",unreviewed
iliad,9,334,6,7,will not carry him by force.”,unreviewed
iliad,9,335,17,21,"He spoke, and all were silent, astonished at the force of the answer. For a long time",unreviewed
iliad,9,336,15,20,"the sons of the Achaeans sat in sorrow. At last Diomedes, loud in battle, said:",unreviewed
iliad,9,337,15,21,"“Most glorious son of Atreus, Agamemnon, lord of men, you should never have begged the",unreviewed
iliad,9,338,15,21,"blameless son of Peleus with countless gifts. He is proud enough without them, and now",unreviewed
iliad,9,339,16,20,"you have driven him deeper into pride. Let us leave him, whether he goes or stays;",unreviewed
iliad,9,340,17,22,"he will fight again whenever his heart commands and a god rouses him. Come, let us do",unreviewed
iliad,9,341,16,18,"as I say: sleep now, having satisfied the heart with food and wine, for these give",unreviewed
iliad,9,342,13,18,"strength and courage. When fair, rose-fingered Dawn appears, quickly marshal the men",unreviewed
iliad,9,343,14,20,"and horses before the ships, urge them on, and fight yourself among the foremost.”",unreviewed
iliad,9,344,14,19,All the kings praised the speech of horse-taming Diomedes. They poured libations and,unreviewed
iliad,9,345,14,16,"went each to his shelter, where they slept and received the gift of sleep.",unreviewed
iliad,10,1,13,16,"The other chiefs, the best of all the Achaeans, slept beside the ships,",unreviewed
iliad,10,2,14,22,"overcome by gentle sleep. But Agamemnon, shepherd of the people, was not held by",unreviewed
iliad,10,3,14,17,"sweet sleep, for many thoughts drove through his mind. As the husband of Hera,",unreviewed
iliad,10,4,11,20,"fair-haired queen, flashes lightning while he prepares immeasurable rain, hail,",unreviewed
iliad,10,5,15,20,"or snow, or opens the great mouth of war, so Agamemnon groaned deeply from his",unreviewed
iliad,10,6,13,18,"heart, and his thoughts trembled within him. Whenever he looked toward the Trojan",unreviewed
iliad,10,7,15,21,"plain, he marveled at the many fires burning before Ilium, and at the sound of",unreviewed
iliad,10,8,15,21,"flutes, pipes, and the tumult of men. Whenever he looked toward the ships and the",unreviewed
iliad,10,9,15,18,"Achaean army, he tore great locks from his head for Zeus above and groaned from",unreviewed
iliad,10,10,3,5,his victorious heart.,unreviewed
iliad,10,11,18,20,"At last the best plan seemed to him to go first to Nestor, son of Neleus, and see",unreviewed
iliad,10,12,12,20,whether together they might shape some blameless counsel that could ward disaster,unreviewed
iliad,10,13,15,19,"from all the Danaans. He rose, put on his tunic, bound his fine sandals beneath",unreviewed
iliad,10,14,16,19,"his shining feet, wrapped himself in the red hide of a great tawny lion that fell",unreviewed
iliad,10,15,15,18,"to his heels, and took his spear. Menelaus was seized by the same trembling; sleep",unreviewed
iliad,10,16,15,21,"would not settle upon his eyelids, for he feared that the Argives might suffer harm,",unreviewed
iliad,10,17,16,18,having crossed the sea to Troy for his sake and entered the bold war. He first,unreviewed
iliad,10,18,15,20,"covered his broad back with a dappled leopard skin, lifted a bronze helmet upon his",unreviewed
iliad,10,19,17,20,"head, and took a spear in his powerful hand. He went to rouse his brother, who ruled",unreviewed
iliad,10,20,12,17,all the Argives and was honored among the people like a god.,unreviewed
iliad,10,21,14,22,"He found Agamemnon fitting his beautiful armor beside the stern of the ship, and",unreviewed
iliad,10,22,14,19,was welcome when he came. Menelaus spoke first: “Why are you arming yourself like,unreviewed
iliad,10,23,16,20,"this, brother? Are you going to send one of your companions as a spy among the",unreviewed
iliad,10,24,14,21,"Trojans? I greatly fear no one will undertake this work alone, to scout hostile",unreviewed
iliad,10,25,12,19,"men through the immortal night, unless he has an exceptionally bold heart.”",unreviewed
iliad,10,26,14,23,"Agamemnon answered: “We need a profitable plan, you and I, dear Menelaus, one that",unreviewed
iliad,10,27,15,17,"may rescue and save the Argives and their ships, now that Zeus’ mind has turned.",unreviewed
iliad,10,28,16,21,He has set his heart more strongly upon Hector than before. I have never seen or,unreviewed
iliad,10,29,16,22,"heard of one man devising so many grievous deeds in a single day as Hector, dear",unreviewed
iliad,10,30,15,19,"to Zeus, has wrought against the sons of Achaeans—neither son of a goddess nor",unreviewed
iliad,10,31,16,21,favorite of a god. He has done things that I say will long trouble the Argives;,unreviewed
iliad,10,32,16,23,"so many evils has he planned for them. Go now, run swiftly to Ajax and Idomeneus",unreviewed
iliad,10,33,18,21,beside the ships. I will go to noble Nestor and urge him to rise and come to the,unreviewed
iliad,10,34,16,21,"holy watch, and to give the orders. They will obey him most readily, since his son",unreviewed
iliad,10,35,11,22,"commands among the guards, as does Meriones, Idomeneus’ companion; we entrusted",unreviewed
iliad,10,36,5,6,the watch chiefly to them.”,unreviewed
iliad,10,37,16,21,Menelaus asked: “What do you command me to do? Should I wait here among them until,unreviewed
iliad,10,38,14,18,"you return, or run back to you after I have given them your orders?”",unreviewed
iliad,10,39,15,24,"Agamemnon answered: “Remain here, so that we do not miss one another among the many",unreviewed
iliad,10,40,16,21,"paths through the camp. Call loudly wherever you go, waking each man by his father’s",unreviewed
iliad,10,41,15,23,name and honoring them all. Do not carry yourself proudly; let us labor ourselves as,unreviewed
iliad,10,42,10,16,well. Zeus is surely sending this heavy evil upon us.”,unreviewed
iliad,10,43,14,22,"He sent his brother away with careful instructions and went to Nestor, shepherd of",unreviewed
iliad,10,44,18,20,"the people. He found the old man beside his hut and black ship, lying on a soft bed;",unreviewed
iliad,10,45,15,19,"near him lay his figured shield, two shining spears, and a bright, many-colored belt",unreviewed
iliad,10,46,15,21,with which the old man armed himself whenever he led the people into man-destroying,unreviewed
iliad,10,48,15,19,"Nestor raised his head on his elbow and asked: “Who are you, walking alone through",unreviewed
iliad,10,49,16,19,"the camp and the dark night, when other mortals sleep? Are you seeking one of the",unreviewed
iliad,10,50,14,20,"watchmen, or one of your companions? Speak; do not approach me silently. What do",unreviewed
iliad,10,51,2,2,you need?”,unreviewed
iliad,10,52,13,22,"Agamemnon answered: “You will recognize me, Nestor, son of Neleus, great glory of",unreviewed
iliad,10,53,13,23,"the Achaeans: Agamemnon, whom Zeus has set among unending labors until breath remains",unreviewed
iliad,10,54,16,21,in my breast and my knees move. I wander because gentle sleep does not settle upon,unreviewed
iliad,10,55,16,21,my eyes; war and the cares of the Achaeans consume me. I dread terribly for the,unreviewed
iliad,10,56,16,19,"Danaans; my heart is not steady, I am shaken, my heart leaps from my breast, and",unreviewed
iliad,10,57,16,19,my bright limbs tremble. If you have any plan—for sleep does not visit you either—,unreviewed
iliad,10,58,16,20,let us go down among the guards and see that fatigue and sleep have not overcome,unreviewed
iliad,10,59,15,22,"them so that they have entirely forgotten the watch. The enemy lies close by, and",unreviewed
iliad,10,60,15,18,we do not know whether they might even be eager to fight through the night.”,unreviewed
iliad,10,61,13,20,"Nestor, the Gerenian horseman, replied: “Most glorious son of Atreus, lord of men,",unreviewed
iliad,10,62,12,22,"Agamemnon, Zeus the counselor will not fulfill every thought Hector now expects.",unreviewed
iliad,10,63,15,20,I think he will suffer still more trouble if Achilles turns his dear heart away,unreviewed
iliad,10,64,15,20,"from his bitter anger. I will follow you, and we will rouse Tydeus’ famous son,",unreviewed
iliad,10,65,15,21,"Odysseus, swift Ajax, and the brave son of Phyleus. Let someone also go call the",unreviewed
iliad,10,66,14,22,"godlike Ajax and lord Idomeneus, since their ships are farthest away. I will rebuke",unreviewed
iliad,10,67,17,21,"Menelaus, dear though he is and worthy of respect, and I will not hide that he sleeps",unreviewed
iliad,10,68,17,21,"while he has left you alone to labor. He should have worked among all the best men,",unreviewed
iliad,10,69,8,14,"begging them, for the need has become intolerable.”",unreviewed
iliad,10,70,15,22,"Agamemnon answered: “Old man, at other times I would tell you to blame him; often",unreviewed
iliad,10,71,15,21,"he gives way and does not wish to labor, neither from cowardice nor from dullness,",unreviewed
iliad,10,72,17,22,but watching me and awaiting my impulse. Now he woke before me and came to me first.,unreviewed
iliad,10,73,18,19,I sent him to call those whom you name. Let us go; we will find them before the,unreviewed
iliad,10,74,10,13,"gates among the guards, where I told them to gather.”",unreviewed
iliad,10,75,14,21,Nestor said: “No Argive will resent or disobey him when he urges and commands.”,unreviewed
iliad,10,76,14,18,"He dressed, bound his sandals, fastened a long double crimson cloak with its thick",unreviewed
iliad,10,77,15,18,"nap, and took a powerful spear sharpened with bronze. He went through the ships of",unreviewed
iliad,10,78,4,5,the bronze-clad Achaeans.,unreviewed
iliad,10,79,14,20,"First Nestor woke Odysseus, equal in counsel to Zeus. His voice quickly reached the",unreviewed
iliad,10,80,16,23,"hero’s mind, and Odysseus came out of his shelter, asking: “Why do you wander alone",unreviewed
iliad,10,81,14,18,through the ships and the immortal night? What urgent need has come upon you?”,unreviewed
iliad,10,82,14,22,"Nestor answered: “Do not be angry, resourceful son of Laertes. Such grief has fallen",unreviewed
iliad,10,83,15,21,"upon the Achaeans. Come with us, and let us wake another man suited to counsel,",unreviewed
iliad,10,84,6,7,whether we must flee or fight.”,unreviewed
iliad,10,85,13,20,"Odysseus went into his shelter, slung his patterned shield over his shoulders, and",unreviewed
iliad,10,86,15,20,"followed them. They came to Diomedes, son of Tydeus, and found him outside his hut",unreviewed
iliad,10,87,13,18,"with his armor on. His companions slept around him, their shields beneath their",unreviewed
iliad,10,88,15,18,"heads and their spears planted upright in the butt, the bronze flashing far off like",unreviewed
iliad,10,89,17,21,"the lightning of father Zeus. The hero slept upon the hide of a field-ox, with a",unreviewed
iliad,10,90,6,7,bright rug spread beneath his head.,unreviewed
iliad,10,91,14,17,"Nestor stood beside him, nudged him with his foot, and roused and rebuked him:",unreviewed
iliad,10,92,17,19,"“Wake, son of Tydeus. Why do you waste the whole night in sleep? Do you not hear",unreviewed
iliad,10,93,16,18,"that the Trojans are camped on the rise of the plain close beside the ships, and",unreviewed
iliad,10,95,14,20,"Diomedes sprang up quickly and said: “Old man, you are relentless; you never stop",unreviewed
iliad,10,96,15,19,working. Are there not younger sons of the Achaeans who could go among the kings,unreviewed
iliad,10,97,11,14,"and wake each one in turn? You are impossible, old man.”",unreviewed
iliad,10,98,13,19,"Nestor answered: “Yes, dear friend, you have spoken rightly. I have blameless sons,",unreviewed
iliad,10,99,17,22,"and many people, and one of them could go calling. But a great need has fallen upon",unreviewed
iliad,10,100,15,20,"the Achaeans: now all stand upon a razor’s edge, between grievous death and life.",unreviewed
iliad,10,101,17,21,"Go and rouse swift Ajax and the son of Phyleus; you are younger, if you pity me.”",unreviewed
iliad,10,102,15,20,"Diomedes wrapped the hide of a great tawny lion around his shoulders, took his spear,",unreviewed
iliad,10,103,17,18,and went to rouse them. He led them to the gathered guards. They did not find the,unreviewed
iliad,10,104,16,22,leaders of the watch asleep: all sat awake in their armor. As dogs around a sheepfold,unreviewed
iliad,10,105,16,18,"lose sleep when they hear a fierce beast moving through the hills, with a great tumult",unreviewed
iliad,10,106,17,20,"of men and dogs rising against it, so the sweet sleep had vanished from the eyes of",unreviewed
iliad,10,107,14,19,"the guards as they watched through the evil night, always turning their faces toward",unreviewed
iliad,10,108,8,13,the plain whenever they heard the Trojans advancing.,unreviewed
iliad,10,109,15,18,"The old man rejoiced when he saw them, encouraged them with his words, and said:",unreviewed
iliad,10,110,15,19,"“Guard the camp faithfully, dear children; let sleep seize no one, lest we become a",unreviewed
iliad,10,111,16,20,"joy to our enemies.” He crossed the trench, and the kings of the Argives who had",unreviewed
iliad,10,112,14,21,"been summoned to council followed him. Meriones and Nestor’s shining son joined them,",unreviewed
iliad,10,113,15,18,for the kings themselves had called them to share the counsel. They crossed the dug,unreviewed
iliad,10,114,17,18,trench and sat in a clear place where the ground showed the bodies of those who had,unreviewed
iliad,10,115,13,19,"fallen, the place from which mighty Hector had turned back, killing Argives, when",unreviewed
iliad,10,116,5,6,night first covered the field.,unreviewed
iliad,10,117,14,19,"There they sat and spoke among themselves. Nestor began: “Friends, is there some man",unreviewed
iliad,10,118,17,21,who trusts his own brave spirit enough to go among the proud Trojans and seize one of,unreviewed
iliad,10,119,14,20,"the enemy stragglers, or learn some word among the Trojans—what they are planning,",unreviewed
iliad,10,120,16,23,"whether they intend to remain by the ships away from the city, or withdraw into the",unreviewed
iliad,10,121,15,20,city now that they have defeated the Achaeans? If he learned all this and returned,unreviewed
iliad,10,122,15,20,"unharmed, he would win great fame beneath the sky among all men, and an excellent",unreviewed
iliad,10,123,17,21,"reward. Every one of the best men who command the ships would give him a black ewe,",unreviewed
iliad,10,124,16,21,"with a suckling lamb at her side; no possession would equal it, and it would always",unreviewed
iliad,10,126,14,19,"All fell silent. Then Diomedes, loud in battle, spoke: “Nestor, my heart and proud",unreviewed
iliad,10,127,17,23,"spirit urge me to enter the enemy camp, since the hostile men are close. But if some",unreviewed
iliad,10,128,15,22,"other man would accompany me, the work would be easier and more confident. When two",unreviewed
iliad,10,129,15,25,"go together, one sees before the other and finds the advantage; a solitary man, even",unreviewed
iliad,10,130,13,19,"if he has thought deeply, is slower to discover and weaker in counsel.”",unreviewed
iliad,10,131,14,17,"There they sat, and Nestor asked whether some man trusted his own brave heart",unreviewed
iliad,10,132,14,20,"enough to enter the proud Trojans’ camp, seize an enemy straggler, or learn what",unreviewed
iliad,10,133,14,19,the Trojans planned—whether they meant to remain by the ships or withdraw into,unreviewed
iliad,10,134,14,21,the city now that they had defeated the Achaeans. If he learned everything and,unreviewed
iliad,10,135,14,18,"returned unharmed, he would win great fame beneath the sky and a fine reward:",unreviewed
iliad,10,136,16,19,"each of the best ship-commanders would give him a black ewe with a suckling lamb,",unreviewed
iliad,10,137,10,13,a prize that would always attend his feasts and banquets.,unreviewed
iliad,10,138,14,19,"All were silent. Diomedes spoke: “Nestor, my heart and proud spirit urge me to",unreviewed
iliad,10,139,15,22,"enter the enemy camp, since the hostile men are close. But if another man would",unreviewed
iliad,10,140,15,19,"come with me, the work would be warmer and more secure. When two go together,",unreviewed
iliad,10,141,17,22,"one sees first what is to be done; a solitary man, even if he has thought deeply,",unreviewed
iliad,10,143,14,23,"Many wished to follow him: both Ajaxes, servants of Ares; Meriones; Nestor’s son;",unreviewed
iliad,10,144,12,21,"Menelaus, famous with the spear; and enduring Odysseus, whose spirit always dared",unreviewed
iliad,10,145,12,21,"to plunge into the Trojan crowd. Agamemnon answered: “Son of Tydeus, Diomedes,",unreviewed
iliad,10,146,15,19,"dear to my heart, choose whichever companion you wish, the best of those who have",unreviewed
iliad,10,147,14,20,"offered themselves. Do not leave the better man behind out of respect for birth,",unreviewed
iliad,10,149,14,21,"Diomedes answered: “If you command me to choose a companion, how could I forget",unreviewed
iliad,10,150,14,23,"godlike Odysseus? His heart and proud spirit are ready for every labor, and Pallas",unreviewed
iliad,10,151,15,22,"Athena loves him. With him beside me we could return even from burning fire, for",unreviewed
iliad,10,153,14,19,Odysseus replied: “Do not praise or rebuke me too much; these things are already,unreviewed
iliad,10,154,16,20,"known among the Argives. Let us go: night is passing, dawn is near, the stars have",unreviewed
iliad,10,155,15,18,"advanced, more than two parts of the night are gone, and the third alone remains.”",unreviewed
iliad,10,156,12,22,They clothed themselves in terrible armor. Thrasymedes gave Diomedes a two-edged,unreviewed
iliad,10,157,17,19,"sword, since his own had been left beside the ship, and a shield; he set upon his",unreviewed
iliad,10,158,15,18,"head a bull-hide helmet without boss or crest, called a skull-cap, which protects",unreviewed
iliad,10,159,15,20,"the heads of young men. Meriones gave Odysseus a bow, quiver, and sword, and set",unreviewed
iliad,10,160,15,21,"upon his head a helmet made of hide, strengthened inside by many straps and bristling",unreviewed
iliad,10,161,15,22,outside with the closely set white teeth of a boar. Autolycus had once taken it,unreviewed
iliad,10,162,15,25,from the house of Amyntor son of Ormenus and given it to Amphidamas of Cythera;,unreviewed
iliad,10,163,16,23,"Amphidamas gave it as a guest-gift to Molus, and Molus gave it to Meriones. Now",unreviewed
iliad,10,164,11,19,"Meriones gave it to Odysseus, and it covered his head securely.",unreviewed
iliad,10,165,16,19,"When they had put on the dreadful armor, they set out, leaving all the best men",unreviewed
iliad,10,166,15,21,"behind. Pallas Athena sent a heron close beside their road on the right, but they",unreviewed
iliad,10,167,15,19,could not see it through the dark; they heard only its cry. Odysseus rejoiced and,unreviewed
iliad,10,168,14,20,"prayed: “Hear me, daughter of aegis-bearing Zeus, who stand beside me in every",unreviewed
iliad,10,169,17,22,"labor and never escape my notice when I am moved. Be with me now above all, and",unreviewed
iliad,10,170,16,20,grant that we return to the famous ships after doing a great deed that will trouble,unreviewed
iliad,10,171,2,3,the Trojans.”,unreviewed
iliad,10,172,13,20,"Diomedes prayed in turn: “Hear me, daughter of Zeus, unconquered Athena. Come with",unreviewed
iliad,10,173,16,23,"me as when you followed my noble father Tydeus to Thebes, when he went as messenger",unreviewed
iliad,10,174,14,20,before the Achaeans. He left the bronze-clad Achaeans beside Asopus and carried a,unreviewed
iliad,10,175,14,21,"gentle message to the Cadmeans, but on his return he devised terrible deeds with",unreviewed
iliad,10,176,15,20,"you beside him, divine goddess, standing freely at his side. Stand with me now and",unreviewed
iliad,10,177,15,22,"guard me. I will sacrifice to you a broad-browed yearling heifer, unbroken and never",unreviewed
iliad,10,178,18,21,brought beneath a man’s yoke; I will pour gold over her horns and offer her to you.”,unreviewed
iliad,10,179,15,18,"So they prayed, and Pallas Athena heard them. They set out like two lions through",unreviewed
iliad,10,180,11,15,"the black night, through slaughter, among corpses, armor, and dark blood.",unreviewed
iliad,10,181,15,20,Hector did not let the bold Trojans sleep either. He summoned all the leaders and,unreviewed
iliad,10,182,15,22,masters of the people and devised a careful plan: “Who will promise to perform this,unreviewed
iliad,10,183,17,21,work for a great gift? His reward will be sufficient. I will give a chariot and two,unreviewed
iliad,10,184,16,19,"long-necked horses, the best beside the swift ships of the Achaeans, to the man who",unreviewed
iliad,10,185,13,19,"dares approach the ships, learn whether they are guarded as before, or whether,",unreviewed
iliad,10,186,15,19,"defeated by our hands, the Achaeans are planning flight and do not wish to watch",unreviewed
iliad,10,188,16,23,"All fell silent. But among the Trojans was Dolon, son of the herald Eumedes, a man",unreviewed
iliad,10,189,16,21,"rich in gold and bronze, ugly in appearance but swift of foot, the only son among",unreviewed
iliad,10,190,15,20,"five sisters. He spoke to the Trojans and Hector: “Hector, my heart and proud spirit",unreviewed
iliad,10,191,16,18,urge me to approach the swift ships and learn what is there. Raise the scepter for,unreviewed
iliad,10,192,16,22,me and swear that you will give me the horses and decorated chariot that carry the,unreviewed
iliad,10,193,17,22,blameless son of Peleus. I will not be a useless spy for you; I will go straight,unreviewed
iliad,10,194,16,23,"through the army until I reach Agamemnon’s ship, where the best men are likely now",unreviewed
iliad,10,196,14,19,"Hector took the scepter in his hands and swore: “Let Zeus himself, loud-thundering",unreviewed
iliad,10,197,15,21,"husband of Hera, witness that no other Trojan will mount those horses; I say you",unreviewed
iliad,10,198,16,22,alone will have the glory of them.” He swore falsely and roused Dolon. At once Dolon,unreviewed
iliad,10,199,16,19,"slung his curved bow around his shoulders, wrapped himself in the hide of a gray wolf,",unreviewed
iliad,10,200,18,21,"set a marten-skin cap upon his head, took a sharp spear, and went from the camp toward",unreviewed
iliad,10,201,15,19,the ships. He would not return from the ships to carry his message to Hector.,unreviewed
iliad,10,202,15,21,"When he had left the horses and men behind and gone some distance, godlike Odysseus",unreviewed
iliad,10,203,17,22,saw him approaching and said to Diomedes: “There is a man coming from the camp. I do,unreviewed
iliad,10,204,19,22,not know whether he is a spy for our ships or a plunderer of the dead. Let us first,unreviewed
iliad,10,205,18,21,let him pass a little way across the plain; then we can spring upon him and seize him.,unreviewed
iliad,10,206,17,19,"If his feet outrun us, drive him from the camp toward the ships with your spear, so",unreviewed
iliad,10,208,15,19,They spoke and crouched beside the road among the corpses. Dolon ran past them in,unreviewed
iliad,10,209,17,20,"reckless haste. When he had gone as far as the tails of mules, which are better than",unreviewed
iliad,10,210,15,19,"oxen at dragging a well-made plow through deep fallow, the two sprang out. Hearing",unreviewed
iliad,10,211,13,19,"the noise, he stopped, thinking his companions were returning from the Trojans at",unreviewed
iliad,10,212,16,21,"Hector’s command. But when they were a spear’s cast or less away, he recognized",unreviewed
iliad,10,213,10,13,"hostile men, and his swift knees carried him into flight.",unreviewed
iliad,10,214,16,17,"As two sharp-toothed dogs, trained for the hunt, chase a fawn or hare without rest",unreviewed
iliad,10,215,15,19,"through a wooded place while the creature runs before them crying, so the son of",unreviewed
iliad,10,216,14,22,Tydeus and city-sacking Odysseus pursued him without cease. When he was nearly about,unreviewed
iliad,10,217,14,20,"to reach the guards fleeing toward the ships, Athena put strength into Diomedes, so",unreviewed
iliad,10,218,15,19,"that no other bronze-clad Achaean might strike first and claim the glory, leaving him",unreviewed
iliad,10,219,16,19,"second. Diomedes sprang with his spear and called: “Stop, or I will reach you with my",unreviewed
iliad,10,220,16,22,spear; you will not long escape a steep death from my hand.” He threw and deliberately,unreviewed
iliad,10,221,15,20,missed. The spear’s polished point passed over Dolon’s right shoulder and fixed itself,unreviewed
iliad,10,222,14,19,"in the ground. Dolon stopped, struck with terror, his teeth chattering, his skin pale",unreviewed
iliad,10,223,12,13,with fear. The two panting men reached him and seized his hands.,unreviewed
iliad,10,224,16,20,"Dolon cried through his tears: “Take me alive, and I will ransom myself. At home I",unreviewed
iliad,10,225,14,20,"have bronze, gold, and much-worked iron; my father would give you an immeasurable",unreviewed
iliad,10,226,12,16,ransom if he heard that I was alive among the Achaean ships.”,unreviewed
iliad,10,227,14,21,Resourceful Odysseus answered: “Take courage; let death not be in your heart. Tell me,unreviewed
iliad,10,228,15,19,"plainly: why have you come alone toward the ships through the dark night, when other",unreviewed
iliad,10,229,15,20,"mortals sleep? Were you plundering the corpses, or did Hector send you to spy out",unreviewed
iliad,10,230,12,18,"everything among the hollow ships, or did your own spirit drive you?”",unreviewed
iliad,10,231,15,19,"“Hector led me here,” Dolon said, his limbs trembling. “He promised to give me the",unreviewed
iliad,10,232,15,19,single-hoofed horses of the great son of Peleus and the chariot worked with bronze.,unreviewed
iliad,10,233,16,20,He ordered me to go quickly through the black night to the hostile men and learn,unreviewed
iliad,10,234,13,18,"whether the swift ships were still guarded as before, or whether the Achaeans,",unreviewed
iliad,10,235,13,21,"overcome by terrible fatigue and defeated by our hands, were planning flight and",unreviewed
iliad,10,237,14,19,Odysseus smiled: “So your heart was reaching after great gifts—the horses of the,unreviewed
iliad,10,238,14,22,"warrior Aeacides? They are difficult for mortal men to master or drive, except for",unreviewed
iliad,10,239,14,21,"Achilles, whose mother is immortal. Now tell us plainly: where did you leave Hector,",unreviewed
iliad,10,240,15,21,shepherd of the people? Where are his armor and horses? How are the other Trojans’,unreviewed
iliad,10,241,14,19,guards and beds arranged? What do they plan among themselves—will they remain here,unreviewed
iliad,10,242,15,23,"by the ships, away from the city, or withdraw into the city after defeating the",unreviewed
iliad,10,243,1,2,Achaeans?”,unreviewed
iliad,10,244,15,23,"Dolon answered: “I will tell you all of this exactly. Hector is among the counselors,",unreviewed
iliad,10,245,15,22,"deliberating beside the sacred tomb of Ilus, far from the uproar. The guards you ask",unreviewed
iliad,10,246,15,22,about are not assigned and set apart to protect the army. The Trojans whose fires,unreviewed
iliad,10,247,16,21,are burning must keep awake and urge one another to watch. But the far-called allies,unreviewed
iliad,10,248,15,19,"sleep; they have handed the guard to the Trojans, for their children and wives are",unreviewed
iliad,10,249,3,3,not close by.”,unreviewed
iliad,10,250,14,20,Odysseus asked: “How do they sleep—mixed among the horse-taming Trojans or apart?,unreviewed
iliad,10,251,7,7,"Tell me, so that I may know.”",unreviewed
iliad,10,252,13,20,"Dolon answered: “Toward the sea lie the Carians, Paeonians with bent bows, Leleges,",unreviewed
iliad,10,253,11,21,"Caucones, and godlike Pelasgians. Toward Thymbra are the Lycians, haughty Mysians,",unreviewed
iliad,10,254,13,18,"horse-fighting Phrygians, and Maeonians with their horses. But why do you question",unreviewed
iliad,10,255,16,22,"me about each one? If you intend to enter the Trojan crowd, the Thracians lie apart,",unreviewed
iliad,10,256,14,20,"newly arrived and farthest from the others. Their king is Rhesus, son of Eioneus.",unreviewed
iliad,10,257,16,20,"I saw his horses: the fairest and largest, whiter than snow and swift as the winds.",unreviewed
iliad,10,258,14,21,"His chariot is beautifully worked in gold and silver, and he brought golden armor,",unreviewed
iliad,10,259,16,22,"immense and a wonder to behold—not armor for mortal men, but armor that seemed fit",unreviewed
iliad,10,260,18,22,"for immortal gods. Now take me to the swift ships, or bind me here in a pitiless bond",unreviewed
iliad,10,261,10,15,until you return and test whether I have spoken truly.”,unreviewed
iliad,10,262,15,20,"Diomedes looked at him grimly: “Do not put flight into your heart, Dolon, though you",unreviewed
iliad,10,263,16,19,"have brought good news and fallen into our hands. If we released you now, you could",unreviewed
iliad,10,264,18,20,come again to the swift ships to spy or fight against us. But if you lose your life,unreviewed
iliad,10,265,13,18,"under my hands, you will no longer be a trouble to the Argives.”",unreviewed
iliad,10,266,13,19,"Dolon reached toward Diomedes’ beard to beg, but Diomedes sprang and struck the",unreviewed
iliad,10,267,15,21,"middle of his neck with his sword, severing both tendons. Dolon’s head fell into",unreviewed
iliad,10,268,14,20,the dust while he was still speaking. Odysseus and Diomedes took from him the,unreviewed
iliad,10,269,14,18,"marten-skin cap, wolf-hide, back-bent bow, and long spear. Odysseus lifted them",unreviewed
iliad,10,270,15,19,"high in his hand to Athena, the goddess of spoil: “Hail, goddess. We will give",unreviewed
iliad,10,271,15,21,these first among all the immortals in Olympus; but now send us again to the,unreviewed
iliad,10,273,15,20,"He raised the spoils and placed them upon a tamarisk, marking the place with broken",unreviewed
iliad,10,274,14,18,"reeds and flowering branches, so that they would not miss it when they returned",unreviewed
iliad,10,275,14,17,through the black night. They went onward through armor and dark blood and quickly,unreviewed
iliad,10,276,14,19,"reached the end of the Thracian men. The Thracians slept, overcome by fatigue; their",unreviewed
iliad,10,277,15,20,"beautiful weapons lay in order beside them, three ranks deep, and each man had a",unreviewed
iliad,10,278,15,20,"pair of horses beside him. Rhesus slept in the middle, and his swift horses were",unreviewed
iliad,10,279,11,13,tied at the outer edge of his chariot by the reins.,unreviewed
iliad,10,280,15,22,"Odysseus saw him first and pointed him out to Diomedes: “There is the man, Diomedes,",unreviewed
iliad,10,281,16,22,and there are the horses Dolon told us about. Do not stand here uselessly in your,unreviewed
iliad,10,282,15,20,"armor. Loosen the horses—or kill the men, and I will attend to the horses.”",unreviewed
iliad,10,283,12,19,"Athena, bright-eyed, breathed strength into Diomedes. He struck among the sleeping",unreviewed
iliad,10,284,15,17,"men, and an ugly groan rose from those cut down; the ground reddened with blood.",unreviewed
iliad,10,285,17,22,"As a lion leaps upon unwatched sheep or goats with evil intent, so the son of Tydeus",unreviewed
iliad,10,286,13,19,"went through the Thracians until he had killed twelve. Odysseus, standing behind him,",unreviewed
iliad,10,287,15,20,"dragged each man struck by Diomedes aside by the foot, thinking that the horses with",unreviewed
iliad,10,288,14,20,their beautiful manes might pass easily and not grow afraid when they trampled the,unreviewed
iliad,10,290,16,19,"When Diomedes reached the king, he took away his sweet life as he gasped for breath;",unreviewed
iliad,10,291,16,22,"a bad dream had stood above him through the night, sent by Athena’s counsel. Odysseus",unreviewed
iliad,10,292,16,20,loosed the horses from the chariot and tied them together with the reins. He did not,unreviewed
iliad,10,293,15,19,"drive them out of the camp, fearing that, unaccustomed to the dead, they might shy.",unreviewed
iliad,10,294,13,22,"While Odysseus was loosening the single-hoofed horses, gathering them with the reins,",unreviewed
iliad,10,295,17,20,and driving them out of the crowd by flicking his bow because he had not thought to,unreviewed
iliad,10,296,13,21,"take the bright whip from the decorated chariot, Diomedes stood wondering what bold",unreviewed
iliad,10,297,16,21,"deed he should do next—drag away the chariot where the beautiful armor lay, or lift",unreviewed
iliad,10,298,14,17,"it high and carry it out, or take the lives of still more Thracians.",unreviewed
iliad,10,299,13,21,"As he considered, Athena stood close beside him and spoke: “Remember the return,",unreviewed
iliad,10,300,15,23,"son of great-hearted Tydeus, to the hollow ships, lest another god awaken the Trojans",unreviewed
iliad,10,301,13,20,"and you come back in fear.” Diomedes understood the goddess’ voice, quickly mounted",unreviewed
iliad,10,302,15,19,"the horses, and Odysseus struck them with his bow. They flew toward the swift ships.",unreviewed
iliad,10,303,15,24,"Apollo, god of the silver bow, saw Athena following the son of Tydeus and, angered,",unreviewed
iliad,10,304,14,21,"plunged among the Trojan crowd and roused Hippocoon, a noble cousin of Rhesus. When",unreviewed
iliad,10,305,16,19,he sprang from sleep and saw the deserted place where the swift horses had stood and,unreviewed
iliad,10,306,15,18,"the men dying in the harsh slaughter, he groaned and called his companion by name.",unreviewed
iliad,10,307,13,22,"Then clamor and measureless uproar rose among the Trojans as they rushed together,",unreviewed
iliad,10,308,15,21,marveling at the terrible deed those men had done before going to the hollow ships.,unreviewed
iliad,10,309,15,19,"When the two reached the place where they had killed Hector’s spy, Odysseus halted",unreviewed
iliad,10,310,13,17,"the swift horses. Diomedes leaped to the ground, placed the bloody spoils in",unreviewed
iliad,10,311,12,20,"Odysseus’ hands, mounted again, and lashed the horses. They flew willingly toward",unreviewed
iliad,10,313,14,19,"Before the words were finished, Nestor heard the thunder of swift horses and called:",unreviewed
iliad,10,314,15,21,"“Friends, leaders and masters of the Argives, shall I tell a falsehood or speak the",unreviewed
iliad,10,315,15,21,truth? My ears are struck by the pounding of swift-footed horses. If only Odysseus,unreviewed
iliad,10,316,15,21,and mighty Diomedes were driving horses from the Trojans in this way! Yet I fear,unreviewed
iliad,10,317,13,21,terribly that the best of the Argives have suffered beneath the Trojan uproar.”,unreviewed
iliad,10,318,13,18,"Before he could finish, the men themselves arrived. They climbed down from the",unreviewed
iliad,10,319,14,18,"horses, and the chiefs greeted them with right hands and gentle words. Nestor first",unreviewed
iliad,10,320,14,19,"asked renowned Odysseus, great glory of the Achaeans: “Tell me how you took these",unreviewed
iliad,10,321,17,20,"horses. Did you enter the Trojan crowd and take them, or did some god meet you and",unreviewed
iliad,10,322,17,20,"give them to you? They shine like rays of the sun. I mingle with the Trojans often,",unreviewed
iliad,10,323,18,23,"though I am an old warrior and do not remain idle beside the ships, but I have never",unreviewed
iliad,10,324,17,21,"seen or imagined horses like these. I think a god gave them to you on meeting you,",unreviewed
iliad,10,325,15,22,"for Zeus the cloud-gatherer loves you both, and so does Athena, daughter of aegis-",unreviewed
iliad,10,326,2,3,bearing Zeus.”,unreviewed
iliad,10,327,13,23,Resourceful Odysseus answered: “A god who wished it could easily give even better,unreviewed
iliad,10,328,14,21,"horses, old man, for these are far superior. These are Thracian horses newly arrived;",unreviewed
iliad,10,329,14,19,the good Diomedes killed their king and twelve of his best companions. The thirteenth,unreviewed
iliad,10,330,16,20,"was the spy near the ships, the man whom Hector and the other splendid Trojans sent",unreviewed
iliad,10,331,4,5,to scout our army.”,unreviewed
iliad,10,332,14,19,"With that he drove the single-hoofed horses across the trench, laughing aloud, and",unreviewed
iliad,10,333,12,19,"the other rejoicing Achaeans followed. When they reached Diomedes’ well-built hut,",unreviewed
iliad,10,334,14,21,they tied the horses with carefully cut straps at the manger where Diomedes’ swift,unreviewed
iliad,10,335,14,21,horses stood eating tender wheat. Odysseus placed Dolon’s bloody spoils in the stern,unreviewed
iliad,10,336,15,22,"of the ship, intending to prepare them as a sacred offering for Athena. They stepped",unreviewed
iliad,10,337,15,17,"into the sea and washed the sweat from their legs, shoulders, and thighs. When the",unreviewed
iliad,10,338,15,17,"sea’s wave had cleansed their heavy sweat and cooled their hearts, they entered the",unreviewed
iliad,10,339,12,19,"polished bathing tubs, washed, and anointed themselves richly with oil. Then they",unreviewed
iliad,10,340,17,21,"sat down to supper, and from a full mixing bowl they poured sweet wine as a libation",unreviewed
iliad,10,341,2,4,to Athena.,unreviewed
iliad,11,1,14,21,"Dawn rose from the bed of noble Tithonus, bringing light to immortals and mortals.",unreviewed
iliad,11,2,17,19,"But Zeus sent Strife to the swift ships of the Achaeans, a sign of war holding its",unreviewed
iliad,11,3,13,19,"violence in both hands. She stood upon Odysseus’ great black ship, midway between",unreviewed
iliad,11,4,16,22,"the stations of Ajax son of Telamon and Achilles, whose ships lay at the two ends,",unreviewed
iliad,11,5,14,19,"trusting in their courage and strength. There she cried aloud, a great and terrible",unreviewed
iliad,11,6,13,20,"cry, and put unwearied strength for battle into every Achaean heart. War became",unreviewed
iliad,11,7,14,20,sweeter to them than sailing home in the hollow ships to their beloved fatherland.,unreviewed
iliad,11,8,14,23,Agamemnon shouted and ordered the Argives to arm. He himself clothed his body in,unreviewed
iliad,11,9,12,20,bright bronze. First he fastened beautiful greaves with silver ankle-pieces around,unreviewed
iliad,11,10,17,21,his shins; then he put on the breastplate that Cinyras had given him as a guest-gift.,unreviewed
iliad,11,11,16,21,"Cinyras had heard in Cyprus that the Achaeans would sail to Troy, and had given it",unreviewed
iliad,11,12,16,18,"to please the king. Ten dark-blue bands ran around it, twelve of gold, and twenty",unreviewed
iliad,11,13,15,19,"of tin; three dark-blue serpents rose toward the neck on either side, like rainbows",unreviewed
iliad,11,14,14,16,that the son of Cronus sets in a cloud as a sign to mortals.,unreviewed
iliad,11,15,15,20,Around his shoulders he hung a sword with golden nails and a silver scabbard held,unreviewed
iliad,11,16,14,20,"by golden straps. He took a great shield, elaborate and terrible, with ten bronze",unreviewed
iliad,11,17,17,22,"rings around it and twenty white bosses of tin, a dark-blue boss at the center. Upon",unreviewed
iliad,11,18,16,21,"it was the grim-eyed Gorgon, and around her were Deimos and Phobos; a silver strap",unreviewed
iliad,11,19,16,20,"held it, and a dark-blue serpent twisted along it, with three heads growing from one",unreviewed
iliad,11,20,16,19,"neck. He set upon his head a four-bossed, horse-haired helmet with a dreadful crest,",unreviewed
iliad,11,21,13,18,"and took two powerful spears sharpened with bronze. The bronze flashed toward heaven,",unreviewed
iliad,11,22,13,21,while Athena and Hera thundered in honor of the king of golden Mycenae.,unreviewed
iliad,11,23,15,21,Each man instructed his charioteer to hold the horses in good order by the trench;,unreviewed
iliad,11,24,13,19,"the foot soldiers, armed in their armor, surged forward, and an unquenchable cry",unreviewed
iliad,11,25,12,18,rose before morning. The chariots reached the trench first; the horsemen followed,unreviewed
iliad,11,26,16,20,"a little behind. From above Zeus sent a bloody mist of dew from the clear air,",unreviewed
iliad,11,27,11,15,because many strong heads were destined to be sent to Hades.,unreviewed
iliad,11,28,12,22,"On the other side, the Trojans gathered around great Hector, blameless Polydamas,",unreviewed
iliad,11,29,15,23,"Aeneas, honored among the Trojans like a god, and the three sons of Antenor—Polybus,",unreviewed
iliad,11,30,14,23,"shining Agenor, and Acamas, like the immortals. Hector carried a shield even on all",unreviewed
iliad,11,31,14,24,"sides, appearing at times among the foremost like a baleful star that shines out",unreviewed
iliad,11,32,17,22,from a cloud and at times sinks again into shadow. So he appeared in the front ranks,unreviewed
iliad,11,33,15,18,"and then at the rear, giving orders; all his bronze flashed like the lightning of",unreviewed
iliad,11,34,3,5,aegis-bearing Zeus.,unreviewed
iliad,11,35,13,21,Trojans and Achaeans rushed upon one another like reapers driving their rows against,unreviewed
iliad,11,36,15,20,"each other through the field of a wealthy man, cutting wheat or barley, while the",unreviewed
iliad,11,37,12,20,"dense handfuls fall. They slaughtered one another, and neither side remembered ruinous",unreviewed
iliad,11,38,14,19,"flight. The battle held equal heads, and the fighters rushed like wolves. Strife alone",unreviewed
iliad,11,39,17,20,"rejoiced as she watched; none of the other gods came among them, but sat at ease in",unreviewed
iliad,11,40,15,20,their own halls on Olympus. All blamed dark-clouded Cronus’ son because he meant to,unreviewed
iliad,11,41,16,22,"give glory to the Trojans. The father did not care; he sat apart, rejoicing in his",unreviewed
iliad,11,42,16,20,"power, watching the city of Troy and the ships of the Achaeans, the flash of bronze,",unreviewed
iliad,11,43,5,6,the killing and the killed.,unreviewed
iliad,11,44,14,20,"While morning lasted and the sacred day grew strong, missiles struck both sides and",unreviewed
iliad,11,45,14,20,"men fell. But when a woodcutter has prepared his meal among the mountain valleys,",unreviewed
iliad,11,46,16,19,"his hands tired from cutting tall trees and his desire for food has come upon him,",unreviewed
iliad,11,47,13,19,"then the Danaans, calling to their companions rank by rank, broke the battalions.",unreviewed
iliad,11,48,13,19,"Agamemnon sprang first. He killed Bienor, shepherd of the people, who leapt from",unreviewed
iliad,11,49,13,18,his horses and stood against him; Agamemnon drove his spear straight through his,unreviewed
iliad,11,50,13,17,"forehead, and the heavy bronze passed through the bone and scattered his brains.",unreviewed
iliad,11,51,16,19,"Then he struck Oileus, the horse-driver, as he came upon him, and left both men",unreviewed
iliad,11,53,17,25,"He went on to kill Isus and Antiphus, two sons of Priam in one chariot, one illegitimate",unreviewed
iliad,11,54,15,20,"and the other born in wedlock. Achilles had once found them tending sheep on Ida,",unreviewed
iliad,11,55,14,21,bound them with willow and released them for ransom. Now Agamemnon struck Isus in,unreviewed
iliad,11,56,15,20,"the chest and Antiphus beside the ear with his sword, casting him from the horses.",unreviewed
iliad,11,57,13,21,"He hurried to strip their beautiful armor, recognizing it from the time Achilles",unreviewed
iliad,11,58,17,21,had brought them from Ida. As a lion easily seizes the tender young of a swift deer,unreviewed
iliad,11,59,14,18,"when it finds the hidden lair, while the mother flees trembling through the dense",unreviewed
iliad,11,60,14,20,"wood, so no one could save the Trojans; they themselves fled before the Argives.",unreviewed
iliad,11,61,11,23,"Agamemnon then seized Pisander and strong Hippolochus, sons of warlike Antimachus,",unreviewed
iliad,11,62,14,22,who had received splendid gold from Alexander and refused to let fair-haired Menelaus,unreviewed
iliad,11,63,15,19,have Helen returned. The king took both in one chariot; their horses fled from their,unreviewed
iliad,11,64,15,19,"hands, and they, bewildered, fell to their knees before him: “Take us alive, son of",unreviewed
iliad,11,65,14,24,"Atreus, and accept a worthy ransom. Many treasures lie in the house of Antimachus—",unreviewed
iliad,11,66,14,21,"bronze, gold, and much-worked iron. Our father would give you immeasurable ransom if",unreviewed
iliad,11,67,10,13,he heard that we were alive among the Achaean ships.”,unreviewed
iliad,11,68,14,23,"Agamemnon answered without mercy: “If you are the sons of Antimachus, who once urged",unreviewed
iliad,11,69,15,23,the Trojans in their assembly to kill Menelaus and godlike Odysseus when they came as,unreviewed
iliad,11,70,15,20,"messengers, then you shall now pay your father’s shame.” He struck Pisander in the",unreviewed
iliad,11,71,15,19,"chest and threw him from the horses; Hippolochus sprang down, and he cut off his",unreviewed
iliad,11,72,17,19,hands and neck and sent his body rolling through the crowd like a stone from a hill.,unreviewed
iliad,11,73,15,19,"He left them and rushed wherever the ranks were thickest, with the other bronze-clad",unreviewed
iliad,11,74,11,19,"Achaeans. Footmen killed fleeing footmen, horsemen killed horsemen; dust rose beneath",unreviewed
iliad,11,75,12,21,"the pounding hooves as bronze dealt death, while Agamemnon followed always, shouting",unreviewed
iliad,11,76,4,7,and urging the Argives.,unreviewed
iliad,11,77,15,24,As an irresistible fire runs through a dry forest when a wind drives it everywhere,unreviewed
iliad,11,78,15,18,"and the shrubs fall root and branch before its force, so Trojan heads fell under",unreviewed
iliad,11,79,12,19,"Agamemnon, and many high-necked horses rattled their empty chariots through the",unreviewed
iliad,11,80,14,20,"battle, longing for their blameless drivers. The men lay on the ground, dearer to",unreviewed
iliad,11,82,15,18,"Zeus drew Hector away from the spears, the dust, the slaughter, and the blood. But",unreviewed
iliad,11,83,12,20,"Agamemnon pressed hard after the Danaans, shouting and commanding them. They raced",unreviewed
iliad,11,84,15,22,"across the plain beside the ancient tomb of Dardanian Ilus and the fig tree, eager",unreviewed
iliad,11,85,14,17,"for the city; Hector followed crying out, his hands stained with blood. When they",unreviewed
iliad,11,86,14,18,"reached the Skaian Gates and the beech tree, the Trojans halted and gathered their",unreviewed
iliad,11,87,16,21,"lines, while many still fled through the middle of the plain like cattle a lion has",unreviewed
iliad,11,88,16,19,terrified in the darkness; he catches one by the neck and first breaks it with his,unreviewed
iliad,11,89,13,20,"powerful teeth, then devours its blood and entrails. So Agamemnon pursued the last",unreviewed
iliad,11,91,17,21,"When the army was about to reach the city and its steep wall, Zeus, father of men",unreviewed
iliad,11,92,15,19,"and gods, sat upon the heights of Ida, having come down from heaven, holding the",unreviewed
iliad,11,93,15,21,"thunderbolt. He sent Iris of the golden wings with a message to Hector: “Go, swift",unreviewed
iliad,11,94,14,23,"Iris, and tell Hector this: while he sees Agamemnon, shepherd of the people, raging",unreviewed
iliad,11,95,15,21,"among the foremost and cutting the ranks of men, let him withdraw and order the",unreviewed
iliad,11,96,16,21,rest of the army to fight in the strong battle. But when Agamemnon is struck with,unreviewed
iliad,11,97,17,21,"a spear or an arrow and leaps into his horses, then I will give Hector the strength",unreviewed
iliad,11,98,16,20,"to kill until he reaches the well-benched ships, until the sun goes down and holy",unreviewed
iliad,11,99,2,5,darkness arrives.”,unreviewed
iliad,11,100,15,19,"Swift, wind-footed Iris obeyed and went down from Ida to holy Ilium. She found",unreviewed
iliad,11,101,14,19,"Hector, son of Priam, standing among his horses and joined chariots, and spoke near",unreviewed
iliad,11,102,17,21,"him: “Hector, son of Priam, equal in counsel to Zeus, father Zeus sent me to tell you:",unreviewed
iliad,11,103,14,23,"while you see Agamemnon raging among the foremost and cutting the ranks of men,",unreviewed
iliad,11,104,16,21,yield before the battle and command the rest to fight the enemy in the strong clash.,unreviewed
iliad,11,105,17,20,"But when he is struck with spear or arrow and leaps into his horses, then Zeus will",unreviewed
iliad,11,106,17,21,"give you power to kill until you reach the ships, until the sun goes down and holy",unreviewed
iliad,11,107,2,4,darkness comes.”,unreviewed
iliad,11,108,13,18,"Hector leapt from his chariot, shook his sharp spears, and went everywhere through",unreviewed
iliad,11,109,13,19,"the army urging battle, raising the hateful fight. The ranks wheeled and stood",unreviewed
iliad,11,110,12,22,"opposite one another, while the Argives strengthened their own lines. The battle",unreviewed
iliad,11,111,14,19,"was set, and Agamemnon sprang first, eager to fight far before all the rest.",unreviewed
iliad,11,112,15,22,"Tell me now, Muses who hold the halls of Olympus, who first came against Agamemnon,",unreviewed
iliad,11,113,14,24,"whether Trojan or famous ally. It was Iphidamas, son of Antenor, noble and great,",unreviewed
iliad,11,114,14,20,"raised in fertile Thrace, mother of sheep. His mother’s father Cisseus had brought",unreviewed
iliad,11,115,15,18,"him up in his house when he was small; when he reached glorious manhood, Cisseus",unreviewed
iliad,11,116,14,20,"kept him there and gave him his daughter. After marrying her, Iphidamas came from",unreviewed
iliad,11,117,14,18,"the bridal chamber with fame, bringing twelve curved ships; he left them at Perkote",unreviewed
iliad,11,118,11,15,and had come on foot to Ilium. He now faced Agamemnon.,unreviewed
iliad,11,119,14,21,"When they came close, Agamemnon’s spear missed and turned aside, but Iphidamas struck",unreviewed
iliad,11,120,16,19,below the belt of the breastplate and leaned his weight upon the blow. The spear did,unreviewed
iliad,11,121,14,21,not pierce the many-colored belt; it turned like lead against silver. Agamemnon seized,unreviewed
iliad,11,122,16,19,"it with his broad hand, tugged like a lion, and pulled it from Iphidamas’ grasp; then",unreviewed
iliad,11,123,15,19,he struck his neck with the sword and loosened his limbs. Iphidamas fell there and,unreviewed
iliad,11,124,16,18,"slept the bronze sleep, far from his bride, for whom he had given much and received",unreviewed
iliad,11,125,15,18,"no joy: first a hundred cattle, then a thousand goats and sheep, which he promised",unreviewed
iliad,11,127,13,18,Agamemnon stripped his armor and carried it through the Achaean crowd. But when,unreviewed
iliad,11,128,14,21,"Coon, eldest son of Antenor and distinguished among men, saw his brother fall, grief",unreviewed
iliad,11,129,15,22,covered his eyes. He stood beside Agamemnon unseen and struck him in the middle of,unreviewed
iliad,11,130,15,18,"the arm below the elbow; the spear point passed through. The lord of men shuddered,",unreviewed
iliad,11,131,16,19,"but did not leave the battle. He rushed upon Coon with his wind-raised spear, while",unreviewed
iliad,11,132,17,21,Coon dragged his brother Iphidamas by the foot and called to all the best men. As he,unreviewed
iliad,11,133,14,18,"dragged him beneath the bossed shield, Agamemnon struck him with the bronze spear and",unreviewed
iliad,11,134,17,19,loosened his limbs; then he stood beside him and cut off his head. Thus the two sons,unreviewed
iliad,11,135,15,21,of Antenor fulfilled their fate beneath the hand of the son of Atreus and entered,unreviewed
iliad,11,136,4,5,the house of Hades.,unreviewed
iliad,11,137,13,19,"Agamemnon moved through the other ranks with spear, sword, and great stones, while",unreviewed
iliad,11,138,16,16,the blood still rose warm from his wound. But when the wound dried and the blood,unreviewed
iliad,11,139,15,18,"stopped, sharp pains entered the king’s strength, like the pain a woman in labor",unreviewed
iliad,11,140,14,18,"feels when the daughters of Hera, the harsh birth-powers, send the cutting pangs.",unreviewed
iliad,11,141,14,21,The pain entered Agamemnon’s strength. He leapt into his chariot and ordered his,unreviewed
iliad,11,142,15,18,"driver to take him toward the hollow ships, for his heart was troubled. He called",unreviewed
iliad,11,143,14,21,"aloud to the Danaans: “Friends, leaders and masters of the Argives, now defend the",unreviewed
iliad,11,144,13,22,seafaring ships against this hateful battle. Zeus the counselor has not allowed me,unreviewed
iliad,11,145,15,18,to fight the Trojans all day.” His driver lashed the long-maned horses; they flew,unreviewed
iliad,11,146,13,18,"willingly toward the ships, foam on their chests and dust beneath them, carrying",unreviewed
iliad,11,147,9,13,"the king away from the battle, exhausted by war.",unreviewed
iliad,11,148,13,23,"When Hector saw Agamemnon leaving, he called loudly to Trojans, Lycians, and Dardanians",unreviewed
iliad,11,149,14,18,"who fight at close quarters: “Be men, my friends, and remember your warlike strength.",unreviewed
iliad,11,150,17,20,The best man has gone; Zeus the son of Cronus has given me great glory. Drive your,unreviewed
iliad,11,151,13,19,single-hoofed horses straight against the strong Danaans and win a greater glory.”,unreviewed
iliad,11,152,16,21,"He roused the spirit of each man, and rushed upon the Achaeans like a hunter setting",unreviewed
iliad,11,153,16,20,"white-toothed dogs against a wild boar or lion. Hector, son of Priam, equal to deadly",unreviewed
iliad,11,154,14,21,"Ares, drove the great-hearted Trojans upon the Achaeans. He himself went among the",unreviewed
iliad,11,155,15,22,"foremost, falling upon the battle like a fierce wind that leaps upon the violet sea",unreviewed
iliad,11,156,4,4,and stirs it up.,unreviewed
iliad,11,157,15,21,"Then Hector cut down the leaders of the Danaans, and after them the multitude, as",unreviewed
iliad,11,158,16,19,"the West Wind drives the South Wind before a deep storm, rolling a great wave and",unreviewed
iliad,11,159,13,20,scattering foam beneath the wandering blast. The heads of the people fell beneath,unreviewed
iliad,11,160,13,18,"Hector. Disaster and helpless deeds would have come, and the Achaeans would have",unreviewed
iliad,11,161,15,22,"fallen fleeing among the ships, if Odysseus had not called to Diomedes: “Son of Tydeus,",unreviewed
iliad,11,162,15,20,"what has happened to us that we have forgotten our warlike courage? Come here, dear",unreviewed
iliad,11,163,17,21,"friend, and stand beside me. It will be a reproach to us if Hector takes the ships.”",unreviewed
iliad,11,164,15,19,"Diomedes answered: “I will stay and endure, but our joy will be brief, since Zeus,",unreviewed
iliad,11,165,15,20,"the cloud-gatherer, wishes to give strength to the Trojans rather than to us.” He",unreviewed
iliad,11,166,12,17,"struck Thymbraeus from his horses through the left breast, while Odysseus killed",unreviewed
iliad,11,167,14,18,"Molion, his godlike companion. They left the two where they lay and went through",unreviewed
iliad,11,168,15,20,"the crowd, exulting like two boars that fall upon the hunting dogs; the Trojans died",unreviewed
iliad,11,169,12,17,"before them, and the Achaeans, fleeing gladly, drew breath from glorious Hector.",unreviewed
iliad,11,170,16,20,They seized a chariot and the two best sons of Merops of Percote. Their father knew,unreviewed
iliad,11,171,16,22,"all the arts of prophecy and had forbidden his sons to enter the man-destroying war,",unreviewed
iliad,11,172,16,21,"but they did not obey him; the black fates of death led them. Diomedes, famous with",unreviewed
iliad,11,173,13,18,"the spear, stripped them of life and their splendid armor, while Odysseus killed",unreviewed
iliad,11,174,13,20,Hippodamus and Hypeirochus. From Ida the son of Cronus watched and stretched the,unreviewed
iliad,11,175,8,14,battle evenly; the two sides killed one another.,unreviewed
iliad,11,176,15,21,The son of Tydeus struck Agastrophus the Paeonian in the hip. His horses were not,unreviewed
iliad,11,177,16,21,"near enough for him to escape, and his spirit had made a great mistake; his driver",unreviewed
iliad,11,178,17,23,"held them far away while he went on foot among the foremost, until he lost his life.",unreviewed
iliad,11,179,14,18,"Hector saw him quickly through the ranks and sprang against them, crying aloud, with",unreviewed
iliad,11,180,14,23,the Trojan lines following. Diomedes shuddered when he saw him and called to Odysseus:,unreviewed
iliad,11,181,15,21,“This mighty Hector is rolling disaster upon us. Let us stand and ward him off.”,unreviewed
iliad,11,182,16,19,He cast his long-shadowed spear and struck the crown of Hector’s helmet. The bronze,unreviewed
iliad,11,183,15,21,"glanced from the metal and did not reach his beautiful flesh, for Apollo’s triple-",unreviewed
iliad,11,184,15,19,"layered helmet held it back. Hector sprang far away, fell upon his knees, and leaned",unreviewed
iliad,11,185,14,19,upon his broad hand; black night covered his eyes. While Diomedes ran far through,unreviewed
iliad,11,186,13,21,"the foremost fighters after his spear, Hector recovered his breath, leapt into his",unreviewed
iliad,11,188,14,20,"Diomedes cried after him: “You have escaped death again, dog. The evil came close,",unreviewed
iliad,11,189,17,23,"but Phoebus Apollo saved you, the god to whom you will surely pray when you go among",unreviewed
iliad,11,190,17,20,"the crash of spears. I will finish you later, if some god stands beside me. Now I",unreviewed
iliad,11,191,15,20,will go after whomever I can reach.” He stripped the famous Paeonian of his life.,unreviewed
iliad,11,192,12,21,"Alexander, husband of fair-haired Helen, stretched his bow against Diomedes, shepherd",unreviewed
iliad,11,193,15,24,"of the people, leaning against the pillar of the ancient tomb of Dardanian Ilus. While",unreviewed
iliad,11,194,10,20,"Diomedes stripped Agastrophus’ breastplate, many-colored shield, and heavy helmet,",unreviewed
iliad,11,195,19,21,Paris drew the bow’s horn and shot. His arrow did not leave his hand in vain: it struck,unreviewed
iliad,11,196,15,20,the instep of Diomedes’ right foot and fixed itself in the ground. Paris sprang from,unreviewed
iliad,11,197,17,20,his hiding place and laughed sweetly: “You are hit; my arrow did not fly in vain. I,unreviewed
iliad,11,198,16,19,wish I had struck your belly and taken your life; then the Trojans would have breathed,unreviewed
iliad,11,200,12,20,"Diomedes, unafraid, answered: “Archer, foul boaster, watcher of girls, if you dared",unreviewed
iliad,11,201,18,20,"test me face to face in armor, your bow and thick arrows would not help you. You have",unreviewed
iliad,11,202,18,20,"scratched my foot and boast as though you had done something. I do not care, as if a",unreviewed
iliad,11,203,18,23,woman or foolish child had struck me; a coward’s arrow is a dull thing. But an arrow,unreviewed
iliad,11,204,18,22,"from me, even a little one, is sharp and quickly makes a man lie dead. His wife tears",unreviewed
iliad,11,205,16,20,"her cheeks on both sides, his children are orphans, and he reddens the earth with his",unreviewed
iliad,11,206,10,15,blood while birds gather more thickly around him than women.”,unreviewed
iliad,11,207,14,21,"As he spoke, renowned Odysseus came near and stood before him. Diomedes sat behind",unreviewed
iliad,11,208,16,18,"him, pulled the swift arrow from his foot, and a grievous pain ran through his flesh.",unreviewed
iliad,11,209,15,21,"He leapt into his chariot and ordered the driver toward the hollow ships, for his",unreviewed
iliad,11,210,3,3,heart was troubled.,unreviewed
iliad,11,211,15,21,"Odysseus was left alone with his spear; none of the Argives stayed beside him, for",unreviewed
iliad,11,212,18,18,fear seized them. He grieved and spoke to his proud heart: “What shall I do? It is a,unreviewed
iliad,11,213,19,23,"great evil if I flee in fear of the crowd, but worse if I am taken alone. Cronus’ son",unreviewed
iliad,11,214,16,21,has frightened the other Danaans away. Yet why does my heart reason like this? I know,unreviewed
iliad,11,215,15,20,"that cowards leave the battle; whoever is best in war must stand firmly, whether he",unreviewed
iliad,11,217,15,21,"While he considered, the Trojan ranks came upon him and hemmed him in, bringing a",unreviewed
iliad,11,218,15,19,disaster into their own midst. As strong young hounds rush around a wild boar that,unreviewed
iliad,11,219,14,20,"comes out of the forest sharpening his white tusk between his curved jaws, leaping",unreviewed
iliad,11,220,14,20,"around him while he stands fast despite their danger, so the Trojans rushed around",unreviewed
iliad,11,221,15,21,"Odysseus, dear to Zeus. He struck Deïopites above the shoulder with his sharp spear,",unreviewed
iliad,11,222,13,21,"then killed Thoön and Ennomus. When Chersidamas sprang from his horses, Odysseus",unreviewed
iliad,11,223,16,18,struck him beneath the bossed shield at the navel; he fell in the dust and grasped,unreviewed
iliad,11,224,2,2,the earth.,unreviewed
iliad,11,225,14,21,"Odysseus left them and struck Charops, son of Hippasus and own brother of Socus.",unreviewed
iliad,11,226,15,18,"Socus, equal to a god, came to protect him and stood close, saying: “Much-praised",unreviewed
iliad,11,227,14,23,"Odysseus, insatiable for trickery and toil, today you will boast over the two sons",unreviewed
iliad,11,228,15,22,"of Hippasus, killing such men and carrying away their armor, or today you will lose",unreviewed
iliad,11,229,14,19,"your spirit, struck by my spear.” He struck Odysseus’ even shield; the mighty spear",unreviewed
iliad,11,230,13,18,passed through the shining shield and the elaborate breastplate and tore all the,unreviewed
iliad,11,231,15,20,"flesh from his side, but Pallas Athena did not allow it to reach his entrails.",unreviewed
iliad,11,232,16,19,"Odysseus knew that the wound was not yet fatal. He stepped back and said: “Poor man,",unreviewed
iliad,11,233,14,17,your steep death has surely reached you. You have stopped me from fighting the,unreviewed
iliad,11,234,17,19,"Trojans, but I say that today death and black fate will be yours; struck by my spear,",unreviewed
iliad,11,235,17,20,"you will give me glory, and your soul to Hades.” Socus turned and fled, but when he",unreviewed
iliad,11,236,13,18,turned his back Odysseus planted the spear between his shoulders; it passed through,unreviewed
iliad,11,238,15,22,"Odysseus exulted: “Socus, son of Hippasus, death’s end has reached you; you have not",unreviewed
iliad,11,239,15,19,escaped it. Your father and queenly mother will not close your eyes in death; the,unreviewed
iliad,11,240,16,19,"raw-eating birds will drag you, spreading their thick wings around you. But if I die,",unreviewed
iliad,11,241,15,20,the noble Achaeans will give me burial.” He pulled Socus’ heavy spear from his flesh,unreviewed
iliad,11,242,13,13,and bossed shield; blood rushed out from the wound and troubled his heart.,unreviewed
iliad,11,243,14,19,"When the great-hearted Trojans saw Odysseus’ blood, they all rushed upon him with",unreviewed
iliad,11,244,15,21,shouts. He backed away and called to his companions. Three times he shouted as loudly,unreviewed
iliad,11,245,17,21,"as a man’s head can hold; three times Menelaus, dear to Ares, heard him cry. He",unreviewed
iliad,11,246,16,23,"quickly called to Ajax son of Telamon: “Godlike Ajax, lord of the people, the cry of",unreviewed
iliad,11,247,15,23,"enduring Odysseus has reached me, like the cry of a man surrounded alone by Trojans.",unreviewed
iliad,11,248,17,23,"Let us go through the crowd; it is better to defend him. I fear that, isolated among",unreviewed
iliad,11,249,15,20,"the Trojans, this excellent man may suffer, and the Danaans will feel a great loss.”",unreviewed
iliad,11,250,16,21,"He led the way, and Ajax, a man equal to the gods, followed. They found Odysseus,",unreviewed
iliad,11,251,14,21,"dear to Zeus, surrounded by Trojans like red wolves around a wounded antlered stag;",unreviewed
iliad,11,252,15,18,"the stag flees while the warm blood and strength remain, but when the swift arrow",unreviewed
iliad,11,253,15,22,"overcomes him, the flesh-eating wolves tear him apart in the shadowed hills. A god",unreviewed
iliad,11,254,16,22,"had driven the wolves upon him; but the wolves scattered when Ajax came, and he stood",unreviewed
iliad,11,255,9,13,beside Odysseus as a lion stands over its cubs.,unreviewed
iliad,11,256,13,22,"Many powerful Trojans followed Odysseus, but Ajax came close carrying a shield like",unreviewed
iliad,11,257,13,21,"a tower. He stood beside him, and the Trojans scattered in different directions.",unreviewed
iliad,11,258,15,22,"Menelaus, dear to Ares, led Odysseus from the crowd by the hand until the driver",unreviewed
iliad,11,259,14,21,"drove the horses near. Ajax sprang among the Trojans and struck Doryclus, a bastard",unreviewed
iliad,11,260,14,23,"son of Priam, then Pandocus, Lysander, Pyrus, and Pylarte. As a swollen river rushes",unreviewed
iliad,11,261,15,21,"down from the mountains after Zeus’ rain, carrying many dry oaks and pines into the",unreviewed
iliad,11,262,15,21,"sea and casting heaps of driftwood upon the shore, so shining Ajax pursued them over",unreviewed
iliad,11,290,6,6,For there they loved to be.,unreviewed
iliad,11,317,4,5,For the Achaean ships.,unreviewed
iliad,11,346,4,5,Stand firmly round him!”,unreviewed
iliad,11,424,8,13,The medicines that the nourishing earth brings forth—,unreviewed
iliad,11,443,6,13,"Toward where Achilles waited. But Eurypylus,",unreviewed
iliad,12,50,4,4,To find a way.,unreviewed
iliad,12,115,10,13,"From tower to tower the rough stones fell, to guard",unreviewed
iliad,12,120,3,4,Cried beneath blows.,unreviewed
iliad,12,132,2,3,Of Hector.,unreviewed
iliad,12,159,5,6,Upon the breath of wind.,unreviewed
iliad,12,178,6,6,But shall not all come home.”,unreviewed
iliad,12,206,5,6,To break the mighty wall.,unreviewed
iliad,12,227,3,4,To the city.”,unreviewed
iliad,12,238,4,6,Roared underneath their fall.,unreviewed
iliad,12,279,5,7,Leading the great Lycian host.,unreviewed
iliad,12,298,4,4,Skilled in the bow.”,unreviewed
iliad,12,309,6,7,"Skilled in the bow, follow him.”",unreviewed
iliad,12,315,2,2,Them aid.”,unreviewed
iliad,12,324,11,13,That tore the helmet and crushed the bones of his head.,unreviewed
iliad,12,343,3,4,For many men.,unreviewed
iliad,12,357,9,13,More fiercely round their leader. On the other side,unreviewed
iliad,12,362,5,5,Once they had reached it.,unreviewed
iliad,12,375,10,14,"They held like scales in a laboring woman’s hand,",unreviewed
iliad,12,381,3,4,The Achaean wall.,unreviewed
iliad,13,60,3,4,He sprang away.,unreviewed
iliad,13,84,3,7,"Peneleos, Thoas, Deipyros,",unreviewed
iliad,13,133,3,5,Of every man.,unreviewed
iliad,13,139,8,13,"Angered at his lost victory and broken weapon,",unreviewed
iliad,13,151,5,6,Lie scattered on the ground.,unreviewed
iliad,13,172,5,6,Still longed to enter war.,unreviewed
iliad,13,187,5,6,Do not cease urging each.”,unreviewed
iliad,13,202,2,2,He ran.,unreviewed
iliad,13,227,5,5,But you have seen me.”,unreviewed
iliad,13,252,4,6,Armored in burning bronze.,unreviewed
iliad,13,300,3,6,Stirring them secretly.,unreviewed
iliad,13,306,3,4,Into their hearts.,unreviewed
iliad,13,323,3,4,The fallen man.,unreviewed
iliad,13,335,3,3,Of bride-gifts.”,unreviewed
iliad,13,346,5,6,And clutching at his blood.,unreviewed
iliad,13,354,4,4,The well-greaved Greeks.,unreviewed
iliad,13,418,7,7,Has struck him down and stripped him.”,unreviewed
iliad,13,430,6,7,The masters of the war-cry:,unreviewed
iliad,13,433,11,14,"He comes in youth’s first flower, when strength is greatest,",unreviewed
iliad,13,460,6,7,"The cast spear, or escape it.",unreviewed
iliad,13,470,3,5,Apart from battle.,unreviewed
iliad,13,523,4,4,Soft from the sheep.,unreviewed
iliad,13,551,3,4,Will be restrained.,unreviewed
iliad,13,553,9,13,"All gods and men, and everything comes from you.",unreviewed
iliad,13,559,2,3,Of battle.”,unreviewed
iliad,13,577,3,4,Restore his son.,unreviewed
iliad,13,595,5,7,"Locrians, Phthians, and Epeians rushed",unreviewed
iliad,13,607,5,7,In armor before their ships.,unreviewed
iliad,13,615,6,14,"Many good comrades followed Telamonian Ajax,",unreviewed
iliad,13,626,5,7,And scattered Troy’s courage.,unreviewed
iliad,13,637,6,7,And he himself most of all.,unreviewed
iliad,13,648,1,2,Refrain.”,unreviewed
iliad,13,658,4,6,Beneath the Argive spears.,unreviewed
iliad,13,667,2,3,Is certain.”,unreviewed
iliad,13,679,3,4,Beyond his power.”,unreviewed
iliad,13,708,7,14,Honored like Athena and Apollo—as surely,unreviewed
iliad,14,9,5,7,And learn what has befallen.”,unreviewed
iliad,14,46,4,5,Fight beside the sterns.”,unreviewed
iliad,14,57,3,4,Cannot make war.”,unreviewed
iliad,14,73,3,4,Than be taken.”,unreviewed
iliad,14,101,8,13,Three blameless sons in Pleuron and steep Calydon:,unreviewed
iliad,14,119,10,13,"He came among them in an old man’s likeness,",unreviewed
iliad,14,128,4,4,From ships and huts.”,unreviewed
iliad,14,199,6,6,When you sit at the feast.”,unreviewed
iliad,14,218,8,13,To swift Night. Now you ask another impossible,unreviewed
iliad,14,219,3,3,Thing of me.”,unreviewed
iliad,14,233,3,4,Throughout my life.”,unreviewed
iliad,14,245,2,4,Call Cypindis.,unreviewed
iliad,14,250,9,13,Themselves from both their parents. Zeus stood before her:,unreviewed
iliad,14,254,8,13,"She answered, plotting: “I go to visit Oceanus,",unreviewed
iliad,14,269,9,13,So flooded and mastered me for goddess or woman—,unreviewed
iliad,14,276,7,13,"Not Demeter, lovely-haired; not glorious Leto;",unreviewed
iliad,14,294,3,3,Look through it.”,unreviewed
iliad,14,302,6,6,"And love, and held his wife.",unreviewed
iliad,14,309,5,6,Him into lying with her.”,unreviewed
iliad,14,334,4,6,Bright Hector ordered Troy.,unreviewed
iliad,14,344,2,3,And Achaea.,unreviewed
iliad,14,352,2,3,The fates.,unreviewed
iliad,14,363,4,6,Armor rang around him.,unreviewed
iliad,14,381,4,4,Held fast his heart.,unreviewed
iliad,14,415,4,4,Were seized by grief.,unreviewed
iliad,14,459,2,2,Their limbs.,unreviewed
iliad,15,28,3,4,To deceive me.”,unreviewed
iliad,15,30,8,13,"Wide heaven above, and Styx’s descending water,",unreviewed
iliad,15,58,2,4,Of Athena.,unreviewed
iliad,15,74,4,6,"Your husband, frightened you?”",unreviewed
iliad,15,75,4,4,"“Do not ask this,”",unreviewed
iliad,15,110,9,13,"And Greeks to themselves, then come among us, seizing",unreviewed
iliad,15,155,2,3,The elder.”,unreviewed
iliad,15,164,4,5,Will never be healed.”,unreviewed
iliad,15,191,5,5,Has some grief reached you?”,unreviewed
iliad,15,192,4,5,"Hector, still weak, replied:",unreviewed
iliad,15,220,2,2,Their feet.,unreviewed
iliad,15,223,9,13,"In close combat, spoke: “What a wonder! Hector rises,",unreviewed
iliad,15,229,10,13,Toward ships; we who claim the foremost rank will stand,unreviewed
iliad,15,236,4,6,Toward the Achaean ships.,unreviewed
iliad,15,237,9,13,"The Trojans struck together, led by Hector’s stride;",unreviewed
iliad,15,247,2,2,For flesh.,unreviewed
iliad,15,257,2,3,And Hector.,unreviewed
iliad,15,287,4,4,And roused their flight.,unreviewed
iliad,15,294,6,7,Do not let Troy master us.”,unreviewed
iliad,15,300,11,14,"A ship’s wall when the wind drives it, lifting waves",unreviewed
iliad,15,348,4,5,Called to his brother:,unreviewed
iliad,15,353,5,7,The gift Apollo gave you?”,unreviewed
iliad,15,354,2,3,"Teucer heard,",unreviewed
iliad,15,377,2,3,"Then Ajax,",unreviewed
iliad,15,390,3,5,Beside his brother.,unreviewed
iliad,15,459,4,5,And all her people.”,unreviewed
iliad,15,474,3,4,Some Trojan down.”,unreviewed
iliad,15,527,10,13,"When wind drives hard; the ship is hidden under foam,",unreviewed
iliad,15,538,3,4,And father Zeus.,unreviewed
iliad,15,562,7,13,"“Remember the children, wives, and lands; remember",unreviewed
iliad,15,584,9,13,"From one to another, while they fly beneath him—",unreviewed
iliad,15,592,10,13,"Geese, cranes, or long-necked swans feeding in a meadow—",unreviewed
iliad,15,602,3,5,The Achaean heroes.,unreviewed
iliad,15,603,5,6,With this purpose they stood,unreviewed
iliad,15,626,9,13,He spoke; they rushed more fiercely on the Argives.,unreviewed
iliad,15,637,7,13,"Do we imagine helpers somewhere behind us,",unreviewed
iliad,16,70,4,4,Reached my own ships.,unreviewed
iliad,16,101,5,6,To fight across the plain.”,unreviewed
iliad,16,102,7,13,"If only Father Zeus, Athena, and Apollo",unreviewed
iliad,16,106,5,5,And loose Troy's sacred veils.,unreviewed
iliad,16,123,9,13,Upon the ground. He knew within his blameless heart,unreviewed
iliad,16,176,5,6,And men behind their shields.,unreviewed
iliad,16,240,3,3,To hear him:,unreviewed
iliad,16,267,2,3,And Achaeans.,unreviewed
iliad,16,286,6,7,Not the best of the Achaeans.”,unreviewed
iliad,16,287,3,3,Thus he stirred,unreviewed
iliad,16,292,8,13,"Himself and his companion shining in the armor,",unreviewed
iliad,16,297,5,6,From steep and sudden death.,unreviewed
iliad,16,311,4,4,That would not cease.,unreviewed
iliad,16,321,2,5,Under compulsion.,unreviewed
iliad,16,342,7,13,"The man who raised the unconquerable Chimera,",unreviewed
iliad,16,343,5,7,A great evil for many.,unreviewed
iliad,16,356,6,7,While all the limbs gave way.,unreviewed
iliad,16,372,5,5,Strength that had been theirs.,unreviewed
iliad,16,409,10,13,While the works of men grow small—so Trojan horses,unreviewed
iliad,16,437,5,7,Down to the nourishing earth.,unreviewed
iliad,16,459,3,5,Of Menoetius' son?”,unreviewed
iliad,16,460,4,6,Ox-eyed Hera answered:,unreviewed
iliad,16,476,5,7,The honor given the dead.”,unreviewed
iliad,16,481,4,6,Far from his fatherland.,unreviewed
iliad,16,518,2,3,The people.”,unreviewed
iliad,16,534,9,13,Or Troy; you hear the man in trouble everywhere.,unreviewed
iliad,16,543,4,6,Myself around the dead.”,unreviewed
iliad,16,550,7,13,"With long strides sought Polydamas and Agenor,",unreviewed
iliad,16,562,3,4,Beside the ships.”,unreviewed
iliad,16,575,5,7,The dead with pitiless bronze!”,unreviewed
iliad,16,592,7,7,"He fell, and death poured round him.",unreviewed
iliad,16,600,10,13,As far as a long javelin reaches when a man,unreviewed
iliad,16,625,9,13,Of every man who comes against you. You too,unreviewed
iliad,16,647,10,13,"Hector back to Troy, and take the lives of many.",unreviewed
iliad,16,657,10,14,To carry to the hollow ships. Zeus spoke to Apollo:,unreviewed
iliad,16,673,3,4,In broad Lycia.,unreviewed
iliad,16,674,6,13,"But Patroclus ordered horses and Automedon,",unreviewed
iliad,16,680,5,6,The courage back to fight.,unreviewed
iliad,16,686,5,6,The others turned and fled.,unreviewed
iliad,16,700,4,6,The Far-Shooter's anger.,unreviewed
iliad,16,719,8,14,To lash the horses into battle. Apollo entered,unreviewed
iliad,16,740,4,6,Among the Trojans too.”,unreviewed
iliad,16,752,5,5,And the war grew strong.,unreviewed
iliad,16,769,3,4,From his shoulders.,unreviewed
iliad,16,797,10,13,"To cast at you, Patroclus, but could not master you.",unreviewed
iliad,16,806,5,6,And deep grief seized Achaeans.,unreviewed
iliad,16,813,4,4,And spoke in triumph:,unreviewed
iliad,16,850,3,7,Carried Automedon away.,unreviewed
iliad,17,9,4,6,Whoever came against him.,unreviewed
iliad,17,50,9,13,As a man raises a young and flourishing olive,unreviewed
iliad,17,76,4,5,Will grant you glory.”,unreviewed
iliad,17,77,4,5,So the god returned,unreviewed
iliad,17,105,9,13,Against his will he leaves the yard. So Menelaus,unreviewed
iliad,17,116,4,4,He spoke and stirred,unreviewed
iliad,17,127,5,6,A great glory for him.,unreviewed
iliad,17,159,9,14,"From the battle, the Argives would strip the beautiful",unreviewed
iliad,17,166,4,5,Is stronger than you.”,unreviewed
iliad,17,181,8,13,Until I put upon me the blameless armor,unreviewed
iliad,17,228,5,6,Be equal to my own.”,unreviewed
iliad,17,229,4,4,He spoke; they went,unreviewed
iliad,17,233,4,5,They gained the body.,unreviewed
iliad,17,246,10,13,And each gives signs of command to his own people—,unreviewed
iliad,17,252,2,2,And dogs.”,unreviewed
iliad,17,258,3,5,Again from behind?,unreviewed
iliad,17,261,11,13,"Fed by the sky, while sea and shore thunder round it,",unreviewed
iliad,17,266,7,13,Menoetius' son while he lived beside Achilles;,unreviewed
iliad,17,269,5,7,Around him to defend him.,unreviewed
iliad,17,283,3,4,And win renown.,unreviewed
iliad,17,304,5,7,His armor rang around him.,unreviewed
iliad,17,306,8,13,"Above Hippothous, in the middle of his belly.",unreviewed
iliad,17,312,5,7,The armor from their shoulders.,unreviewed
iliad,17,314,7,13,Overcome by Argives and their failing courage;,unreviewed
iliad,17,326,4,4,And will not fight.”,unreviewed
iliad,17,330,9,13,"And allies, it would be shameful to enter Troy",unreviewed
iliad,17,336,2,2,The ships.”,unreviewed
iliad,17,340,3,3,With his spear.,unreviewed
iliad,17,354,9,13,"From the dead, nor stand apart before the Argives",unreviewed
iliad,17,372,5,6,Which wore the bravest down.,unreviewed
iliad,17,383,11,13,"As when a man gives his people a great ox-hide,",unreviewed
iliad,17,389,8,13,In either direction. Each believed it would prevail:,unreviewed
iliad,17,395,3,5,And horses alike.,unreviewed
iliad,17,412,4,7,And win themselves renown.”,unreviewed
iliad,17,413,4,6,A great-hearted Trojan,unreviewed
iliad,17,416,6,7,Let no one flee the battle.”,unreviewed
iliad,17,417,3,4,So each aroused,unreviewed
iliad,17,422,9,13,Had fallen in the dust beneath man-killing Hector.,unreviewed
iliad,17,436,10,14,"“Poor creatures, why did we give you to mortal Peleus,",unreviewed
iliad,17,437,7,13,"You ageless, deathless ones, to suffer sorrow",unreviewed
iliad,17,444,9,13,"Courage into your knees and spirit, so you carry",unreviewed
iliad,17,448,4,7,And holy darkness comes.”,unreviewed
iliad,17,470,2,2,And fight.”,unreviewed
iliad,17,480,5,5,If they came at us.”,unreviewed
iliad,17,494,9,13,"Until he mounts the fair-maned horses of Achilles,",unreviewed
iliad,17,500,10,13,But guard us two while we ward off pitiless death.,unreviewed
iliad,17,505,3,4,For what remains.”,unreviewed
iliad,17,514,4,4,And loosed his limbs.,unreviewed
iliad,17,523,5,5,With his heart torn out.,unreviewed
iliad,17,546,4,5,And stir the army.”,unreviewed
iliad,17,547,2,5,Menelaus answered:,unreviewed
iliad,17,554,4,6,Zeus gives him glory.”,unreviewed
iliad,17,562,3,4,His shining spear.,unreviewed
iliad,17,602,9,13,But losing his own life beneath man-killing Hector.,unreviewed
iliad,17,612,10,13,"The notice of Zeus, when he gave Troy the victory.",unreviewed
iliad,17,615,7,13,"Himself is helping Troy. Every weapon strikes,",unreviewed
iliad,17,620,11,13,To friends who look this way in anguish and no longer,unreviewed
iliad,17,635,7,13,If Nestor's great-hearted son Antilochus lives.,unreviewed
iliad,17,637,5,7,His dearest friend has fallen.”,unreviewed
iliad,17,648,4,6,And both the Ajaxes:,unreviewed
iliad,17,652,3,3,Have found him.”,unreviewed
iliad,17,654,10,13,"Searching like an eagle, said to have the keenest sight",unreviewed
iliad,17,655,9,13,"Among all birds beneath the sky; even high above,",unreviewed
iliad,17,656,9,13,The hare beneath a leafy bush escapes him not.,unreviewed
iliad,17,661,7,13,"Encouraging his companions, urging them to fight.",unreviewed
iliad,17,664,10,13,The thing that should not have occurred. You see already,unreviewed
iliad,17,669,9,13,"To Achilles beside the ships, and tell him whether",unreviewed
iliad,17,681,7,13,Unprotected where Antilochus had gone. He sent,unreviewed
iliad,17,682,7,13,"Noble Thrasymedes to them, while he himself",unreviewed
iliad,17,686,10,14,"He will come, though he is terribly angered at Hector;",unreviewed
iliad,17,689,10,13,And how to escape death and fate amid Troy's uproar.”,unreviewed
iliad,17,690,7,13,Great Telamonian Ajax answered: “You have spoken,unreviewed
iliad,17,695,9,13,"Of one spirit, as we have always stood together",unreviewed
iliad,17,696,4,6,And endured sharp Ares.”,unreviewed
iliad,17,700,11,13,Before young hunters. For a time they run to tear it;,unreviewed
iliad,17,704,10,13,"And faced them, every color changed, and no one dared",unreviewed
iliad,17,705,5,6,To spring against the corpse.,unreviewed
iliad,17,721,9,14,"The Ajaxes drove the battle back. The Trojans followed,",unreviewed
iliad,17,727,7,14,Forgetting courage. Many handsome pieces of armor,unreviewed
iliad,18,6,10,14,"The grief my mother once foretold—that, while I live,",unreviewed
iliad,18,30,4,6,"Speio, Thoe, Halia, Cymothoe,",unreviewed
iliad,18,47,10,13,"While he lives and sees the sun, he suffers, and",unreviewed
iliad,18,49,5,6,What sorrow has reached him.”,unreviewed
iliad,18,77,5,6,A burden on the earth.,unreviewed
iliad,18,91,8,13,“It is right to defend companions in destruction.,unreviewed
iliad,18,93,11,13,Wears it and glories in it. He will not glory long.,unreviewed
iliad,18,94,10,14,Do not enter Ares' labor till you see me return;,unreviewed
iliad,18,96,2,4,From Hephaestus.”,unreviewed
iliad,18,103,7,13,Thetis' feet bore her toward Olympus; meanwhile,unreviewed
iliad,18,113,7,14,"Standing and shouting terribly, refusing to withdraw.",unreviewed
iliad,18,119,8,14,"Swift Iris, wind-footed messenger, run from Olympus",unreviewed
iliad,18,120,8,13,"To Peleus' son, secretly summoning him to arm;",unreviewed
iliad,18,121,9,13,Hera had sent her before Zeus or the immortals,unreviewed
iliad,18,130,10,14,And set his head upon the stakes. Rise! Let reverence,unreviewed
iliad,18,146,4,7,The body of Patroclus.”,unreviewed
iliad,18,153,8,13,"Athena cast the tasselled aegis round his shoulders,",unreviewed
iliad,18,157,8,13,From an island far away where hostile armies,unreviewed
iliad,18,159,7,13,"By hateful Ares outside their native city,",unreviewed
iliad,18,166,4,7,His mother's solemn command.,unreviewed
iliad,18,169,7,13,"An immeasurable panic. As a trumpet's cry,",unreviewed
iliad,18,174,10,13,Were struck with terror when they saw the tireless fire,unreviewed
iliad,18,176,5,7,Kindled by bright-eyed Athena.,unreviewed
iliad,18,177,8,13,Three times divine Achilles cried above the trench;,unreviewed
iliad,18,186,4,6,But never welcomed home.,unreviewed
iliad,18,192,8,13,And gathered in council before the evening meal.,unreviewed
iliad,18,196,8,13,"Could see before him and behind; Hector's companion,",unreviewed
iliad,18,198,9,13,"The other in the spear, he addressed the assembly:",unreviewed
iliad,18,205,8,14,Swift-footed Peleus' son; his spirit overmasters him.,unreviewed
iliad,18,208,9,13,And women. Come within the city and believe me.,unreviewed
iliad,18,209,8,13,Tonight immortal night has stopped him; if tomorrow,unreviewed
iliad,18,210,11,13,"He finds us here, roused with his armor, one among us",unreviewed
iliad,18,212,9,13,The man who escapes; many Trojans will the dogs,unreviewed
iliad,18,214,5,6,From ear into the deed!,unreviewed
iliad,18,215,5,6,"“If we heed my counsel,",unreviewed
iliad,18,217,10,13,"Through night, and shut the towers, gates, and long-fitted",unreviewed
iliad,18,225,3,3,Will eat him.”,unreviewed
iliad,18,233,10,13,“Now Cronus' son has granted me the glory to win,unreviewed
iliad,18,236,10,13,"No Trojan will obey you, nor will I permit it.",unreviewed
iliad,18,237,9,13,Let every man obey as I command: take food,unreviewed
iliad,18,243,8,13,"The hollow ships. If godlike Achilles has risen,",unreviewed
iliad,18,244,11,13,It will be worse for him if he desires it so;,unreviewed
iliad,18,247,9,13,Or I carry it. Enyalios is common to all:,unreviewed
iliad,18,258,8,13,"Too late the lion comes, searching ravines along",unreviewed
iliad,18,265,10,13,Fulfills not every thought of men. For both of us,unreviewed
iliad,18,269,9,13,"“Patroclus, since I go beneath the earth after you,",unreviewed
iliad,18,274,9,13,"Until then lie beside the curved ships, while Trojan",unreviewed
iliad,18,278,9,13,He ordered his companions to set a great tripod,unreviewed
iliad,18,291,9,14,You roused swift-footed Achilles. Surely the long-haired,unreviewed
iliad,18,311,10,13,Come farther in; I will set friendship's gifts before you.”,unreviewed
iliad,18,318,8,13,Pain came upon me after my shameless mother,unreviewed
iliad,18,330,10,14,Set gifts of welcome before her while I put away,unreviewed
iliad,18,331,5,6,My bellows and my tools.”,unreviewed
iliad,18,347,11,14,"Tell me your purpose; my heart commands me to fulfill it,",unreviewed
iliad,18,348,10,13,"If I can, and if the thing lies within completion.”",unreviewed
iliad,18,350,7,13,Among Olympian goddesses one who has endured,unreviewed
iliad,18,352,11,13,Has given me? Of all the sea-born sisters he gave,unreviewed
iliad,18,356,11,13,And I have further sorrow: when he gave me a son,unreviewed
iliad,18,368,8,13,"The elders of Argos pleaded, naming splendid gifts;",unreviewed
iliad,18,376,10,13,"“Therefore I come to your knees: if you are willing,",unreviewed
iliad,18,378,9,16,"Beautiful greaves fitted at the ankles, and a corselet.",unreviewed
iliad,18,384,8,13,"As surely as beautiful armor shall be his,",unreviewed
iliad,18,385,8,15,"Such as another man, among the many generations,",unreviewed
iliad,18,390,8,13,Breathing every wind that kindles flame; now rushing,unreviewed
iliad,18,411,9,13,Brides were led beneath the torchlight from their chambers,unreviewed
iliad,18,413,9,13,"Young dancers whirled; flutes and lyres sent music out,",unreviewed
iliad,18,414,8,14,"And women stood in every doorway, watching, amazed.",unreviewed
iliad,18,415,9,13,The people gathered in the market-place. A quarrel,unreviewed
iliad,18,421,10,13,But heralds held them back. The elders sat on stones,unreviewed
iliad,18,424,11,13,"In the midst lay two talents of gold, to be given",unreviewed
iliad,18,426,9,13,"Around the other city two armies sat in bronze,",unreviewed
iliad,18,427,9,16,"Their counsel divided: whether to sack the lovely city,",unreviewed
iliad,18,428,9,13,Or share among themselves the wealth it held within.,unreviewed
iliad,18,432,9,14,By age. The hidden army moved; Ares and Athena,unreviewed
iliad,18,439,8,14,"Following, glad in their pipes, foreseeing no deceit.",unreviewed
iliad,18,440,9,13,"The ambushers rushed upon them, cut down the cattle,",unreviewed
iliad,18,448,5,13,"Another unwounded, another already dead,",unreviewed
iliad,18,458,8,13,"Along the furrows, eager for the far boundary.",unreviewed
iliad,18,460,5,7,A wonder wrought in metal.,unreviewed
iliad,18,470,5,7,For supper to the reapers.,unreviewed
iliad,18,471,9,14,"Upon it he set a vineyard, beautiful and golden,",unreviewed
iliad,18,509,9,13,"A divine singer played the lyre, while two tumblers",unreviewed
iliad,18,513,4,6,Flowing around the world.,unreviewed
iliad,18,519,4,7,Fitted about the ankles.,unreviewed
iliad,19,5,7,16,"weeping clearly beside Patroclus, while many companions",unreviewed
iliad,19,6,4,5,mourned around the dead.,unreviewed
iliad,19,7,14,15,"She stood among them, took her son’s hand, and called him by name:",unreviewed
iliad,19,10,8,13,"But you receive from Hephaestus the famous armor,",unreviewed
iliad,19,11,10,15,beautiful as no man has ever borne upon his shoulders.”,unreviewed
iliad,19,12,9,15,"So speaking, the goddess laid the armor before Achilles;",unreviewed
iliad,19,14,9,14,Trembling seized every Myrmidon; no one dared to look,unreviewed
iliad,19,16,10,14,"But Achilles, when he saw it, felt his anger deepen;",unreviewed
iliad,19,19,13,15,He rejoiced to hold in his hands the glorious gifts of the god.,unreviewed
iliad,19,25,10,14,"I will arm myself. Yet I greatly fear lest, meanwhile,",unreviewed
iliad,19,26,11,14,"flies enter the bronze-struck wounds of Menoetius’s brave son,",unreviewed
iliad,19,31,12,14,"I will try to keep from him the savage tribes of flies,",unreviewed
iliad,19,32,6,7,which devour men slain in war.,unreviewed
iliad,19,34,10,15,"his skin shall remain whole, or even fairer than before.",unreviewed
iliad,19,35,10,14,But you call the heroes of the Achaeans to assembly;,unreviewed
iliad,19,36,9,17,"renounce your anger against Agamemnon, shepherd of the people,",unreviewed
iliad,19,37,10,13,"arm yourself quickly for war, and clothe yourself in strength.”",unreviewed
iliad,19,39,9,15,and over Patroclus she poured ambrosia and red nectar,unreviewed
iliad,19,41,9,13,"Divine Achilles went along the shore of the sea,",unreviewed
iliad,19,42,11,15,"crying aloud in a dreadful voice, and roused the Achaean heroes.",unreviewed
iliad,19,43,9,13,"Even those who had remained before beside the ships,",unreviewed
iliad,19,45,11,16,"and the storekeepers who served out the grain beside the vessels,",unreviewed
iliad,19,46,9,15,"then went to the assembly, because Achilles had appeared,",unreviewed
iliad,19,48,9,14,"Two servants of Ares came limping to the assembly,",unreviewed
iliad,19,49,8,13,"the steadfast son of Tydeus and godlike Odysseus,",unreviewed
iliad,19,51,11,14,still troubled them. They went and sat in the foremost places.,unreviewed
iliad,19,57,11,14,"“Son of Atreus, was this perhaps better for both of us—",unreviewed
iliad,19,61,10,13,beside the ships on that day when I took Lyrnessus,unreviewed
iliad,19,64,8,13,"of their enemies, while I remained in anger.",unreviewed
iliad,19,65,11,15,It would have been an advantage for Hector and the Trojans;,unreviewed
iliad,19,66,11,14,but I think the Achaeans will remember for a long time,unreviewed
iliad,19,67,6,7,the strife between you and me.,unreviewed
iliad,19,69,11,16,let us master the dear heart within our breasts by necessity.,unreviewed
iliad,19,70,11,14,"Now I put aside my anger, and it is not fitting",unreviewed
iliad,19,74,11,13,"beside the ships, and see whether they wish to sleep there.",unreviewed
iliad,19,75,11,13,"I think that many of them will gladly bend the knee,",unreviewed
iliad,19,78,11,16,because great-hearted Peleus’s son had laid aside his anger.,unreviewed
iliad,19,79,11,14,"Then Agamemnon, lord of men, spoke to them from his seat;",unreviewed
iliad,19,82,12,18,it is beautiful to listen when a man is standing among others;,unreviewed
iliad,19,83,12,17,"it is not fitting to interrupt him, for even a skilled speaker",unreviewed
iliad,19,88,11,17,"and the other Argives, attend and let each understand my words.",unreviewed
iliad,19,89,9,13,"Often the Achaeans have spoken this reproach to me,",unreviewed
iliad,19,91,11,14,"Zeus is, and Fate, and the Erinys who walks in darkness;",unreviewed
iliad,19,93,12,14,on that day when I took Achilles’s prize from his hands.,unreviewed
iliad,19,94,12,14,But what could I do? A god brings all things to completion.,unreviewed
iliad,19,96,10,15,"the accursed one who deludes all; her feet are delicate,",unreviewed
iliad,19,103,10,13,when the strength of Heracles was about to be born,unreviewed
iliad,19,107,11,13,that I may tell what my heart within my breast commands.,unreviewed
iliad,19,110,11,15,"all his neighbors, a man from the blood of my generation.’",unreviewed
iliad,19,112,11,13,"‘You will lie, nor will you bring your word to completion.",unreviewed
iliad,19,114,13,15,"that the man who is born today from the feet of a woman,",unreviewed
iliad,19,118,10,14,"but swore a great oath, and then was terribly deluded.",unreviewed
iliad,19,119,10,15,"Hera sprang from Olympus’s peak and quickly reached Argos,",unreviewed
iliad,19,120,11,14,"where she knew the strong wife of Sthenelus, son of Perseus.",unreviewed
iliad,19,122,9,13,"Hera brought him forth into the light, though premature,",unreviewed
iliad,19,123,8,14,"and stopped Alcmena’s labor, holding back Eileithyia.",unreviewed
iliad,19,125,12,14,"‘Father Zeus, lord of the bright lightning, I will put a word",unreviewed
iliad,19,126,10,14,into your mind: already a noble man has been born,unreviewed
iliad,19,127,9,16,"who will rule the Argives, Eurystheus, son of Sthenelus,",unreviewed
iliad,19,128,13,18,of your blood; it is not unworthy that he should rule the Argives.’,unreviewed
iliad,19,135,7,7,soon she reached the works of men.,unreviewed
iliad,19,137,8,14,"the shameful labors forced upon him by Eurystheus,",unreviewed
iliad,19,138,3,3,he would groan.,unreviewed
iliad,19,139,10,14,"“So now, when Hector of the shining helmet was destroying",unreviewed
iliad,19,141,12,17,I could not forget the Delusion with which I first was deluded.,unreviewed
iliad,19,143,9,13,I wish to make amends and give boundless recompense.,unreviewed
iliad,19,145,9,15,All the gifts that glorious Odysseus promised you yesterday,unreviewed
iliad,19,147,11,15,"If you wish, wait here, though your spirit presses toward Ares;",unreviewed
iliad,19,151,9,14,"“Most glorious son of Atreus, Agamemnon, lord of men,",unreviewed
iliad,19,153,11,15,or keep them beside you. Now let us remember the battle,unreviewed
iliad,19,154,10,13,"quickly; there is no need to linger here or delay,",unreviewed
iliad,19,156,11,16,"Let a man see Achilles once more among the foremost ranks,",unreviewed
iliad,19,159,9,14,"“Not so, Achilles, excellent though you are and godlike.",unreviewed
iliad,19,160,11,13,"Do not urge the sons of the Achaeans, empty of food,",unreviewed
iliad,19,163,11,15,"of men meet, and a god breathes courage into both sides.",unreviewed
iliad,19,166,14,15,No man can fight face to face all day until the sun goes down,unreviewed
iliad,19,168,11,15,"his limbs grow secretly heavy, and thirst and hunger find him,",unreviewed
iliad,19,171,12,15,"and fights the enemy all day, keeps a bold heart within him;",unreviewed
iliad,19,172,12,16,his limbs do not grow weary until all have withdrawn from battle.,unreviewed
iliad,19,173,9,14,"“Come, scatter the people, and command the evening meal.",unreviewed
iliad,19,174,11,15,"Let Agamemnon, lord of men, bring the gifts into the midst",unreviewed
iliad,19,175,11,14,"of the assembly, so that all the Achaeans may see them",unreviewed
iliad,19,177,10,13,Let him rise among the Argives and swear an oath,unreviewed
iliad,19,178,13,15,"that he has never mounted the girl’s bed or joined with her,",unreviewed
iliad,19,179,10,13,as is lawful for a lord over men or women;,unreviewed
iliad,19,180,10,13,and let your own heart within you be gentle again.,unreviewed
iliad,19,181,11,14,"Afterward let him make amends to you with a rich feast,",unreviewed
iliad,19,183,10,13,"And you, son of Atreus, shall hereafter be more just",unreviewed
iliad,19,184,11,13,in other matters as well. It is no cause for blame,unreviewed
iliad,19,186,5,7,whom he first treated harshly.”,unreviewed
iliad,19,189,12,14,you have spoken all things in due measure and set them forth.,unreviewed
iliad,19,190,11,13,"These things I am willing to swear, as my heart commands;",unreviewed
iliad,19,192,10,15,"Let Achilles remain here, eager though he is for Ares,",unreviewed
iliad,19,195,6,7,and we cut the faithful oaths.,unreviewed
iliad,19,198,12,17,"and bring from my hut all the gifts we promised Achilles yesterday,",unreviewed
iliad,19,199,6,7,and bring the women as well.,unreviewed
iliad,19,203,9,14,"“Most glorious son of Atreus, Agamemnon, lord of men,",unreviewed
iliad,19,204,9,13,"you should have made this provision at another time,",unreviewed
iliad,19,207,12,14,"But now those men lie torn apart whom Hector, son of Priam,",unreviewed
iliad,19,208,6,7,"subdued, when Zeus gave him glory.",unreviewed
iliad,19,212,13,16,and then prepare a great meal after we have paid back the outrage.,unreviewed
iliad,19,220,10,14,"“Achilles, son of Peleus, far the best of the Achaeans,",unreviewed
iliad,19,221,11,14,"you are stronger than I, and by no small measure better",unreviewed
iliad,19,222,11,14,"with the spear; but I might surpass you greatly in counsel,",unreviewed
iliad,19,225,6,7,"Men soon grow weary of war,",unreviewed
iliad,19,226,11,15,"in which bronze has scattered the greatest harvest upon the earth,",unreviewed
iliad,19,227,13,16,"and the harvest is smallest when Zeus, the keeper of war for men,",unreviewed
iliad,19,233,11,13,after weeping for him through the day in which he died.,unreviewed
iliad,19,235,5,7,"must remember food and drink,",unreviewed
iliad,19,237,4,5,clothed in unwearied bronze.,unreviewed
iliad,19,238,9,13,"Let no man hold back, waiting for another summons",unreviewed
iliad,19,239,10,13,from the army; this will be a summons of evil,unreviewed
iliad,19,241,9,14,Let us all rise together and awaken sharp Ares,unreviewed
iliad,19,243,12,14,"So he spoke, and brought with him the sons of glorious Nestor,",unreviewed
iliad,19,246,10,15,"They went into the hut of Agamemnon, son of Atreus.",unreviewed
iliad,19,259,6,7,holding the boar in his hands.,unreviewed
iliad,19,264,9,14,"All the Argives sat silent in their proper places,",unreviewed
iliad,19,265,4,6,listening to the king.,unreviewed
iliad,19,267,2,2,he spoke:,unreviewed
iliad,19,269,11,14,"and Earth, and the Sun, and the Erinyes beneath the earth,",unreviewed
iliad,19,271,11,14,"that I have never laid a hand upon the girl Briseis,",unreviewed
iliad,19,274,12,14,"If I have sworn falsely in this, let the gods give me",unreviewed
iliad,19,277,13,15,"So he spoke, and cut the boar’s throat with the pitiless bronze.",unreviewed
iliad,19,280,4,5,food for the fishes.,unreviewed
iliad,19,281,10,15,Then Achilles rose and spoke to the war-loving Argives:,unreviewed
iliad,19,282,9,14,"“Father Zeus, surely you give great delusions to men—”",unreviewed
iliad,19,283,10,18,“Agamemnon’s quarrel stirred the whole matter from its beginning;,unreviewed
iliad,19,285,9,14,but somewhere Zeus desired that many Achaeans should die.,unreviewed
iliad,19,286,13,15,"Now go to your meal, that we may gather the strength of Ares.”",unreviewed
iliad,19,289,10,15,"but the great-hearted Myrmidons set themselves to their gifts,",unreviewed
iliad,19,290,9,13,and carried them aboard the ship of divine Achilles.,unreviewed
iliad,19,292,10,16,"seated the women, and the noble attendants drove the horses",unreviewed
iliad,19,293,3,4,into the herd.,unreviewed
iliad,19,298,10,14,"and her beautiful face. The woman like a goddess spoke,",unreviewed
iliad,19,299,1,2,weeping:,unreviewed
iliad,19,300,10,15,"“Patroclus, most dear to me, unhappy woman that I am,",unreviewed
iliad,19,302,10,13,"now, returning, I find you dead, lord of the people.",unreviewed
iliad,19,303,7,13,So evil follows evil forever upon me.,unreviewed
iliad,19,304,11,14,The man to whom my father and honored mother gave me,unreviewed
iliad,19,305,11,13,"I saw lying before the city, torn by the sharp bronze;",unreviewed
iliad,19,306,12,14,"and I saw my three brothers, whom one mother bore with me,",unreviewed
iliad,19,309,10,14,killed my husband and sacked the divine city of Mynes;,unreviewed
iliad,19,311,11,14,"of divine Achilles, and lead me in the ships to Phthia,",unreviewed
iliad,19,312,8,13,and appoint the marriage feast among the Myrmidons.,unreviewed
iliad,19,313,10,14,"Therefore I mourn you without ceasing, though you are dead,",unreviewed
iliad,19,314,5,7,you who were always gentle.”,unreviewed
iliad,19,315,10,15,"So she spoke weeping, and the women groaned around Patroclus,",unreviewed
iliad,19,316,11,15,using him as the occasion for each woman’s own grief.,unreviewed
iliad,19,317,8,14,"The elders of the Achaeans gathered around Achilles,",unreviewed
iliad,19,319,10,13,"“I beg you, if any dear companion will obey me,",unreviewed
iliad,19,332,5,7,"and old horse-taming Phoenix,",unreviewed
iliad,19,333,10,14,trying with careful words to delight the grief-stricken man.,unreviewed
iliad,19,334,9,13,But his spirit found no delight before he entered,unreviewed
iliad,19,335,7,7,the mouth of the blood-stained war.,unreviewed
iliad,19,336,8,14,"Remembering his companion, he groaned deeply and spoke:",unreviewed
iliad,19,340,8,14,whenever the Achaeans hastened to carry tearful war,unreviewed
iliad,19,342,11,14,"But now you lie torn apart, while my heart within me",unreviewed
iliad,19,343,11,13,is barren of food and drink because I long for you.,unreviewed
iliad,19,344,6,7,"No worse thing could befall me,",unreviewed
iliad,19,345,11,13,not even if I should hear that my father had died—,unreviewed
iliad,19,347,11,13,"in want of such a son, while I fight the Trojans",unreviewed
iliad,19,350,9,14,who is being raised in Scyros—if godlike Neoptolemus,unreviewed
iliad,19,351,3,4,still lives there.,unreviewed
iliad,19,353,10,15,"that I alone should perish far from horse-pasturing Argos,",unreviewed
iliad,19,356,11,13,"in your swift black ship, and show him all my possessions,",unreviewed
iliad,19,359,7,13,"or still living a little, suffering bitterly",unreviewed
iliad,19,360,11,16,"in hateful old age, and waiting always for the grievous news",unreviewed
iliad,19,361,4,4,that I am dead.”,unreviewed
iliad,19,363,10,13,each remembering what he had left in his own house.,unreviewed
iliad,19,369,9,14,"mourning his dear companion, while the others have gone",unreviewed
iliad,19,370,10,13,to their meal; but he remains without food or portion.,unreviewed
iliad,19,371,11,15,"Go now, and pour sweet nectar and ambrosia into his breast,",unreviewed
iliad,19,373,10,15,"So he urged Athena, who was already eager to go.",unreviewed
iliad,19,376,8,14,Meanwhile the Achaeans armed themselves throughout the camp.,unreviewed
iliad,19,377,11,19,"She poured sweet nectar and lovely ambrosia into Achilles’s breast,",unreviewed
iliad,19,382,12,14,"—cold beneath the blast of clear-born North—so then the helmets,",unreviewed
iliad,19,383,11,13,"brightly gleaming, came forth from the ships, and the bossed shields,",unreviewed
iliad,19,384,10,14,"the corselets hard against the storm, and the ashwood spears.",unreviewed
iliad,19,385,12,14,"Their splendor reached the sky, and all the earth laughed around them",unreviewed
iliad,19,386,12,14,beneath the flashing bronze; and the sound of men’s feet rose.,unreviewed
iliad,19,389,11,16,"like the gleam of fire, and intolerable grief entered his heart.",unreviewed
iliad,19,390,13,16,"Burning with rage against the Trojans, he put on the god’s gifts",unreviewed
iliad,19,392,9,14,"First he fastened the beautiful greaves around his legs,",unreviewed
iliad,19,398,3,3,like the moon.,unreviewed
iliad,19,400,10,15,"of a burning fire, high upon a lonely mountain farm,",unreviewed
iliad,19,405,12,16,Then he lifted the heavy helmet and set it upon his head;,unreviewed
iliad,19,407,9,13,and the golden hairs which Hephaestus had set thickly,unreviewed
iliad,19,408,6,7,around the crest streamed and trembled.,unreviewed
iliad,19,409,7,13,"Divine Achilles tested himself in his armor,",unreviewed
iliad,19,410,10,14,to see whether it fitted and whether his splendid limbs,unreviewed
iliad,19,411,13,15,"moved freely within it. It seemed to him as if wings had grown,",unreviewed
iliad,19,415,9,13,could brandish it; Achilles alone knew how to wield,unreviewed
iliad,19,416,11,15,"the Pelian ash, which Chiron had given to his dear father",unreviewed
iliad,19,417,10,13,"from the summit of Pelion, to be death to heroes.",unreviewed
iliad,19,418,8,16,Automedon and Alcimus busied themselves with the horses;,unreviewed
iliad,19,419,10,14,"they yoked them, set the beautiful collars around their necks,",unreviewed
iliad,19,422,10,13,"Automedon took the bright, well-made whip in his hand",unreviewed
iliad,19,423,9,15,"and sprang upon the horses; behind him Achilles mounted,",unreviewed
iliad,19,424,10,14,shining in his armor like the sun that never tires.,unreviewed
iliad,19,427,9,13,consider well how you may bring your charioteer back,unreviewed
iliad,19,432,11,13,"bowed his head; and all his mane, falling from the collar,",unreviewed
iliad,19,433,6,7,reached the ground beside the yoke.,unreviewed
iliad,19,434,11,15,"The white-armed goddess Hera had given him a human voice,",unreviewed
iliad,19,435,3,3,and he spoke:,unreviewed
iliad,19,437,13,13,"but your day of death is near, and we are not to blame—",unreviewed
iliad,19,439,9,13,Nor was it by our slowness or our carelessness,unreviewed
iliad,19,440,10,15,that the Trojans stripped Patroclus’s armor from his shoulders;,unreviewed
iliad,19,443,5,7,and gave glory to Hector.,unreviewed
iliad,19,449,8,14,Swift-footed Achilles answered him in deep displeasure:,unreviewed
iliad,19,451,11,13,It is not your task. I know it myself very well:,unreviewed
iliad,19,452,14,17,"it is my fate to perish here, far from my dear father and mother.",unreviewed
iliad,19,454,12,16,until I have driven the Trojans to the full measure of war.”,unreviewed
iliad,19,455,9,13,"So he spoke, and shouting among the foremost ranks,",unreviewed
iliad,20,3,9,16,"insatiable of battle; while the Trojans again came on,",unreviewed
iliad,20,7,11,14,She went everywhere and called them to the house of Zeus.,unreviewed
iliad,20,10,10,14,beside the springs of rivers and in the grassy meadows.,unreviewed
iliad,20,15,12,15,nor did the Earth-Shaker fail to hear the goddess’s summons.,unreviewed
iliad,20,19,9,14,lord of the bright lightning? Are you pondering something,unreviewed
iliad,20,25,4,6,though they are perishing.,unreviewed
iliad,20,26,11,15,"But I shall remain here, seated in a fold of Olympus,",unreviewed
iliad,20,28,10,15,"You others go, until you come among Trojans and Achaeans,",unreviewed
iliad,20,30,8,13,"“For if Achilles alone fights against the Trojans,",unreviewed
iliad,20,34,10,15,"but now, since he is fiercely enraged for his companion,",unreviewed
iliad,20,35,11,13,I fear he may destroy the wall beyond what is fated.”,unreviewed
iliad,20,36,12,16,"So spoke the son of Cronus, and roused a battle without restraint.",unreviewed
iliad,20,39,10,15,"and Pallas Athena, and Poseidon, lord who holds the earth,",unreviewed
iliad,20,43,9,13,"To the Trojans went Ares of the shining helmet,",unreviewed
iliad,20,44,9,14,"and Phoebus with unshorn hair, and Artemis the archer,",unreviewed
iliad,20,45,7,13,"Leto, Xanthus, and Aphrodite who loves laughter.",unreviewed
iliad,20,47,8,16,"the Achaeans exulted greatly because Achilles had appeared,",unreviewed
iliad,20,49,7,14,"but terrible trembling entered every Trojan limb,",unreviewed
iliad,20,51,9,13,"shining in his armor, like Ares who destroys men.",unreviewed
iliad,20,53,6,7,"strong, man-driving Strife rose up;",unreviewed
iliad,20,54,10,14,"Athena stood now beside the dug trench outside the wall,",unreviewed
iliad,20,57,12,15,"like a dark storm, calling the Trojans from the city’s height,",unreviewed
iliad,20,58,9,17,and at times running beside the Simois upon Callicolone.,unreviewed
iliad,20,60,9,15,and drove them together; among themselves they broke open,unreviewed
iliad,20,61,4,7,"a heavy, bitter quarrel.",unreviewed
iliad,20,62,10,15,The father of gods and men thundered terribly from above;,unreviewed
iliad,20,65,12,14,"All the feet and summits of Ida with its many springs trembled,",unreviewed
iliad,20,66,12,15,and the city of the Trojans and the ships of the Achaeans.,unreviewed
iliad,20,69,10,14,"lest Poseidon, the Earth-Shaker, split the ground above him,",unreviewed
iliad,20,74,9,14,"Phoebus Apollo stood face to face with lord Poseidon,",unreviewed
iliad,20,75,10,15,holding his winged arrows; and the gray-eyed goddess Athena,unreviewed
iliad,20,77,11,17,"The loud, golden-bowed archer Artemis, sister of the Far-Shooter,",unreviewed
iliad,20,79,9,13,"stood against Leto; and the great deep-eddying river,",unreviewed
iliad,20,81,3,6,stood against Hephaestus.,unreviewed
iliad,20,82,11,15,Thus the gods went against gods. But Achilles longed above all,unreviewed
iliad,20,84,11,17,"his spirit commanded him to sate Ares, the shield-bearing warrior,",unreviewed
iliad,20,85,4,5,with Hector’s blood.,unreviewed
iliad,20,86,9,15,"Apollo, driver of armies, roused Aeneas straight against him,",unreviewed
iliad,20,89,12,17,"and in his likeness, Apollo the son of Zeus spoke to Aeneas:",unreviewed
iliad,20,90,9,13,"“Aeneas, counselor of the Trojans, where are the threats",unreviewed
iliad,20,92,11,14,"that you would fight Achilles, son of Peleus, face to face?”",unreviewed
iliad,20,93,3,5,Aeneas answered him:,unreviewed
iliad,20,97,12,15,This is not the first time I shall stand against swift Achilles;,unreviewed
iliad,20,98,11,13,"before this he drove me away with his spear from Ida,",unreviewed
iliad,20,99,10,16,"when he came against our cattle, sacked Lyrnessus and Pedasus.",unreviewed
iliad,20,101,6,6,and gave speed to my knees.,unreviewed
iliad,20,102,11,17,"I should have fallen beneath the hands of Achilles and Athena,",unreviewed
iliad,20,104,10,15,and commanding him to kill Leleges and Trojans with bronze.,unreviewed
iliad,20,106,11,13,for a god is always beside him to ward off ruin.,unreviewed
iliad,20,107,10,13,And even otherwise his straight-flying spear does not stop,unreviewed
iliad,20,115,11,15,"daughter of Zeus, while he is born of a lesser goddess—",unreviewed
iliad,20,119,12,17,"So speaking, he breathed great courage into the shepherd of the people.",unreviewed
iliad,20,121,10,13,White-armed Hera saw the son of Anchises going straight,unreviewed
iliad,20,124,8,14,"“Consider this in your minds, Poseidon and Athena,",unreviewed
iliad,20,127,11,17,going against the son of Peleus; Phoebus Apollo has driven him.,unreviewed
iliad,20,131,12,14,"that he may know how the best of the immortals love him,",unreviewed
iliad,20,132,10,14,and how empty are those who have defended the Trojans,unreviewed
iliad,20,133,5,7,and their battle before this.,unreviewed
iliad,20,134,10,13,"“All of us came down from Olympus to this battle,",unreviewed
iliad,20,135,10,14,that he might suffer no harm today among the Trojans.,unreviewed
iliad,20,136,10,14,"His fate will later bring him whatever he must endure,",unreviewed
iliad,20,138,13,15,"If Achilles does not learn these things from the voice of the gods,",unreviewed
iliad,20,139,13,18,he will fear afterward whenever a god comes face to face with him,unreviewed
iliad,20,140,11,16,"in battle, for the gods are terrible when they appear clearly.”",unreviewed
iliad,20,142,11,15,"“Hera, do not be angry beyond measure; it is not fitting.",unreviewed
iliad,20,143,11,13,"I would not wish to drive the other gods into strife,",unreviewed
iliad,20,145,10,14,"Let us go and sit apart, withdrawing from the battle;",unreviewed
iliad,20,146,5,6,let war concern the men.,unreviewed
iliad,20,154,10,14,"which the Trojans and Pallas Athena had built for him,",unreviewed
iliad,20,155,11,15,that he might escape the sea-monster whenever it drove him,unreviewed
iliad,20,156,6,7,from the shore toward the plain.,unreviewed
iliad,20,158,8,13,around their shoulders they wrapped an unbreakable cloud.,unreviewed
iliad,20,159,9,14,"On the other side, upon the heights of Callicolone,",unreviewed
iliad,20,161,3,6,each devising counsel.,unreviewed
iliad,20,163,8,14,and both hesitated to begin the painful battle;,unreviewed
iliad,20,167,12,16,"Two men, far the best, came eagerly into the space between them,",unreviewed
iliad,20,169,3,6,and divine Achilles.,unreviewed
iliad,20,170,9,16,"Aeneas came first, threatening, nodding beneath his heavy helmet;",unreviewed
iliad,20,172,5,6,and brandished his bronze spear.,unreviewed
iliad,20,173,13,16,"From the other side Peleus’s son came against him like a lion,",unreviewed
iliad,20,174,11,17,a ravager whom all the gathered country people desire to kill.,unreviewed
iliad,20,175,13,15,"At first he goes on, despising them; but when one of the bold,",unreviewed
iliad,20,176,4,5,war-loving young men—,unreviewed
iliad,20,177,13,14,"—and is struck by the spear, and falls back, foaming at the mouth;",unreviewed
iliad,20,178,11,13,"his brave heart groans within him, and he lashes his flanks",unreviewed
iliad,20,179,11,15,"and both his thighs with his tail, driving himself toward battle;",unreviewed
iliad,20,180,11,13,"his green eyes fixed straight ahead, he rushes on in strength,",unreviewed
iliad,20,181,12,15,whether he kills some man or is himself the first to perish.,unreviewed
iliad,20,183,5,7,to meet great-hearted Aeneas.,unreviewed
iliad,20,184,12,18,"When they came near one another, swift-footed divine Achilles spoke first:",unreviewed
iliad,20,185,13,14,"“Aeneas, why have you come so far through the crowd and stood here?",unreviewed
iliad,20,187,11,16,hoping to rule the horse-taming Trojans in Priam’s honor?,unreviewed
iliad,20,188,15,15,"Yet if you should kill me, Priam would not place that prize in your hands;",unreviewed
iliad,20,189,13,14,"he has sons of his own, and his mind is sound, not foolish.",unreviewed
iliad,20,190,13,16,"Or have the Trojans cut out for you, apart from all the others,",unreviewed
iliad,20,194,11,13,"“Before this, I say, I drove you away with my spear.",unreviewed
iliad,20,195,11,16,Do you not remember when you were alone among the cattle?,unreviewed
iliad,20,198,11,16,"from there you escaped to Lyrnessus, while I came after you",unreviewed
iliad,20,200,11,14,"and carried away its women, taking the free day from them.",unreviewed
iliad,20,202,13,17,"Now I do not think they will save you, whatever your heart supposes.",unreviewed
iliad,20,203,14,16,"I tell you: go back into the crowd, and do not stand before me,",unreviewed
iliad,20,204,12,17,before some evil reaches you. A fool learns only after the deed.”,unreviewed
iliad,20,205,3,5,Aeneas answered him:,unreviewed
iliad,20,206,11,13,"“Son of Peleus, do not think to frighten me with words",unreviewed
iliad,20,207,14,18,as though I were a child; I know mockery and shameful speech as well.,unreviewed
iliad,20,208,12,15,We know one another’s birth and have heard the famous words,unreviewed
iliad,20,209,12,16,"of mortal men about our fathers; but you have never seen mine,",unreviewed
iliad,20,210,5,5,nor have I seen yours.,unreviewed
iliad,20,213,10,16,"while I declare myself the son of great-hearted Anchises,",unreviewed
iliad,20,215,12,15,Today the parents of one of us shall mourn a beloved son;,unreviewed
iliad,20,216,12,15,we shall not go back from this battle as children after words.,unreviewed
iliad,20,217,13,14,"“If you wish to learn our lineage, that you may know it well—",unreviewed
iliad,20,218,10,15,many men know it already—then first cloud-gathering Zeus,unreviewed
iliad,20,220,11,16,"before holy Ilium, city of mortal men, had yet been built",unreviewed
iliad,20,222,4,5,of many-springed Ida.,unreviewed
iliad,20,227,6,7,Boreas loved them as they grazed;,unreviewed
iliad,20,228,13,14,"he took the form of a dark-maned stallion and lay with them,",unreviewed
iliad,20,242,6,13,"Laomedon begot Tithonus, Priam, Lampos, Clytius,",unreviewed
iliad,20,244,7,16,"Assaracus begot Capys, and Capys begot Anchises;",unreviewed
iliad,20,245,8,14,"Anchises begot me, and Priam begot divine Hector.",unreviewed
iliad,20,246,11,13,This is the blood and lineage from which I claim descent.,unreviewed
iliad,20,247,8,13,“Zeus increases and diminishes a man’s strength,unreviewed
iliad,20,250,10,13,standing here in the midst of the battle’s slaughter.,unreviewed
iliad,20,251,10,13,"There are insults enough for either of us to speak,",unreviewed
iliad,20,253,4,6,could carry their burden.,unreviewed
iliad,20,254,6,7,"The tongue of mortals is pliant,",unreviewed
iliad,20,256,8,13,a wide pasture of speech in every direction.,unreviewed
iliad,20,258,11,15,"But what need have we to quarrel and accuse one another,",unreviewed
iliad,20,259,11,15,"face to face like women, who, angered by soul-consuming strife,",unreviewed
iliad,20,260,11,16,"go into the middle of the street and reproach one another,",unreviewed
iliad,20,263,11,13,You will not turn me from my eager courage with words;,unreviewed
iliad,20,266,4,4,with bronze-tipped spears.”,unreviewed
iliad,20,267,12,15,"So he spoke, and drove his mighty spear against the dreadful shield;",unreviewed
iliad,20,269,12,14,"But Peleus’s son held the shield away with his broad hand,",unreviewed
iliad,20,270,11,16,thinking that Aeneas’s long-shadowed spear would easily pass through.,unreviewed
iliad,20,271,11,13,He was a fool; he did not understand in his heart,unreviewed
iliad,20,272,11,15,that the glorious gifts of the gods are not easily broken,unreviewed
iliad,20,274,12,14,Yet the mighty spear of wise Aeneas did not break the shield.,unreviewed
iliad,20,284,11,13,"The Pelian ash pierced through, and the shield split beneath it.",unreviewed
iliad,20,285,12,15,Aeneas sprang back and lifted the shield from his body in fear.,unreviewed
iliad,20,286,10,13,"The spear, driven onward, stood in the earth behind him;",unreviewed
iliad,20,287,11,13,its point had passed through both circles of the mortal shield.,unreviewed
iliad,20,294,11,16,"a mighty deed, such as two men of this present generation",unreviewed
iliad,20,295,10,17,could not carry together; but he wielded it easily alone.,unreviewed
iliad,20,296,12,15,There Aeneas would have hurled the stone and struck either the helmet,unreviewed
iliad,20,297,10,13,or the shield that had held off his grievous destruction;,unreviewed
iliad,20,298,14,17,"and Peleus’s son, rushing close, would have taken his life with the sword,",unreviewed
iliad,20,299,9,14,"had not Poseidon, the Earth-Shaker, perceived it quickly.",unreviewed
iliad,20,303,10,15,"will go down to Hades, obeying Apollo the Far-Shooter—",unreviewed
iliad,20,304,11,14,"a fool, since Apollo will not save him from grievous death.",unreviewed
iliad,20,306,10,18,"on account of another’s grief, while he continually offers",unreviewed
iliad,20,309,11,15,lest the son of Cronus grow angry if Achilles kills him.,unreviewed
iliad,20,310,12,17,"It is his destiny to escape, so that the race of Dardanus",unreviewed
iliad,20,311,7,13,may not perish seedless and vanish altogether—,unreviewed
iliad,20,312,11,16,"Dardanus, whom the son of Cronus loved above all the children",unreviewed
iliad,20,314,13,14,For the son of Cronus has come to hate the house of Priam;,unreviewed
iliad,20,315,10,13,"but now the strength of Aeneas shall rule the Trojans,",unreviewed
iliad,20,316,10,14,and the children of his children who are born afterward.”,unreviewed
iliad,20,319,5,7,"whether you will rescue Aeneas,",unreviewed
iliad,20,323,9,15,before all the immortals never to defend the Trojans,unreviewed
iliad,20,325,10,14,in consuming fire and the warlike sons of the Achaeans,unreviewed
iliad,20,326,3,4,set it ablaze.”,unreviewed
iliad,20,329,11,15,and came to the place where Aeneas and glorious Achilles stood.,unreviewed
iliad,20,330,11,14,"At once he spread a mist before the eyes of Achilles,",unreviewed
iliad,20,331,12,14,and drew the bronze spear from the shield of great-hearted Aeneas.,unreviewed
iliad,20,334,10,16,"Across many ranks of heroes, across many ranks of horses,",unreviewed
iliad,20,336,10,13,"and came to the far edge of the tumultuous battle,",unreviewed
iliad,20,340,11,15,to fight face to face with the overbearing son of Peleus?,unreviewed
iliad,20,341,10,14,"He is stronger than you, and dearer to the immortals.",unreviewed
iliad,20,343,11,13,lest you go to the house of Hades beyond your portion.,unreviewed
iliad,20,347,12,13,"So speaking, he left him there, since he had made all clear.",unreviewed
iliad,20,348,11,15,At once he scattered the divine mist from Achilles’s eyes.,unreviewed
iliad,20,353,13,14,but I see no man at whom I hurled it in my fury.,unreviewed
iliad,20,354,10,13,So Aeneas too must be dear to the immortal gods;,unreviewed
iliad,20,356,10,13,"Away with him! His spirit shall not try me again,",unreviewed
iliad,20,361,4,7,calling to every man:,unreviewed
iliad,20,362,10,14,"“No longer stand far off from the Trojans, divine Achaeans;",unreviewed
iliad,20,363,11,13,"let man go against man, and let each desire to fight.",unreviewed
iliad,20,366,8,14,"Not even Ares, an immortal god, or Athena",unreviewed
iliad,20,368,4,5,and labor through it.,unreviewed
iliad,20,371,11,13,"even for a little; I will go straight through the ranks,",unreviewed
iliad,20,374,11,14,Thus he urged them on. On the Trojan side glorious Hector,unreviewed
iliad,20,375,9,15,called aloud and commanded them to go against Achilles:,unreviewed
iliad,20,377,9,13,"I could fight even with words against the immortals,",unreviewed
iliad,20,378,12,13,"but with the spear it is hard, for they are far stronger.",unreviewed
iliad,20,379,8,14,Nor will Achilles bring every word to fulfillment;,unreviewed
iliad,20,380,11,16,"one thing he will accomplish, another he will cut short halfway.",unreviewed
iliad,20,381,12,14,"I will go against him, even if his hands are like fire,",unreviewed
iliad,20,383,13,16,"So he urged them on; and the Trojans lifted their spears against him,",unreviewed
iliad,20,385,7,13,"Then Phoebus Apollo, standing beside Hector, spoke:",unreviewed
iliad,20,386,9,13,"“Hector, no longer fight Achilles in the first ranks.",unreviewed
iliad,20,387,9,15,"Receive him among the multitude, away from the tumult;",unreviewed
iliad,20,388,13,14,lest he strike you with a spear or wound you at close quarters.”,unreviewed
iliad,20,389,11,14,"So he spoke; and Hector again entered the ranks of men,",unreviewed
iliad,20,397,6,6,in the rich land of Hyde.,unreviewed
iliad,20,398,11,15,Divine Achilles struck him straight through the middle of the head,unreviewed
iliad,20,400,6,6,and he fell with a crash.,unreviewed
iliad,20,403,5,7,most terrible of all men.,unreviewed
iliad,20,404,12,16,"Here is your death; your father’s estate is beside Lake Gygaea,",unreviewed
iliad,20,407,10,13,So he boasted; and darkness covered the man’s eyes.,unreviewed
iliad,20,410,7,13,"Then Achilles struck Demoleon, son of Antenor,",unreviewed
iliad,20,412,11,13,driving the spear through the bronze cheek-piece of his helmet.,unreviewed
iliad,20,417,9,13,"Then he struck Hippodamas, who sprang from his horses",unreviewed
iliad,20,420,10,13,when young men drag it around the lord of Helicon;,unreviewed
iliad,20,424,9,14,"Then he went with his spear against godlike Polydorus,",unreviewed
iliad,20,430,4,7,"displaying his childish swiftness,",unreviewed
iliad,20,432,12,17,Swift-footed divine Achilles struck him in the middle of his back,unreviewed
iliad,20,433,13,16,"as he ran past, where the golden fastenings of his belt held him,",unreviewed
iliad,20,434,5,7,and the doubled corselet met.,unreviewed
iliad,20,437,6,7,and a dark cloud covered him;,unreviewed
iliad,20,438,11,14,"he crouched toward the earth, holding his entrails in his hands.",unreviewed
iliad,20,441,6,7,a mist spread over his eyes.,unreviewed
iliad,20,446,4,4,and spoke in triumph:,unreviewed
iliad,20,450,5,5,through the paths of war.”,unreviewed
iliad,20,452,12,15,"“Come nearer, that you may reach the limits of death more quickly.”",unreviewed
iliad,20,454,11,14,"“Son of Peleus, do not expect to frighten me with words",unreviewed
iliad,20,455,12,16,as though I were a child. I know mockery and shameful speech,unreviewed
iliad,20,456,13,13,"as well as you do. I know that you are a good man,",unreviewed
iliad,20,459,11,13,"Perhaps, though I am the weaker, I may take your life",unreviewed
iliad,20,460,14,17,by striking you with my spear; for my weapon too has been sharp before.”,unreviewed
iliad,20,461,11,14,"So speaking, he cast his spear; but Athena turned it back",unreviewed
iliad,20,465,5,6,and fell before his feet.,unreviewed
iliad,20,472,11,13,"But when he rushed a fourth time, equal to a spirit,",unreviewed
iliad,20,475,8,14,Surely evil came near you; but Phoebus Apollo,unreviewed
iliad,20,479,12,14,when we meet again—if some god stands beside me as well.,unreviewed
iliad,20,482,11,13,"So speaking, he struck Dryops in the middle of the neck",unreviewed
iliad,20,486,12,14,striking him in the knee with his spear and holding him back;,unreviewed
iliad,20,491,10,13,and striking the other at close quarters with his sword.,unreviewed
iliad,20,494,10,13,"and that Achilles, pitying a man of his own age,",unreviewed
iliad,20,495,4,4,would not kill him.,unreviewed
iliad,20,496,11,15,Fool! He did not understand what he was about to suffer.,unreviewed
iliad,20,497,7,13,"Achilles was not gentle-hearted or merciful,",unreviewed
iliad,20,498,3,6,but terribly enraged.,unreviewed
iliad,20,504,6,7,with his spear beneath the ear;,unreviewed
iliad,20,512,7,7,with the bronze point through the flesh.,unreviewed
iliad,20,519,8,13,"Then Achilles went against Rigmus, son of Peireus,",unreviewed
iliad,20,520,7,7,who had come from rich-soiled Thrace.,unreviewed
iliad,20,523,6,7,and he fell from the chariot.,unreviewed
iliad,20,525,6,7,"who had turned the horses back,",unreviewed
iliad,20,526,7,7,"in the back with his sharp spear,",unreviewed
iliad,20,527,12,16,and drove him from the car; his horses were thrown into confusion.,unreviewed
iliad,20,528,10,15,"As a fire, divinely sent, rages in the deep valleys",unreviewed
iliad,20,530,9,15,while the wind drives the flame in every direction—,unreviewed
iliad,20,531,8,13,"so he rushed everywhere, equal to a spirit,",unreviewed
iliad,20,533,7,7,and the black earth ran with blood.,unreviewed
iliad,20,539,9,14,the single-hoofed horses trampled corpses and shields together;,unreviewed
iliad,20,540,10,14,all beneath the axle and the rims around the chariot,unreviewed
iliad,20,541,4,5,"were spattered with blood,",unreviewed
iliad,21,2,8,13,"the whirling Xanthus, whom immortal Zeus had fathered,",unreviewed
iliad,21,3,12,16,"Achilles cut some of them apart and drove them toward the plain,",unreviewed
iliad,21,4,10,14,toward the city where the Achaeans had fled in terror,unreviewed
iliad,21,5,9,13,"the day before, when glorious Hector raged among them.",unreviewed
iliad,21,6,12,16,"They poured forward in flight; Hera spread a deep darkness before them,",unreviewed
iliad,21,7,11,16,and half of them were driven into the silver-whirling river.,unreviewed
iliad,21,8,12,13,"They fell with a great crash; the steep banks roared around them,",unreviewed
iliad,21,9,14,16,"and the men swam here and there, whirling in the eddies with a cry.",unreviewed
iliad,21,11,11,20,"toward a river, while the tireless flame rushes suddenly upon them,",unreviewed
iliad,21,12,9,15,and they cower beneath the water—so beneath Achilles,unreviewed
iliad,21,14,4,5,of horses and men.,unreviewed
iliad,21,17,12,16,"he leaped into the river like a god, carrying only his sword,",unreviewed
iliad,21,19,10,14,turning from side to side; and an unlovely groan rose,unreviewed
iliad,21,20,11,13,"from those he cut, while the water grew red with blood.",unreviewed
iliad,21,21,12,14,As fish flee a great sea-beast and fill the hidden corners,unreviewed
iliad,21,22,9,13,"of a well-sheltered harbor, terrified—for it devours",unreviewed
iliad,21,23,9,14,whatever it can seize—so the Trojans cowered beneath,unreviewed
iliad,21,25,11,14,"when his hands grew weary of killing, chose twelve living youths",unreviewed
iliad,21,26,10,15,"from the stream as payment for Patroclus, son of Menoetius,",unreviewed
iliad,21,27,3,3,who had died.,unreviewed
iliad,21,30,9,14,"the straps they themselves wore upon their folded tunics,",unreviewed
iliad,21,32,4,5,to the hollow ships.,unreviewed
iliad,21,34,10,13,"There he met the son of Priam, the Dardanian Lycaon,",unreviewed
iliad,21,36,10,14,"had once led away captive from his father’s orchard,",unreviewed
iliad,21,37,10,14,coming upon him by night while he cut young branches,unreviewed
iliad,21,38,14,15,from a fig tree with sharp bronze to make the rails of a chariot.,unreviewed
iliad,21,39,8,16,An unforeseen evil then came upon divine Achilles.,unreviewed
iliad,21,44,11,13,from there he escaped and came to his father’s house.,unreviewed
iliad,21,45,10,16,Eleven days he delighted his heart among his dear ones,unreviewed
iliad,21,47,10,14,"a god cast him again into the hands of Achilles,",unreviewed
iliad,21,48,9,14,who was destined to send him unwillingly to Hades.,unreviewed
iliad,21,51,10,13,"he had thrown all these aside, for sweat and weariness",unreviewed
iliad,21,52,11,13,from his flight out of the river weighed upon his knees—,unreviewed
iliad,21,58,11,14,having crossed the kindly sea—though the sea’s gray surface,unreviewed
iliad,21,64,6,7,though it holds even the strong.”,unreviewed
iliad,21,67,6,7,the evil death and black fate.,unreviewed
iliad,21,68,9,13,"Divine Achilles raised his long spear, eager to strike;",unreviewed
iliad,21,69,11,13,"but Lycaon ran beneath it, bent down, and grasped his knees.",unreviewed
iliad,21,72,10,15,With one hand he clasped Achilles’s knees in supplication;,unreviewed
iliad,21,73,13,16,with the other he held the sharpened spear and would not release it.,unreviewed
iliad,21,74,5,5,He spoke in winged words:,unreviewed
iliad,21,75,10,14,"“I clasp your knees, Achilles; respect me and pity me.",unreviewed
iliad,21,76,10,13,"I come before you as a suppliant, fostered by Zeus.",unreviewed
iliad,21,77,11,13,With you I first ate the fruit of Demeter’s field,unreviewed
iliad,21,78,11,13,"on the day you captured me in the well-built orchard,",unreviewed
iliad,21,80,11,13,"to sacred Lemnos, where you sold me for a hundred oxen.",unreviewed
iliad,21,83,10,15,after enduring much; now evil fate has placed me again,unreviewed
iliad,21,89,10,13,"Priam took her as a wife, among his many wives;",unreviewed
iliad,21,90,15,15,"we were two sons born of her, and you will cut the throats of both—",unreviewed
iliad,21,96,14,16,"But I will tell you another thing, and lay it up in your heart:",unreviewed
iliad,21,97,11,13,"do not kill me. I am not Hector’s full brother,",unreviewed
iliad,21,101,11,13,"“Fool, do not speak to me of ransom or make speeches.",unreviewed
iliad,21,104,11,14,and I captured many alive and sold them beyond the sea.,unreviewed
iliad,21,106,10,13,whom a god casts before my hands here before Ilium—,unreviewed
iliad,21,107,14,15,"not one of all the Trojans, and least of all a son of Priam.",unreviewed
iliad,21,109,10,13,"Patroclus died too, though he was far better than you.",unreviewed
iliad,21,111,13,16,"I am the son of a noble father, and a goddess bore me;",unreviewed
iliad,21,112,10,13,yet death and powerful fate stand over me as well.,unreviewed
iliad,21,116,12,14,So he spoke; and Lycaon’s knees and dear heart were loosened.,unreviewed
iliad,21,118,11,14,"Achilles drew his sharp sword and struck him beside the neck,",unreviewed
iliad,21,122,12,16,"Achilles seized him by the foot and cast him into the river,",unreviewed
iliad,21,123,6,7,and spoke over him in triumph:,unreviewed
iliad,21,125,11,13,from your wound without care. Your mother will not lay you,unreviewed
iliad,21,126,9,13,upon a bier and mourn you; the whirling Scamander,unreviewed
iliad,21,130,9,14,"Perish, until we reach the holy city of Ilium—",unreviewed
iliad,21,132,10,14,"Nor will the river, though fair-flowing and silver-whirling,",unreviewed
iliad,21,133,12,15,"save you, to which for so long you have sacrificed many bulls",unreviewed
iliad,21,134,9,14,and cast living single-hoofed horses into the eddies.,unreviewed
iliad,21,136,10,13,until all of you have paid for Patroclus’s death,unreviewed
iliad,21,138,11,14,whom you killed beside the swift ships while I was away.”,unreviewed
iliad,21,140,10,13,"within his heart, and pondered how to make the godlike",unreviewed
iliad,21,141,10,14,"Achilles cease from his labor, and ward from the Trojans",unreviewed
iliad,21,142,9,13,"the doom that followed. Meanwhile the son of Peleus,",unreviewed
iliad,21,143,8,14,"holding his long-shadowed spear, sprang upon Asteropaeus,",unreviewed
iliad,21,144,11,14,"the son of Pelegon, resolved in his heart to slay him.",unreviewed
iliad,21,146,6,14,"and Periboea, eldest daughter of Acessamenus;",unreviewed
iliad,21,148,11,15,"Against him Achilles rushed; but he stood forth from the River,",unreviewed
iliad,21,149,10,14,"holding two spears, for Xanthus had set courage within him,",unreviewed
iliad,21,150,9,13,"angered at the young men slain, whom Achilles butchered",unreviewed
iliad,21,154,11,15,to come against me? Unhappy are the children of those men,unreviewed
iliad,21,155,6,7,who meet my strength in battle.”,unreviewed
iliad,21,157,11,15,"“Great-hearted son of Peleus, why do you question my lineage?",unreviewed
iliad,21,159,10,14,leading the long-speared Paeonians; and this is the eleventh,unreviewed
iliad,21,160,13,15,"dawn since I came to Ilium. But my blood is from the Axios,",unreviewed
iliad,21,163,8,14,"the famous spearman Pelegon, and Pelegon, men say,",unreviewed
iliad,21,165,9,14,"He spoke, and threatened him. Then shining Achilles lifted",unreviewed
iliad,21,166,7,14,"the Pelian ash; but Asteropaeus, being ambidextrous,",unreviewed
iliad,21,167,11,13,"cast both his spears together. With one he struck the shield,",unreviewed
iliad,21,169,11,13,"held it fast. With the other he struck the right forearm,",unreviewed
iliad,21,170,10,13,slanting above the elbow; and the dark blood sprang forth.,unreviewed
iliad,21,172,10,13,"longing to drink his flesh. Then Achilles, in his turn,",unreviewed
iliad,21,176,12,14,The son of Peleus drew the sharp sword from beside his thigh,unreviewed
iliad,21,177,10,14,"and leapt upon him, fierce to strike. Asteropaeus could not",unreviewed
iliad,21,178,11,13,with his broad hand wrench Achilles’ ash from the steep bank.,unreviewed
iliad,21,182,12,14,"the ash-spear of Aeacus’ son. But before that could be done,",unreviewed
iliad,21,187,9,14,"Achilles sprang upon his breast, stripped away his armor,",unreviewed
iliad,21,188,5,7,"and, exulting, spoke this word:",unreviewed
iliad,21,190,11,15,"of mighty Cronus, even when one is born from a river.",unreviewed
iliad,21,191,11,13,You said that you were sprung from a wide-flowing River;,unreviewed
iliad,21,193,10,15,"My father was a man who ruled over many Myrmidons,",unreviewed
iliad,21,194,10,13,"Peleus, son of Aeacus; and Aeacus was born from Zeus.",unreviewed
iliad,21,195,10,14,"Zeus is mightier than rivers flowing into the salt sea,",unreviewed
iliad,21,196,12,15,and the offspring of Zeus is mightier than a river’s child.,unreviewed
iliad,21,197,13,15,"For you have beside you a great River, if he can help you;",unreviewed
iliad,21,199,9,14,"Not even lordly Achelous can equal him in strength,",unreviewed
iliad,21,200,10,15,"nor Oceanus, deep-flowing and mighty, from whom all rivers,",unreviewed
iliad,21,201,10,16,"every sea, every spring, and every deep well are born.",unreviewed
iliad,21,202,9,14,Yet even Oceanus fears the thunderbolt of great Zeus,unreviewed
iliad,21,203,10,15,"and the terrible thunder, when it crashes down from heaven.”",unreviewed
iliad,21,205,12,15,"but left the other there, since he had taken away his life.",unreviewed
iliad,21,206,11,13,"He lay upon the sands, and the black water drenched him.",unreviewed
iliad,21,209,8,13,"Achilles went on against the Paeonians, horse-crested,",unreviewed
iliad,21,212,11,13,by the hands of Peleus’ son and by his mighty sword.,unreviewed
iliad,21,213,7,14,"There he seized Thersilochus, Mydon, and Astypylus,",unreviewed
iliad,21,218,13,18,"appearing in the likeness of a man and speaking from his deep whirl,",unreviewed
iliad,21,219,4,6,addressed him in anger:,unreviewed
iliad,21,220,12,16,"“Achilles, you surpass in strength, and you do deeds beyond all measure",unreviewed
iliad,21,221,10,16,against men; for the gods themselves are ever your defenders.,unreviewed
iliad,21,222,13,17,"If the son of Cronus has granted you all the Trojans to destroy,",unreviewed
iliad,21,223,14,16,"drive them from me at least, and do your dreadful work upon the plain;",unreviewed
iliad,21,224,9,15,"for my lovely channels are already filled with corpses,",unreviewed
iliad,21,225,14,15,"and I can find no way to pour my stream into the bright sea,",unreviewed
iliad,21,226,12,15,"so choked am I with the dead, while you kill without pity.",unreviewed
iliad,21,227,10,14,"Come now, desist; dread seizes me, shepherd of the people.”",unreviewed
iliad,21,229,10,14,"“It shall be so, Zeus-nurtured Scamander, as you command;",unreviewed
iliad,21,230,10,16,but I will not cease from slaughtering the overweening Trojans,unreviewed
iliad,21,231,12,16,until I have driven them beneath their city and tried my strength,unreviewed
iliad,21,232,10,14,"against Hector face to face—whether he shall master me,",unreviewed
iliad,21,233,5,6,or I shall master him.”,unreviewed
iliad,21,234,11,13,"So he spoke, and like a god sprang upon the Trojans.",unreviewed
iliad,21,238,9,13,who charged you earnestly to stand beside the Trojans,unreviewed
iliad,21,243,9,13,"But the River rushed upon him, raging and swelling;",unreviewed
iliad,21,244,9,14,"he stirred all his channels into confusion, pushed onward",unreviewed
iliad,21,245,11,16,the many corpses that lay thick about him—those whom Achilles,unreviewed
iliad,21,248,8,13,"within his beautiful channels, hiding them in deep,",unreviewed
iliad,21,249,2,3,great whirlpools.,unreviewed
iliad,21,250,9,15,"Around Achilles stood a terrible wave, tossed and seething;",unreviewed
iliad,21,253,11,13,"a great and flourishing elm; but it fell from its roots,",unreviewed
iliad,21,255,9,13,"and checked the lovely channels with its thick branches,",unreviewed
iliad,21,257,12,13,"out of the whirl and fled across the plain on swift feet,",unreviewed
iliad,21,258,13,14,"in fear; yet the great god did not cease, but rose against him,",unreviewed
iliad,21,259,9,13,"dark-crested, that he might make the godlike Achilles",unreviewed
iliad,21,261,12,15,"The son of Peleus leapt as far as a black hunting eagle,",unreviewed
iliad,21,263,11,14,"launches itself; so he flew, and the bronze upon his breast",unreviewed
iliad,21,264,9,13,"rang terribly. Beneath him he turned aside and fled,",unreviewed
iliad,21,265,8,14,while the River followed behind with mighty uproar.,unreviewed
iliad,21,267,9,13,"guides its running course among the plants and gardens,",unreviewed
iliad,21,268,10,14,holding a mattock in his hands and casting the barriers,unreviewed
iliad,21,269,9,13,from the channel; while the stones are all upheaved,unreviewed
iliad,21,270,10,16,"beneath the water rushing forth, and the stream, descending swiftly,",unreviewed
iliad,21,271,10,14,"gurgles through the hollow land, and outruns even the guide—",unreviewed
iliad,21,272,11,18,so always the wave of the River overtook swift-footed Achilles.,unreviewed
iliad,21,274,8,13,"As often as shining, swift-footed Achilles tried",unreviewed
iliad,21,275,10,16,"to stand against it and discover whether all the immortals,",unreviewed
iliad,21,276,10,13,"who possess the wide heaven, were driving him in fear,",unreviewed
iliad,21,277,10,13,so often the great wave of the heaven-fed River,unreviewed
iliad,21,278,11,13,"struck him above the shoulders. He leapt high with his feet,",unreviewed
iliad,21,279,9,14,"his spirit in anguish; but the River, rushing beneath,",unreviewed
iliad,21,280,12,13,struck at his knees and swept the dust from under his feet.,unreviewed
iliad,21,281,11,15,"Then the son of Peleus groaned, looking into the wide heaven:",unreviewed
iliad,21,282,11,14,"“Father Zeus, how has no god stood beside me in pity",unreviewed
iliad,21,283,12,16,to save me from the River? Afterward let any other grief come.,unreviewed
iliad,21,284,12,16,"No other one of the heavenly gods is so greatly to blame,",unreviewed
iliad,21,286,11,14,she told me that beneath the wall of the armored Trojans,unreviewed
iliad,21,289,14,14,"and was the best of men! Then a good man would have killed me,",unreviewed
iliad,21,290,12,13,and a good man stripped my armor. But now fate has decreed,unreviewed
iliad,21,292,10,13,"caught in the great River, like a swineherd’s boy",unreviewed
iliad,21,293,11,15,whom a torrent sweeps away as he crosses it in winter.”,unreviewed
iliad,21,294,12,18,"So he spoke; and Poseidon and Athena came very swiftly near him,",unreviewed
iliad,21,295,12,14,likened in form to mortal men. They took him by the hand,unreviewed
iliad,21,296,9,14,and strengthened him with words. Earth-shaking Poseidon began:,unreviewed
iliad,21,297,11,14,"“Son of Peleus, do not fear so greatly, nor be afraid;",unreviewed
iliad,21,298,12,15,"for we two are beside you, a strong defense among the gods,",unreviewed
iliad,21,299,8,14,with Zeus’s approval—myself and Pallas Athena.,unreviewed
iliad,21,300,11,14,It is not your fate to be overcome by this River;,unreviewed
iliad,21,302,12,14,"But we shall give you good counsel, if you will obey us:",unreviewed
iliad,21,307,11,13,go back again to the ships; and we grant you glory.”,unreviewed
iliad,21,308,9,15,"Having spoken thus, the two withdrew among the immortals.",unreviewed
iliad,21,309,11,17,"Achilles went out upon the plain, compelled by the mighty command",unreviewed
iliad,21,310,12,14,of the gods. All the plain was filled with water poured abroad;,unreviewed
iliad,21,311,11,15,"many fine weapons of the young men slain, and many corpses,",unreviewed
iliad,21,312,10,16,floated upon it. Achilles leapt high above the rising stream,unreviewed
iliad,21,313,10,14,and sprang straight against the current; the broad-flowing River,unreviewed
iliad,21,314,12,15,"could not hold him back, for Athena had given him great strength.",unreviewed
iliad,21,315,13,17,Nor did Scamander lay aside his own might. He was angered still more,unreviewed
iliad,21,316,12,16,"against Peleus’s son, and lifted the wave of his current high;",unreviewed
iliad,21,323,9,13,"raise a mighty wave, and awaken a great uproar",unreviewed
iliad,21,324,11,13,"of trees and stones, that we may stop this savage man,",unreviewed
iliad,21,325,12,14,who now prevails and is bent on being equal to the gods.,unreviewed
iliad,21,326,10,13,For I declare that neither his strength nor his beauty,unreviewed
iliad,21,327,10,13,nor his bright armor shall help him—those armor-pieces,unreviewed
iliad,21,331,13,16,"to gather up his bones, so much ruin will I heap upon him.",unreviewed
iliad,21,332,12,14,"There, too, his monument shall be made; he shall have no need",unreviewed
iliad,21,334,9,13,"So he spoke, and rushed upon Achilles, tossing high,",unreviewed
iliad,21,336,10,14,"The purple wave of the heaven-fed River stood lifted,",unreviewed
iliad,21,338,10,16,"Then white-armed Hera cried aloud, greatly afraid for Achilles,",unreviewed
iliad,21,339,9,13,lest the deep-eddying River should carry him away.,unreviewed
iliad,21,341,10,13,"“Rise, my lame-footed child. Opposite you we have made",unreviewed
iliad,21,343,11,14,"Come swiftly to his aid, and make a mighty flame appear.",unreviewed
iliad,21,344,14,15,But I will bring from the sea a bitter storm of the West Wind,unreviewed
iliad,21,348,13,18,"along the banks of Xanthus, and cast the fire into the River itself.",unreviewed
iliad,21,353,12,15,First the fire spread across the plain and burned the many corpses,unreviewed
iliad,21,355,12,14,"the whole plain was dried, and the bright water was held back.",unreviewed
iliad,21,357,8,15,"the newly watered garden, and the gardener rejoices,",unreviewed
iliad,21,359,9,13,then Hephaestus turned his bright flame toward the River.,unreviewed
iliad,21,362,11,17,which had grown in abundance around the River’s lovely banks.,unreviewed
iliad,21,365,7,13,distressed by the breath of resourceful Hephaestus.,unreviewed
iliad,21,366,12,14,The River’s strength was burning; he spoke and called by name:,unreviewed
iliad,21,367,9,13,"“Hephaestus, no god can stand against you in contest,",unreviewed
iliad,21,368,11,13,"nor could I fight with you here, against this blazing fire.",unreviewed
iliad,21,372,11,15,"He spoke, burning in the fire; and the lovely channels boiled.",unreviewed
iliad,21,373,11,13,"As when a cauldron boils within, urged by a great fire,",unreviewed
iliad,21,374,12,16,"melting the fat of a tender, well-fed hog on every side,",unreviewed
iliad,21,376,12,16,"so his lovely channels were burned by fire, and the water boiled;",unreviewed
iliad,21,378,8,13,and the breath of thoughtful Hephaestus tormented him.,unreviewed
iliad,21,379,10,13,Then he addressed white-armed Hera with many winged words:,unreviewed
iliad,21,380,13,17,"“Hera, why has your son afflicted my stream for the sake of others?",unreviewed
iliad,21,384,12,16,and let that other one cease also. I swear you this besides:,unreviewed
iliad,21,385,11,15,"never again will I ward the evil day from the Trojans,",unreviewed
iliad,21,387,10,13,and the warlike sons of the Achaeans set it ablaze.”,unreviewed
iliad,21,388,12,14,"When the white-armed goddess Hera heard him, she at once spoke",unreviewed
iliad,21,390,10,14,"“Hephaestus, glorious child, hold back; for it is not fitting",unreviewed
iliad,21,391,11,17,that an immortal god should scourge another so harshly for mortals.”,unreviewed
iliad,21,393,8,14,The lovely wave withdrew backward into its channels.,unreviewed
iliad,21,396,3,3,held them back.,unreviewed
iliad,21,397,9,14,Among the other gods a heavy quarrel now arose;,unreviewed
iliad,21,398,10,13,"hard strife divided them, and their hearts were blown apart.",unreviewed
iliad,21,399,12,15,"They fell together with a mighty crash, and the broad earth groaned;",unreviewed
iliad,21,401,10,14,"sitting upon Olympus, and his dear heart laughed for joy,",unreviewed
iliad,21,402,10,13,when he saw the gods coming together in their strife.,unreviewed
iliad,21,403,11,14,"They did not stand apart for long. Ares, the shield-piercer,",unreviewed
iliad,21,404,10,14,"began, and first sprang upon Athena with his bronze spear;",unreviewed
iliad,21,405,6,7,he spoke a word of reproach:,unreviewed
iliad,21,406,11,14,"“Why again, dog-faced one, do you drive the gods together",unreviewed
iliad,21,407,10,13,"in strife, with this unwearied boldness, while your great heart",unreviewed
iliad,21,408,11,16,"urges you on? Do you not remember when you stirred Diomedes,",unreviewed
iliad,21,409,12,14,"son of Tydeus, to wound me, and yourself took up his spear,",unreviewed
iliad,21,411,13,15,Therefore I think I shall now make you pay for all you did.”,unreviewed
iliad,21,415,10,13,"But Athena drew back, and with her broad hand lifted",unreviewed
iliad,21,416,11,13,"a dark, rough, mighty stone that men of an earlier age",unreviewed
iliad,21,419,11,14,and loosed his limbs. Seven acres covered him as he fell;,unreviewed
iliad,21,420,10,13,"the dust rose about his hair, and his armor clattered.",unreviewed
iliad,21,421,8,13,"Pallas Athena laughed and, boasting over him, spoke:",unreviewed
iliad,21,422,13,14,"“Fool! You have not yet learned how much stronger I claim to be,",unreviewed
iliad,21,426,11,18,now plots evil for you while you defend the overweening Trojans.,unreviewed
iliad,21,430,10,14,"Then Aphrodite, daughter of Zeus, took Ares by the hand,",unreviewed
iliad,21,431,10,18,groaning heavily; and with difficulty he gathered back his spirit.,unreviewed
iliad,21,432,12,13,"When white-armed Hera saw her, she at once spoke winged words",unreviewed
iliad,21,433,9,13,"to Athena, daughter of Zeus who bears the aegis:",unreviewed
iliad,21,434,10,13,"“Ah me, child of the aegis-bearing Zeus, unwearied one!",unreviewed
iliad,21,435,11,15,There is that dog-faced woman leading the man-destroyer Ares,unreviewed
iliad,21,437,3,4,Go after her.”,unreviewed
iliad,21,438,11,14,"So she spoke; and Athena rushed after them, glad at heart.",unreviewed
iliad,21,444,9,16,whenever they fought the armored Argives—bold and enduring,unreviewed
iliad,21,447,11,14,ended the war and sacked the well-built city of Ilium.”,unreviewed
iliad,21,449,8,14,Then the mighty Earth-shaker addressed Phoebus Apollo:,unreviewed
iliad,21,452,11,17,"It would be shameful if we went unchallenged back to Olympus,",unreviewed
iliad,21,453,12,14,"to the bronze-floored house of Zeus. Begin, since you are younger;",unreviewed
iliad,21,455,5,5,and know more than you.”,unreviewed
iliad,21,458,12,15,"if I should fight with you for the sake of pitiful mortals,",unreviewed
iliad,21,459,12,14,"who are like the leaves of trees: for a time they flourish,",unreviewed
iliad,21,460,12,14,"eating the fruit of the field, and for a time they wither,",unreviewed
iliad,21,463,11,17,"“Have you forgotten all the evils we two suffered around Ilium,",unreviewed
iliad,21,464,10,14,"alone among the gods, when we came to proud Laomedon",unreviewed
iliad,21,465,13,13,"from Zeus and served him for a full year at a fixed wage,",unreviewed
iliad,21,466,10,15,under whatever orders he gave? I built for the Trojans,unreviewed
iliad,21,468,10,15,"so that the city might be unbroken; while you, Phoebus,",unreviewed
iliad,21,469,9,14,"kept the long-horned, twisting-footed cattle of Laomedon",unreviewed
iliad,21,471,11,13,"But when the joyful seasons brought the wage due at last,",unreviewed
iliad,21,472,9,14,"then mighty Laomedon cheated us of all our payment,",unreviewed
iliad,21,474,13,16,"our hands and feet above us, and sell us beyond the distant islands;",unreviewed
iliad,21,475,14,15,he boasted that he would cut the ears from both of us with bronze.,unreviewed
iliad,21,476,10,13,"So we went back in anger, resentful of the wage",unreviewed
iliad,21,478,13,15,"And now you bring favor to his people, nor will you join us,",unreviewed
iliad,21,479,7,14,"that the overweening Trojans may perish utterly,",unreviewed
iliad,21,485,9,15,"feeding upon the harvest of earth; another they wither,",unreviewed
iliad,21,489,11,14,to join battle with his father’s brother in his hands.,unreviewed
iliad,21,490,11,17,"His sister, the lady of the wild, Artemis, rebuked him sharply:",unreviewed
iliad,21,491,10,14,"“You flee, far-shooter, and have given all the victory",unreviewed
iliad,21,492,8,13,"to Poseidon, granting him glory for nothing. Fool!",unreviewed
iliad,21,493,13,18,Why do you carry a useless bow? May I never hear you again,unreviewed
iliad,21,494,11,14,"boasting in our father’s halls, as once you did among",unreviewed
iliad,21,495,11,15,"the immortal gods, that you would fight Poseidon face to face.”",unreviewed
iliad,21,496,10,13,So she spoke; but the far-shooter answered her nothing.,unreviewed
iliad,21,497,11,16,"Then the revered wife of Zeus, angry, rebuked the archer goddess:",unreviewed
iliad,21,498,10,13,"“How now? You shameless hound, do you intend to stand",unreviewed
iliad,21,500,12,13,though you carry the bow; for Zeus has made you a lion,unreviewed
iliad,21,501,10,13,"among women, and granted you to kill whom you will.",unreviewed
iliad,21,502,10,14,"Better it is to destroy wild beasts upon the mountains,",unreviewed
iliad,21,503,12,15,"and the forest deer, than to contend in strength with the stronger.",unreviewed
iliad,21,504,12,13,"But if you wish to learn war, that you may know clearly",unreviewed
iliad,21,505,12,14,"how much stronger I am, since you match your strength against mine—”",unreviewed
iliad,21,509,11,15,as Artemis twisted to and fro; and the swift arrows fell.,unreviewed
iliad,21,511,12,15,"as a dove, flying before a hawk, darts into a hollow rock;",unreviewed
iliad,21,512,14,15,for it was not her fate to be taken. So she fled in tears,unreviewed
iliad,21,514,10,14,"Then Hermes, the guide and slayer of Argus, addressed Leto:",unreviewed
iliad,21,515,12,13,"“Leto, I will not fight with you; it is a hard thing",unreviewed
iliad,21,516,11,14,"to box with the wives of Zeus, gatherer of the clouds.",unreviewed
iliad,21,517,11,17,"But among the immortal gods, boast freely that you defeated me",unreviewed
iliad,21,518,4,4,by your strong might.”,unreviewed
iliad,21,519,11,14,"So he spoke; and Leto gathered the curved bow and arrows,",unreviewed
iliad,21,522,12,13,"“Leto, I will not fight with you; it is a hard thing",unreviewed
iliad,21,523,10,13,"to box with the wives of Zeus, gatherer of clouds.",unreviewed
iliad,21,524,11,17,"But among the immortal gods, boast freely that you defeated me",unreviewed
iliad,21,525,4,4,by your strong might.”,unreviewed
iliad,21,526,11,14,"So he spoke; and Leto gathered the curved bow and arrows,",unreviewed
iliad,21,529,11,15,"Artemis came to Olympus, to the bronze-floored house of Zeus;",unreviewed
iliad,21,530,12,17,"weeping, she sat upon her father’s knees, and her ambrosial robe",unreviewed
iliad,21,531,11,15,"quivered around her. Her father, Cronus’s son, took her close,",unreviewed
iliad,21,532,5,7,"smiling sweetly, and asked her:",unreviewed
iliad,21,534,10,13,as though you had been caught openly in some wrongdoing?”,unreviewed
iliad,21,537,10,15,from her arise the strife and quarrels among the immortals.”,unreviewed
iliad,21,538,10,19,"While they spoke thus together, Phoebus Apollo entered holy Ilium;",unreviewed
iliad,21,539,12,14,"for his thought was fixed upon the city’s well-built wall,",unreviewed
iliad,21,540,12,13,lest the Danaans should sack it on that day beyond its fate.,unreviewed
iliad,21,541,10,16,"The other gods, who live forever, went back toward Olympus,",unreviewed
iliad,21,542,10,15,"some angry and some greatly exulting, and sat down beside",unreviewed
iliad,21,543,10,14,"their father, wrapped in dark cloud. But Achilles kept killing",unreviewed
iliad,21,544,10,15,"the Trojans themselves, and their single-hoofed horses with them.",unreviewed
iliad,21,545,12,16,"As when smoke rises to the wide heaven from a city burning,",unreviewed
iliad,21,547,10,15,"bringing toil to all and many sorrows upon the people,",unreviewed
iliad,21,548,9,14,so Achilles brought toil and sorrow upon the Trojans.,unreviewed
iliad,21,549,11,13,"The old king Priam stood upon the tower of the god,",unreviewed
iliad,21,550,8,14,and saw enormous Achilles. Beneath him the Trojans,unreviewed
iliad,21,553,8,13,and urged the famous gatekeepers along the wall:,unreviewed
iliad,21,554,11,15,“Keep the gates open in your hands until the people reach,unreviewed
iliad,21,556,12,16,driving them before him. Now I think evil will come upon us.,unreviewed
iliad,21,557,10,13,"But when they have drawn breath together within the wall,",unreviewed
iliad,21,558,9,13,close the strong-fitted doors again upon their sockets;,unreviewed
iliad,21,559,11,14,I fear that this savage man may spring into the city.”,unreviewed
iliad,21,560,13,15,So he spoke; and they opened the gates and thrust back the bars.,unreviewed
iliad,21,562,13,18,"Then Apollo leapt out to meet them, to ward destruction from the Trojans.",unreviewed
iliad,21,563,11,14,"The Trojans fled straight toward the city and the high wall,",unreviewed
iliad,21,566,12,15,"violent fury held his heart, and he yearned to win the glory.",unreviewed
iliad,21,567,12,15,"Then the sons of the Achaeans would have taken high-gated Troy,",unreviewed
iliad,21,568,8,14,"had not Phoebus Apollo stirred the noble Agenor,",unreviewed
iliad,21,570,10,15,"Apollo cast courage into his heart, and stood beside him,",unreviewed
iliad,21,571,12,16,"leaning against a beech, and warding off the heavy hands of death;",unreviewed
iliad,21,573,8,14,"When Agenor saw Achilles, the sacker of cities,",unreviewed
iliad,21,576,9,13,"“Woe is me! If I flee before mighty Achilles,",unreviewed
iliad,21,577,12,15,"where the others flee in terror, he will seize me even so",unreviewed
iliad,21,578,14,15,"and cut my throat, helpless as I am. But if I leave these men",unreviewed
iliad,21,579,11,15,"to be driven and scatter from Achilles, and flee on foot",unreviewed
iliad,21,580,11,14,"from the wall toward the plain of Ilium, until I reach",unreviewed
iliad,21,581,9,13,"the lower slopes of Ida and enter the thickets,",unreviewed
iliad,21,582,12,16,then at evening I could wash away my sweat in the River,unreviewed
iliad,21,583,12,16,and return at nightfall to Ilium. But why has my dear spirit,unreviewed
iliad,21,584,10,14,held this argument? He might see me leaving the city,unreviewed
iliad,21,586,10,13,Then there would be no escape from death and destruction;,unreviewed
iliad,21,588,14,16,“But if I go forth before the city and meet him face to face—,unreviewed
iliad,21,590,14,16,"there is one life in him, and men say that he also is mortal.",unreviewed
iliad,21,592,14,15,"So he spoke, and held his ground; and a bold heart rose within him",unreviewed
iliad,21,593,14,16,to wage war and fight. As a leopard comes forth from the deep wood,unreviewed
iliad,21,594,13,15,"to face the hunter, and is not troubled or afraid when it hears",unreviewed
iliad,21,595,14,17,"the barking; for even if the hunter is first to wound or strike it,",unreviewed
iliad,21,596,12,14,"the beast, pierced around by the spear, does not cease from courage",unreviewed
iliad,21,597,14,18,"until it has met him or been subdued—so the noble son of Antenor,",unreviewed
iliad,21,598,10,16,"godlike Agenor, would not flee before he had tried Achilles.",unreviewed
iliad,21,599,10,13,"He held his shield, smooth on every side, before him,",unreviewed
iliad,21,601,8,13,"“Surely in your heart you hope, glorious Achilles,",unreviewed
iliad,21,602,12,14,to sack the city of the proud Trojans on this day—fool!,unreviewed
iliad,21,604,10,14,"Within it are many men, brave men, who defend Ilium",unreviewed
iliad,21,605,10,15,"before their dear fathers and mothers, their wives and children.",unreviewed
iliad,21,606,12,14,"But here you shall meet your death, though you are a terrible",unreviewed
iliad,21,607,3,5,and fearless warrior.”,unreviewed
iliad,21,608,12,13,"So he spoke, and sent the sharp spear from his heavy hand;",unreviewed
iliad,21,611,11,14,rang terribly around him; the bronze leapt back from the blow,unreviewed
iliad,21,612,14,15,"and did not pierce it, for the gifts of a god held it away.",unreviewed
iliad,21,613,12,18,"Then the son of Peleus sprang upon Agenor, his equal in battle;",unreviewed
iliad,21,617,9,17,"Then Apollo himself, the far-shooter, standing before Achilles,",unreviewed
iliad,21,618,10,18,"took the exact likeness of Agenor. Achilles rushed after him,",unreviewed
iliad,21,619,12,18,"running at his feet, while Apollo led him away from the people,",unreviewed
iliad,21,621,13,19,"and running a little ahead of him. By his deceit Apollo charmed him,",unreviewed
iliad,21,622,12,13,so that always he hoped to catch the man with his feet.,unreviewed
iliad,21,623,10,19,"Meanwhile the other Trojans, escaping in fear, came gladly together",unreviewed
iliad,21,625,11,14,"They did not dare remain outside the city and the wall,",unreviewed
iliad,21,627,13,19,"and who had fallen in battle; but eagerly they poured into the city,",unreviewed
iliad,22,3,10,14,and drank away their thirst; while the Achaeans drew nearer,unreviewed
iliad,22,6,9,13,"by his ruinous fate, before the city of Ilium.",unreviewed
iliad,22,7,9,13,Then Phoebus Apollo spoke to the son of Peleus:,unreviewed
iliad,22,9,9,14,"yourself a mortal, while I am an immortal god?",unreviewed
iliad,22,11,11,13,though you rage on without rest. Do you care so little,unreviewed
iliad,22,13,10,15,who have gathered into the city while you wandered here?,unreviewed
iliad,22,14,12,14,"You shall not kill me, since death is not appointed for me.”",unreviewed
iliad,22,15,8,13,Swift-footed Achilles answered him in great anger:,unreviewed
iliad,22,16,12,15,"“You have harmed me, far-shooter, most destructive of all the gods,",unreviewed
iliad,22,17,9,15,turning me away from the wall; otherwise many Trojans,unreviewed
iliad,22,19,12,15,"Now you have robbed me of great glory, but saved them easily,",unreviewed
iliad,22,20,11,14,"since you feared no vengeance afterward. I would pay you back,",unreviewed
iliad,22,22,11,13,"So he spoke, and with great thoughts turned toward the city,",unreviewed
iliad,22,23,11,17,"leaping forward like a racehorse that bears a prize-winning chariot,",unreviewed
iliad,22,24,8,13,"and runs easily, stretching itself across the plain.",unreviewed
iliad,22,27,11,15,"shining across the plain like the star that comes in autumn,",unreviewed
iliad,22,30,10,13,"the Dog of Orion. Brightest it is among the stars,",unreviewed
iliad,22,31,12,16,"yet it is made a baleful sign, and carries a great fever",unreviewed
iliad,22,32,10,16,to suffering mortals. So the bronze flashed around Achilles’ breast,unreviewed
iliad,22,33,3,3,as he ran.,unreviewed
iliad,22,35,11,13,raising them high; loudly he cried and begged his dear son.,unreviewed
iliad,22,38,13,14,The old man stretched out his hands and spoke to him in pity:,unreviewed
iliad,22,39,11,13,"“Hector, my dear child, do not wait for this man alone,",unreviewed
iliad,22,40,10,13,"apart from the others, lest you quickly meet your fate,",unreviewed
iliad,22,41,11,15,"overcome by the son of Peleus, since he is far stronger—",unreviewed
iliad,22,42,12,14,that pitiless man. Would that he were as dear to the gods,unreviewed
iliad,22,43,13,16,as he is to me! Then dogs and vultures would soon devour him,unreviewed
iliad,22,45,12,14,"he who has made me bereft of so many sons, brave men,",unreviewed
iliad,22,46,9,13,killing them and selling them beyond the distant islands.,unreviewed
iliad,22,47,12,18,"“Even now I cannot see two of my sons, Lycaon and Polydorus,",unreviewed
iliad,22,48,10,15,"among the Trojans gathered into the city—sons whom Laothoe,",unreviewed
iliad,22,49,12,16,"the lady among women, bore to me. If they still live among",unreviewed
iliad,22,50,11,13,"the army, then we shall ransom them with bronze and gold;",unreviewed
iliad,22,51,10,13,"there is wealth within, for old Altes, famous by name,",unreviewed
iliad,22,52,13,15,gave much of it to his child. But if they are already dead,unreviewed
iliad,22,53,13,15,"and within the house of Hades, there will be grief to my heart",unreviewed
iliad,22,54,12,15,"and to their mother, who bore them; but for the other people",unreviewed
iliad,22,55,12,16,"the grief will be shorter, unless you too are killed by Achilles.",unreviewed
iliad,22,57,11,14,the Trojan men and women; and do not grant great glory,unreviewed
iliad,22,58,10,14,"to the son of Peleus, while you yourself are deprived",unreviewed
iliad,22,59,13,17,"of your own beloved life. Have pity on me, unhappy as I am,",unreviewed
iliad,22,60,12,15,while I still possess my mind—the doomed old man upon whom,unreviewed
iliad,22,61,12,14,"the son of Cronus has laid, at the threshold of old age,",unreviewed
iliad,22,62,10,13,"many cruel things to see: sons destroyed, daughters dragged away,",unreviewed
iliad,22,63,9,15,"bedchambers plundered, and little children thrown upon the ground",unreviewed
iliad,22,64,10,15,in the hateful tumult; and daughters-in-law dragged away,unreviewed
iliad,22,68,11,13,"before the first gates—those dogs I raised in my halls,",unreviewed
iliad,22,70,11,15,they will drink my blood and lie crazed around the vestibule.,unreviewed
iliad,22,72,8,13,"all things are fitting, whatever appears before him;",unreviewed
iliad,22,77,14,14,"So the old man spoke; and he tore the gray hairs from his head,",unreviewed
iliad,22,78,13,15,plucking them with his hands. Yet he could not move Hector’s heart.,unreviewed
iliad,22,79,11,14,"His mother, standing on the other side, poured out her tears,",unreviewed
iliad,22,80,10,14,"opened her breast, and lifted the other breast toward him.",unreviewed
iliad,22,83,11,14,if ever I held out my comfort-giving breast to you.,unreviewed
iliad,22,84,10,14,"Remember it, dear child, and defend yourself from that man",unreviewed
iliad,22,86,11,13,"For if he kills you, I shall never again mourn you",unreviewed
iliad,22,89,11,15,"beside the ships of the Argives, swift dogs will devour you.”",unreviewed
iliad,22,91,12,14,begging him at length; but they could not move Hector’s heart.,unreviewed
iliad,22,92,14,16,They wept and pleaded at length; but they could not move Hector’s heart.,unreviewed
iliad,22,93,10,15,He waited there for enormous Achilles as he drew near.,unreviewed
iliad,22,94,11,14,"As a mountain serpent waits for a man beside its lair,",unreviewed
iliad,22,95,10,16,"having eaten evil herbs, and a dreadful anger enters it,",unreviewed
iliad,22,96,8,14,"while it watches terribly, coiling about its lair—",unreviewed
iliad,22,97,10,13,"so Hector, holding an anger that would not be quenched,",unreviewed
iliad,22,100,5,7,to his great-hearted spirit:,unreviewed
iliad,22,101,12,14,"“Woe is me! If I enter through the gates and the wall,",unreviewed
iliad,22,102,10,15,Polydamas will be the first to heap reproach upon me—,unreviewed
iliad,22,103,11,14,he who urged me to lead the Trojans toward the city,unreviewed
iliad,22,105,12,14,But I would not listen; and it would have been far better.,unreviewed
iliad,22,106,10,13,Now I have destroyed the people through my own recklessness.,unreviewed
iliad,22,107,10,15,"I am ashamed before the Trojans and the Trojan women,",unreviewed
iliad,22,110,12,13,“So they will speak. Then it would be far better for me,unreviewed
iliad,22,111,10,13,"either to meet Achilles face to face and kill him,",unreviewed
iliad,22,112,9,15,or to perish before the city with honorable fame.,unreviewed
iliad,22,113,12,13,"But what if I lay down my shield with its central boss,",unreviewed
iliad,22,115,8,13,and go out myself to meet blameless Achilles?,unreviewed
iliad,22,116,11,15,"I would promise him Helen and all the possessions with her,",unreviewed
iliad,22,117,9,13,all that Alexander brought home in the hollow ships,unreviewed
iliad,22,119,12,15,"to return to the sons of Atreus, and with them to divide",unreviewed
iliad,22,120,10,16,among the other Achaeans all the treasures this city holds.,unreviewed
iliad,22,121,11,14,Then I would take from the Trojan elders a solemn oath,unreviewed
iliad,22,122,10,16,"to hide nothing, but to divide in two every possession",unreviewed
iliad,22,125,13,15,"If I go to him, he will show me no mercy or respect;",unreviewed
iliad,22,126,12,14,"he will kill me naked, unarmed, as though I were a woman,",unreviewed
iliad,22,127,13,16,once I have laid aside my armor. There is no longer a way,unreviewed
iliad,22,128,13,16,"to converse beside an oak or a rock, as maiden and young man",unreviewed
iliad,22,129,10,17,converse with one another. Better to drive the battle together,unreviewed
iliad,22,132,9,13,"So he pondered, standing still; and Achilles came near,",unreviewed
iliad,22,135,10,13,while the bronze around his body flashed like the light,unreviewed
iliad,22,137,11,14,"When Hector saw him, trembling seized him; he could no longer",unreviewed
iliad,22,138,11,15,"endure to remain there, but left the gates behind in fear.",unreviewed
iliad,22,139,12,15,"The son of Peleus rushed after him, trusting in his swift feet.",unreviewed
iliad,22,140,10,15,"As a hawk, swiftest of winged creatures upon the mountains,",unreviewed
iliad,22,142,10,13,"the dove flees beneath him, while the hawk cries sharply",unreviewed
iliad,22,143,13,17,"and darts close again and again, its heart commanding it to seize her—",unreviewed
iliad,22,144,11,15,"so Achilles flew straight on in his fury, and Hector fled",unreviewed
iliad,22,147,10,16,and sped continually along the wagon-road beneath the wall.,unreviewed
iliad,22,151,12,15,as though from a burning fire; the other in summer pours forth,unreviewed
iliad,22,152,10,14,"like hail, or cold snow, or water frozen into crystal.",unreviewed
iliad,22,154,8,13,"beautiful, made of stone, where the lovely wives",unreviewed
iliad,22,155,10,14,"and daughters of the Trojans once washed their shining garments,",unreviewed
iliad,22,156,12,14,"in the days of peace, before the sons of the Achaeans came.",unreviewed
iliad,22,159,10,14,The noble one fled; the far greater pursued him eagerly.,unreviewed
iliad,22,160,13,16,"For they did not race for a sacrificial beast or an ox-hide,",unreviewed
iliad,22,162,10,13,"they ran for the life of Hector, breaker of horses.",unreviewed
iliad,22,163,12,17,"As when swift-footed, prize-winning horses race around the turning-posts,",unreviewed
iliad,22,164,12,14,"and a great prize is laid there—a tripod or a woman,",unreviewed
iliad,22,166,12,14,so the two of them circled the city of Priam three times,unreviewed
iliad,22,168,12,15,Then the father of men and gods began to speak among them:,unreviewed
iliad,22,169,13,14,“Ah me! With my own eyes I behold the man I love pursued,unreviewed
iliad,22,171,12,14,"who burned many ox-thighs for me upon the heights of Ida,",unreviewed
iliad,22,172,11,15,"rich in folds, and at other times in the highest city.",unreviewed
iliad,22,173,8,14,But now noble Achilles pursues him swiftly around,unreviewed
iliad,22,174,10,14,"the city of Priam. Come, gods, take counsel and consider:",unreviewed
iliad,22,175,14,14,"shall we save him from death, or shall we now let the good man",unreviewed
iliad,22,178,11,14,"“Father, hurler of the bright thunder, what is this you say?",unreviewed
iliad,22,179,13,14,"Do you wish to loose a mortal man, long since marked by fate,",unreviewed
iliad,22,180,12,14,back from harsh-sounding death? Do it; but all the other gods,unreviewed
iliad,22,181,5,6,will not approve your deed.”,unreviewed
iliad,22,183,9,13,"“Take courage, Tritogeneia, dear child. I do not speak",unreviewed
iliad,22,184,13,15,"with a willing heart, nor do I wish to be harsh toward you.",unreviewed
iliad,22,186,11,16,"So he spoke, and urged Athena, already eager for the deed;",unreviewed
iliad,22,190,12,17,rousing it from its bed and driving it through ravines and valleys.,unreviewed
iliad,22,191,10,13,"Even if the fawn slips beneath a bush and crouches,",unreviewed
iliad,22,192,12,14,the hound runs on its scent until it finds the trail again;,unreviewed
iliad,22,193,11,15,so Hector could not escape the swift-footed son of Peleus.,unreviewed
iliad,22,194,9,15,Whenever he tried to rush toward the Dardanian gates,unreviewed
iliad,22,195,12,15,"and the well-built towers, hoping the men above might shield him",unreviewed
iliad,22,196,10,16,"with their arrows, Achilles would always dart across before him",unreviewed
iliad,22,197,11,14,"and turn him back toward the plain, while himself he flew",unreviewed
iliad,22,198,12,17,toward the city. As in a dream one cannot pursue a fugitive—,unreviewed
iliad,22,199,12,15,"neither can the one who flees escape, nor the pursuer catch him—",unreviewed
iliad,22,200,9,13,"so Hector could neither seize Achilles with his feet,",unreviewed
iliad,22,202,10,13,"How could Hector have escaped the black spirits of death,",unreviewed
iliad,22,203,12,16,"unless Apollo, for the final and last time, had come near him",unreviewed
iliad,22,205,9,14,But noble Achilles shook his head toward his people,unreviewed
iliad,22,206,11,14,"and would not let them hurl their bitter arrows at Hector,",unreviewed
iliad,22,214,15,19,He lifted the scales by their middle; and Hector’s day of fate sank down.,unreviewed
iliad,22,217,9,14,"Then the gray-eyed goddess Athena came to Achilles,",unreviewed
iliad,22,220,11,15,"we shall carry great glory to the Achaeans beside the ships,",unreviewed
iliad,22,221,9,15,"having slain Hector, insatiable as he is for battle.",unreviewed
iliad,22,223,9,15,"not even if far-shooting Apollo should suffer greatly,",unreviewed
iliad,22,224,10,17,crawling in supplication before father Zeus who bears the aegis.,unreviewed
iliad,22,227,10,14,"So Athena spoke; and Achilles obeyed, glad in his heart.",unreviewed
iliad,22,230,10,16,"likened in form to Deiphobus, and possessing his unwearied voice.",unreviewed
iliad,22,232,9,15,"“My dear brother, surely swift Achilles presses you hard,",unreviewed
iliad,22,233,10,13,pursuing you with swift feet around the city of Priam.,unreviewed
iliad,22,234,10,13,"Come, let us stand and defend ourselves where we are.”",unreviewed
iliad,22,235,9,15,"Then great Hector, the flashing-helmeted warrior, answered her:",unreviewed
iliad,22,236,9,13,"“Deiphobus, before this you were by far the dearest",unreviewed
iliad,22,238,11,13,"but now I shall honor you even more in my heart,",unreviewed
iliad,22,242,9,14,"“My dear brother, my father and honored mother pleaded",unreviewed
iliad,22,243,12,16,"with me at length, kneeling before me, and so did my companions,",unreviewed
iliad,22,244,11,15,begging me to remain there—for all tremble before this man.,unreviewed
iliad,22,245,10,13,But my heart was worn down within by grievous sorrow.,unreviewed
iliad,22,246,12,14,"Now let us go straight on, eager to fight; let no sparing",unreviewed
iliad,22,247,11,14,"of spears be made, so that we may learn whether Achilles",unreviewed
iliad,22,249,10,13,"to the hollow ships, or whether he will be mastered",unreviewed
iliad,22,250,4,4,by your own spear.”,unreviewed
iliad,22,252,10,14,"When they had come close, Hector, the great helmeted warrior,",unreviewed
iliad,22,253,2,2,spoke first:,unreviewed
iliad,22,254,11,14,"“I shall no longer fear you, son of Peleus, as before,",unreviewed
iliad,22,255,11,14,"when three times I fled around the great city of Priam,",unreviewed
iliad,22,256,12,16,never daring to stand and await your coming. But now my heart,unreviewed
iliad,22,257,14,15,"has urged me to stand before you; I shall kill you, or be killed.",unreviewed
iliad,22,258,13,14,"Come, let us call the gods to witness, for they are the best",unreviewed
iliad,22,260,11,14,"I shall not outrage you terribly, if Zeus grants me strength",unreviewed
iliad,22,261,13,15,"and I take your life; but when I have stripped your famous armor,",unreviewed
iliad,22,262,10,14,"Achilles, I shall give your body back to the Achaeans.",unreviewed
iliad,22,263,5,5,Do the same for me.”,unreviewed
iliad,22,264,9,14,Swift-footed Achilles looked darkly at him and answered:,unreviewed
iliad,22,265,11,16,"“Hector, do not speak to me, you hateful man, of agreements.",unreviewed
iliad,22,267,12,16,"and wolves and lambs do not keep one mind toward one another,",unreviewed
iliad,22,268,7,13,"but think evil continually against each other,",unreviewed
iliad,22,270,13,16,"nor shall there be oaths between us, until one of us has fallen",unreviewed
iliad,22,272,10,15,Remember now every kind of valor; for you must be,unreviewed
iliad,22,274,10,14,There is no escape for you; Pallas Athena will soon,unreviewed
iliad,22,275,12,14,"subdue you by my spear, and now you shall pay all together",unreviewed
iliad,22,276,12,14,"for the grief of my companions, whom you killed with your spear.”",unreviewed
iliad,22,278,8,13,Glorious Hector saw it coming and avoided it;,unreviewed
iliad,22,279,13,15,"he had crouched down before it, and the bronze spear flew over him",unreviewed
iliad,22,280,11,15,"and struck the ground. Athena snatched it up unseen by Hector,",unreviewed
iliad,22,281,12,17,"she gave it back to Achilles, and Hector, shepherd of the people,",unreviewed
iliad,22,282,4,4,did not see her.,unreviewed
iliad,22,283,9,13,Then Hector spoke to the blameless son of Peleus:,unreviewed
iliad,22,284,13,15,"“You missed, Achilles, like a god, and you did not know from Zeus",unreviewed
iliad,22,286,13,16,"cheat in words, hoping that I would fear you and forget my courage.",unreviewed
iliad,22,287,12,13,You shall not drive your spear into my back as I flee;,unreviewed
iliad,22,289,14,16,if the god has granted you that. Now in turn avoid my bronze spear;,unreviewed
iliad,22,290,12,14,would that you might take the whole of it into your flesh!,unreviewed
iliad,22,291,12,14,"The war would be lighter for the Trojans if you were dead,",unreviewed
iliad,22,294,14,16,it struck the middle of the son of Peleus’ shield and did not miss.,unreviewed
iliad,22,295,11,14,Far from the shield the spear sprang away; Hector was angered,unreviewed
iliad,22,296,10,14,that the swift weapon had flown uselessly from his hand.,unreviewed
iliad,22,299,12,16,asking him for a long spear; but Deiphobus was nowhere near him.,unreviewed
iliad,22,303,11,15,"but he is within the wall, and Athena has deceived me.",unreviewed
iliad,22,304,11,14,"Now evil death is close to me, no longer far away;",unreviewed
iliad,22,305,14,15,"and long ago it must have been dear to Zeus and the far-shooter,",unreviewed
iliad,22,307,13,18,"But now fate has overtaken me. Let me not die without a struggle,",unreviewed
iliad,22,309,7,7,for those yet to come to know.”,unreviewed
iliad,22,310,7,7,"So he spoke, drew his sharp sword,",unreviewed
iliad,22,316,10,16,"Achilles came against him, his spirit filled with savage fury.",unreviewed
iliad,22,317,10,14,"Before his breast he held his beautiful, richly wrought shield;",unreviewed
iliad,22,318,9,14,"and upon his shining, four-plated helmet he nodded,",unreviewed
iliad,22,319,9,16,while the lovely golden tassels streamed thickly around it—,unreviewed
iliad,22,320,9,15,the plumes Hephaestus had set densely about the crest.,unreviewed
iliad,22,321,13,17,"As the evening star goes among the stars in the darkness of night,",unreviewed
iliad,22,323,10,13,so flashed the point of the sharp spear Achilles brandished,unreviewed
iliad,22,324,9,13,"in his right hand, plotting evil for noble Hector,",unreviewed
iliad,22,326,13,15,"But all the rest of his body was held by the bronze armor,",unreviewed
iliad,22,327,7,13,"beautiful armor, which Hector stripped from Patroclus",unreviewed
iliad,22,328,7,7,when he had killed him by force.,unreviewed
iliad,22,329,10,15,"Only where the collarbones hold the neck from the shoulders,",unreviewed
iliad,22,331,9,14,"there the noble Achilles drove his spear upon Hector,",unreviewed
iliad,22,332,11,13,as he rushed against him. The heavy ash passed straight through,unreviewed
iliad,22,333,12,16,"the tender neck; yet the Pelian spear did not sever the windpipe,",unreviewed
iliad,22,335,11,18,He fell into the dust; and noble Achilles exulted over him:,unreviewed
iliad,22,336,11,14,"“Hector, when you stripped Patroclus, you thought he would be safe,",unreviewed
iliad,22,337,12,13,"and you showed no fear of me, since I was far away.",unreviewed
iliad,22,338,10,15,"But I, his avenger, much greater than he, remained behind",unreviewed
iliad,22,340,9,13,"You the dogs and birds shall drag away shamefully,",unreviewed
iliad,22,342,8,15,"Hector, fainting, the flashing-helmeted warrior answered him:",unreviewed
iliad,22,343,12,13,"“I beg you by your life, by your knees, by your parents,",unreviewed
iliad,22,344,13,16,do not let the dogs devour me beside the ships of the Achaeans.,unreviewed
iliad,22,345,10,14,Accept the bronze and gold in abundance—gifts your father,unreviewed
iliad,22,346,12,15,"and honored mother will give you—and give my body back home,",unreviewed
iliad,22,347,13,16,that the Trojans and the wives of the Trojans may grant me fire,unreviewed
iliad,22,348,4,4,when I am dead.”,unreviewed
iliad,22,350,12,13,"“Do not beg me, dog, by my knees or by my parents!",unreviewed
iliad,22,352,14,15,"to cut away your flesh and eat it raw, for what you have done!",unreviewed
iliad,22,354,11,15,not even if they brought here ten times and twenty times,unreviewed
iliad,22,355,10,13,"the ransom, and promised yet more, nor even if Priam,",unreviewed
iliad,22,356,12,15,"son of Dardanus, should command them to weigh you out in gold.",unreviewed
iliad,22,357,12,16,Not even then would your honored mother lay you upon the bed,unreviewed
iliad,22,358,13,15,and mourn the son she bore; dogs and birds shall divide you whole.”,unreviewed
iliad,22,359,4,6,"Hector, dying, answered him:",unreviewed
iliad,22,360,12,15,"“I knew you well, and therefore I look to you without hope;",unreviewed
iliad,22,361,12,15,"I was never going to persuade you, for your heart is iron.",unreviewed
iliad,22,362,12,15,"Take care, lest I become the anger of the gods against you,",unreviewed
iliad,22,363,11,16,"on that day when Paris and Phoebus Apollo shall destroy you,",unreviewed
iliad,22,366,11,13,"His spirit flew from his limbs and went down to Hades,",unreviewed
iliad,22,369,10,13,“Die. My own death I shall accept at whatever time,unreviewed
iliad,22,370,11,14,Zeus and the other immortal gods may wish to bring it.”,unreviewed
iliad,22,372,11,14,and laid it far away; then he stripped the bloody armor,unreviewed
iliad,22,373,10,14,from Hector’s shoulders. The other sons of the Achaeans,unreviewed
iliad,22,374,9,13,came running around him; they gazed upon the stature,unreviewed
iliad,22,375,12,16,and the wonderful beauty of Hector. Yet no man stood near him,unreviewed
iliad,22,376,10,14,"without striking; and one would say, looking at his neighbor:",unreviewed
iliad,22,378,10,13,than when he set the ships ablaze with destructive fire!”,unreviewed
iliad,22,380,9,14,"When swift-footed, noble Achilles had stripped the armor,",unreviewed
iliad,22,384,10,15,"who wrought as many evils as all the others together,",unreviewed
iliad,22,385,11,14,"come, let us test the city around him in his armor,",unreviewed
iliad,22,387,11,15,"will they abandon the high city when this man has fallen,",unreviewed
iliad,22,388,11,14,"or are they resolved to remain, though Hector is no more?",unreviewed
iliad,22,390,9,14,"There lies beside the ships Patroclus, unwept and unburied;",unreviewed
iliad,22,391,13,15,I will not forget him while I live and my knees still move.,unreviewed
iliad,22,393,8,14,even there I shall remember my beloved companion.,unreviewed
iliad,22,395,14,15,"let us go back to the hollow ships, and take this man with us.",unreviewed
iliad,22,396,10,13,"We have won great glory: we have slain noble Hector,",unreviewed
iliad,22,397,12,14,whom the Trojans prayed to through their city as to a god.”,unreviewed
iliad,22,398,11,17,So he spoke; and he devised shameful things against noble Hector.,unreviewed
iliad,22,399,10,14,"Behind both feet he pierced the tendons above the ankles,",unreviewed
iliad,22,401,13,14,"he tied them to the chariot, but left the head to be dragged.",unreviewed
iliad,22,402,9,14,"Then he mounted the chariot, lifted the famous armor,",unreviewed
iliad,22,403,10,14,and lashed the horses to drive. They flew forward willingly.,unreviewed
iliad,22,406,11,13,and his whole head—once so gracious—lay in the dust.,unreviewed
iliad,22,407,9,13,Then Zeus gave him to his enemies to dishonor,unreviewed
iliad,22,408,4,6,in his own fatherland.,unreviewed
iliad,22,412,10,14,"His dear father groaned, and the people throughout the city",unreviewed
iliad,22,418,12,14,"He rolled himself in the dung and pleaded with all of them,",unreviewed
iliad,22,421,12,13,though you grieve for me. Let me go out from the city,unreviewed
iliad,22,423,9,13,"I shall beg that reckless, mighty worker of evil—",unreviewed
iliad,22,424,11,14,perhaps he may respect my age and pity my old age.,unreviewed
iliad,22,426,13,15,who begot him and raised him to be the ruin of the Trojans.,unreviewed
iliad,22,431,10,14,"Hector, whose sharp grief will carry me down into Hades.",unreviewed
iliad,22,434,10,14,would have had enough of weeping and mourning over him.”,unreviewed
iliad,22,435,10,14,"So he spoke, weeping, and the citizens groaned around him.",unreviewed
iliad,22,436,9,16,Among the Trojan women Hecuba began the close lament:,unreviewed
iliad,22,437,11,13,"“My child, unhappy as I am! Why shall I live on,",unreviewed
iliad,22,440,12,17,and a blessing to all the Trojans and Trojan women throughout it;,unreviewed
iliad,22,442,14,17,you were a great glory to them. But now death and fate overtake you.”,unreviewed
iliad,22,443,12,14,"So she spoke, weeping; but Hector’s wife had not yet heard.",unreviewed
iliad,22,446,10,13,She was weaving within the high chamber of her house,unreviewed
iliad,22,447,11,19,"a double purple mantle, and sewing many colored flowers into it.",unreviewed
iliad,22,449,12,14,"to set a great tripod upon the fire, so that warm baths",unreviewed
iliad,22,450,10,14,might be ready for Hector when he returned from battle—,unreviewed
iliad,22,452,9,16,gray-eyed Athena had overcome him beneath Achilles’ hands.,unreviewed
iliad,22,454,11,13,"Her limbs spun around, and the shuttle fell to the ground.",unreviewed
iliad,22,456,13,15,"“Come, two of you, follow me, that I may see what has happened.",unreviewed
iliad,22,462,10,14,But I greatly fear that noble Achilles has cut down,unreviewed
iliad,22,463,10,14,"my bold Hector alone, has driven him from the city",unreviewed
iliad,22,465,12,15,"which held him, since he never remained among the crowd of men,",unreviewed
iliad,22,467,11,15,"So speaking, she rushed from the chamber like a woman possessed,",unreviewed
iliad,22,469,10,13,"When she reached the tower and the gathering of men,",unreviewed
iliad,22,472,11,16,the swift horses drew him without pity toward the hollow ships,unreviewed
iliad,22,478,9,14,"on the day when Hector, the flashing-helmeted warrior,",unreviewed
iliad,22,479,11,15,"led her from the house of Eetion, after bringing countless gifts.",unreviewed
iliad,22,480,13,17,Around her stood her sisters-in-law and the wives of her brothers;,unreviewed
iliad,22,482,11,14,"When she had drawn breath again and her heart gathered itself,",unreviewed
iliad,22,483,8,13,she began the lament among the Trojan women:,unreviewed
iliad,22,485,14,18,"you in Troy, in Priam’s house, and I in Thebes beneath wooded Placos,",unreviewed
iliad,22,486,14,16,"in the house of Eetion, who raised me while I was still a child—",unreviewed
iliad,22,487,13,20,"unhappy, born to an unhappy lot. Would that he had never begotten me!",unreviewed
iliad,22,488,12,16,"“Now you go to the hidden houses of Hades beneath the earth,",unreviewed
iliad,22,489,11,14,"and leave me a widow in the halls, in hateful grief.",unreviewed
iliad,22,491,12,16,"unhappy parents, brought forth. Neither will you be a help to him,",unreviewed
iliad,22,492,13,14,"Hector, since you are dead, nor will he be a help to you.",unreviewed
iliad,22,493,11,16,"For even if he escapes the tearful war of the Achaeans,",unreviewed
iliad,22,494,10,14,there will always be toil and sorrow for him afterward;,unreviewed
iliad,22,495,10,13,others will divide the fields that were his father’s.,unreviewed
iliad,22,496,9,15,“The day of orphanhood makes a child without companions.,unreviewed
iliad,22,498,10,13,"in need, the boy goes to his father’s companions,",unreviewed
iliad,22,499,10,14,pulling one by the cloak and another by the tunic.,unreviewed
iliad,22,500,11,14,"One of them, moved to pity, gives him a little cup;",unreviewed
iliad,22,504,11,13,‘Go away! Your father does not share a meal with us.’,unreviewed
iliad,22,509,13,13,"he would sleep in the soft bed, in the arms of his nurse,",unreviewed
iliad,22,516,12,14,"far from his parents, will eat you when the dogs are sated,",unreviewed
iliad,22,518,11,15,"your garments lie, fine and beautiful, made by women’s hands.",unreviewed
iliad,22,520,13,15,"they bring no benefit to you, since you will not lie in them.",unreviewed
iliad,22,521,11,14,Yet they shall be glory for the Trojan men and women.”,unreviewed
iliad,22,522,10,13,"So she spoke weeping, and the women groaned beside her.",unreviewed
iliad,23,1,10,14,"So the Trojans groaned throughout the city; but the Achaeans,",unreviewed
iliad,23,6,8,14,"“Myrmidons, my eager companions, do not yet unyoke",unreviewed
iliad,23,8,9,13,"Let us draw near with horses and chariots themselves,",unreviewed
iliad,23,9,11,14,and mourn Patroclus; for that is the honor of the dead.,unreviewed
iliad,23,10,9,14,"But when we have satisfied ourselves with bitter lament,",unreviewed
iliad,23,12,12,17,"So he spoke; and all together they groaned, while Achilles led them.",unreviewed
iliad,23,13,12,15,"Three times they drove the fair-maned horses around the dead man,",unreviewed
iliad,23,14,11,15,mourning him; and Thetis stirred within them the desire to weep.,unreviewed
iliad,23,15,12,13,"The sands were wet with tears, and the armor of the men",unreviewed
iliad,23,16,15,17,was wet with tears as well; such was their longing for the leader of flight.,unreviewed
iliad,23,18,11,14,laying his man-slaying hands upon the breast of his companion:,unreviewed
iliad,23,19,8,14,"“Farewell, Patroclus, even in the house of Hades.",unreviewed
iliad,23,20,10,14,I am fulfilling for you all that I promised before:,unreviewed
iliad,23,21,13,14,"I have dragged Hector here, and will give him raw to the dogs;",unreviewed
iliad,23,23,11,16,"glorious children of the Trojans, in anger because you are dead.”",unreviewed
iliad,23,24,11,17,"So he spoke; and he devised shameful things against noble Hector,",unreviewed
iliad,23,25,13,17,stretching him face-down in the dust beside the bed of Menoetius’ son.,unreviewed
iliad,23,29,11,18,many thousands of them. Achilles gave them a noble funeral feast.,unreviewed
iliad,23,30,11,16,Many white cattle bellowed as they were slaughtered around the steel;,unreviewed
iliad,23,33,10,13,were stretched out and singed across the fire of Hephaestus.,unreviewed
iliad,23,34,13,14,All around the dead man the blood ran in streams from the cups.,unreviewed
iliad,23,35,8,14,Meanwhile the Achaean kings led swift-footed Achilles,unreviewed
iliad,23,36,7,15,"to great Agamemnon, persuading him with difficulty,",unreviewed
iliad,23,37,10,15,for anger at his companion was heavy upon his heart.,unreviewed
iliad,23,39,7,13,they immediately ordered the clear-voiced heralds,unreviewed
iliad,23,40,11,15,"to set a great tripod upon the fire, hoping to persuade",unreviewed
iliad,23,41,11,13,the son of Peleus to wash away the blood and dust.,unreviewed
iliad,23,47,12,14,For no second grief like this shall ever come to my heart,unreviewed
iliad,23,51,13,16,"stir the army to bring wood, and have ready all that is fitting",unreviewed
iliad,23,53,11,14,so that tireless fire may burn him quickly from our eyes,unreviewed
iliad,23,56,10,14,"They hastily prepared the meal, each man at his station,",unreviewed
iliad,23,59,12,15,"the others went away, each man to his shelter and his bed.",unreviewed
iliad,23,60,11,15,"But Achilles lay upon the shore of the loud-roaring sea,",unreviewed
iliad,23,61,8,13,"among the many Myrmidons, in an open place",unreviewed
iliad,23,63,12,14,When sweet sleep seized him and loosened the cares of his heart—,unreviewed
iliad,23,66,9,13,"then the soul of unhappy Patroclus came to him,",unreviewed
iliad,23,67,11,14,"like him in stature, eyes, voice, and clothing upon his skin.",unreviewed
iliad,23,70,14,16,"You did not neglect me while I lived, but now that I am dead.",unreviewed
iliad,23,71,12,14,"Bury me as quickly as you can, that I may pass through",unreviewed
iliad,23,72,12,17,"the gates of Hades. The souls, the images of the weary dead,",unreviewed
iliad,23,73,12,15,hold me far away; they do not yet permit me to mingle,unreviewed
iliad,23,74,9,13,"with them beyond the River, but I wander aimlessly",unreviewed
iliad,23,76,12,14,"“Give me your hand; I mourn, for I shall not return again",unreviewed
iliad,23,77,11,14,from Hades once you have granted me my portion of fire.,unreviewed
iliad,23,78,11,17,"We shall never again, alive and apart from our dear companions,",unreviewed
iliad,23,79,11,17,"sit together and plan our counsels; hateful fate has swallowed me,",unreviewed
iliad,23,81,10,14,"And for you yourself, godlike Achilles, there is a fate:",unreviewed
iliad,23,82,9,14,to perish beneath the wall of the prosperous Trojans.,unreviewed
iliad,23,83,12,13,"“I will tell you one more thing, and charge it upon you,",unreviewed
iliad,23,84,13,16,"if you will obey me: do not lay my bones apart from yours,",unreviewed
iliad,23,85,8,14,"Achilles, but together, as we were raised together",unreviewed
iliad,23,88,7,14,"after I had killed Amphidamas’ son unwillingly,",unreviewed
iliad,23,90,8,13,"Then horseman Peleus received me into his house,",unreviewed
iliad,23,93,10,16,"that your honored mother gave you, cover our bones together.”",unreviewed
iliad,23,95,15,16,"“Why have you come here, dear brother, and charged me with each of these things?",unreviewed
iliad,23,96,10,13,"I shall fulfill them all, and obey as you command.",unreviewed
iliad,23,97,11,14,But come nearer; let us at least for a little while,unreviewed
iliad,23,98,10,15,embrace one another and take our fill of bitter mourning.”,unreviewed
iliad,23,100,13,14,"but did not take him. The soul, like smoke, went beneath the earth",unreviewed
iliad,23,101,10,15,"with a shrill sound; and Achilles sprang up in amazement,",unreviewed
iliad,23,103,11,14,“Ah me! There is indeed something in the house of Hades—,unreviewed
iliad,23,104,14,15,a soul and an image—but there is no mind in it at all.,unreviewed
iliad,23,107,11,17,and charged me with every matter; it was wonderfully like him.”,unreviewed
iliad,23,108,13,15,So he spoke; and he stirred in them all the desire for lament.,unreviewed
iliad,23,109,11,18,"While they mourned, rosy-fingered Dawn appeared around the pitiable dead.",unreviewed
iliad,23,111,9,14,"to bring wood from every shelter; and brave Meriones,",unreviewed
iliad,23,112,7,14,"companion of noble Idomeneus, rose among them.",unreviewed
iliad,23,113,12,15,"They went out with axes in their hands and well-woven ropes,",unreviewed
iliad,23,114,10,14,"and the mules went before them. They climbed and descended,",unreviewed
iliad,23,115,10,13,"crossed slopes and level ground, and turned along the paths.",unreviewed
iliad,23,116,11,13,"But when they came to the folds of many-fountained Ida,",unreviewed
iliad,23,119,12,15,and tied them behind the mules; the mules tore up the earth,unreviewed
iliad,23,121,10,13,"eager to reach the plain. All the woodcutters carried logs,",unreviewed
iliad,23,122,8,18,"as Meriones, companion of noble Idomeneus, had commanded.",unreviewed
iliad,23,124,9,15,where Achilles had marked the great monument for Patroclus,unreviewed
iliad,23,125,11,15,and for himself. When they had cast down the measureless wood,unreviewed
iliad,23,126,9,15,"on every side, they sat and waited, gathered together.",unreviewed
iliad,23,127,9,17,Then swift-footed Achilles commanded the war-loving Myrmidons,unreviewed
iliad,23,128,14,16,to put on their bronze and yoke each man his horses beneath the cars.,unreviewed
iliad,23,129,11,16,"They sprang up, clothed themselves in armor, and mounted the chariots,",unreviewed
iliad,23,130,9,15,"drivers and companions alike; the horsemen went in front,",unreviewed
iliad,23,131,10,15,"and behind them followed a cloud of footmen, many thousands.",unreviewed
iliad,23,133,12,14,They covered the whole dead man with the hair they had cut;,unreviewed
iliad,23,134,11,15,"and behind him noble Achilles held the head in his hands,",unreviewed
iliad,23,135,10,17,"grieving, for he was sending his blameless companion to Hades.",unreviewed
iliad,23,137,11,15,they laid him down and hastily heaped up the fitting timber.,unreviewed
iliad,23,138,8,15,"Then noble, swift-footed Achilles conceived another thought.",unreviewed
iliad,23,139,12,14,"He stood apart from the pyre and cut off his yellow hair,",unreviewed
iliad,23,143,12,16,"when he vowed that, if I should return to my beloved fatherland,",unreviewed
iliad,23,144,12,16,"I would cut my hair for you and perform a holy hecatomb,",unreviewed
iliad,23,145,9,14,"and sacrifice there beside your springs fifty unhorned sheep,",unreviewed
iliad,23,147,12,13,So the old man prayed; but you did not fulfill his thought.,unreviewed
iliad,23,148,10,14,"Now, since I shall not return to my beloved fatherland,",unreviewed
iliad,23,149,12,15,let my hair be carried as a gift to the hero Patroclus.”,unreviewed
iliad,23,150,14,16,"So he spoke, and placed the lock in the hands of his dear companion;",unreviewed
iliad,23,152,12,14,"The light of the sun would have gone down upon their mourning,",unreviewed
iliad,23,153,9,15,if Achilles had not stood near Agamemnon and spoken:,unreviewed
iliad,23,154,11,15,"“Son of Atreus, the Achaean army will listen to your words",unreviewed
iliad,23,155,12,15,more than to any other. There is a time to satisfy grief;,unreviewed
iliad,23,156,12,17,now scatter the people from the pyre and order the evening meal.,unreviewed
iliad,23,158,6,7,and let them stay beside us.”,unreviewed
iliad,23,160,9,17,he immediately scattered the people among their equal ships.,unreviewed
iliad,23,162,12,14,"they made the pyre a hundred feet in length on every side,",unreviewed
iliad,23,164,5,5,their hearts full of grief.,unreviewed
iliad,23,165,10,13,Before the pyre they flayed and tended many strong sheep,unreviewed
iliad,23,167,11,15,great-hearted Achilles took the fat and covered the dead man,unreviewed
iliad,23,169,10,13,of honey and oil. Four-necked horses he cast swiftly,unreviewed
iliad,23,171,11,14,"belonged to the lord, and Achilles cut the throats of two",unreviewed
iliad,23,172,12,15,and cast them upon the fire. Twelve noble sons of the Trojans,unreviewed
iliad,23,174,9,13,his heart devising evil things—then set within it,unreviewed
iliad,23,177,8,14,"“Farewell, Patroclus, even in the house of Hades.",unreviewed
iliad,23,181,12,13,"But Hector, son of Priam, I will not give to the fire;",unreviewed
iliad,23,182,7,7,I will give him to the dogs.”,unreviewed
iliad,23,186,10,14,"ambrosial oil, so that Achilles would not strip his skin",unreviewed
iliad,23,187,5,6,as he dragged him along.,unreviewed
iliad,23,188,9,13,And Phoebus Apollo brought a dark cloud from heaven,unreviewed
iliad,23,193,8,15,"Then noble, swift-footed Achilles conceived another thought.",unreviewed
iliad,23,194,12,13,"He stood apart from the pyre and prayed to the two winds,",unreviewed
iliad,23,195,6,15,"Boreas and Zephyrus, promising beautiful offerings;",unreviewed
iliad,23,196,11,17,many libations he poured from a golden cup and entreated them,unreviewed
iliad,23,197,14,16,"to come, so that the dead might be burned swiftly by the blazing fire",unreviewed
iliad,23,198,9,14,"and the timber be driven into flame. Swiftly Iris,",unreviewed
iliad,23,200,10,16,They were feasting together in the house of stormy Zephyrus.,unreviewed
iliad,23,203,11,13,"and each called her to himself. But she refused to sit,",unreviewed
iliad,23,204,4,4,and spoke these words:,unreviewed
iliad,23,205,15,18,"“There is no time to sit. I must go again to the streams of Oceanus,",unreviewed
iliad,23,206,10,15,"to the land of the Ethiopians, where they offer hecatombs",unreviewed
iliad,23,207,12,15,"to the immortals, that I too may share in the holy feast.",unreviewed
iliad,23,208,9,15,But Achilles prays that Boreas and loud-sounding Zephyrus,unreviewed
iliad,23,211,5,6,whom all the Achaeans mourn.”,unreviewed
iliad,23,216,11,14,"fell upon the pyre, and the divine fire cried out loudly.",unreviewed
iliad,23,221,7,13,calling upon the soul of unhappy Patroclus.,unreviewed
iliad,23,222,13,18,"As a father mourns the bones of a son, a bridegroom newly dead,",unreviewed
iliad,23,224,8,13,"so Achilles mourned the bones of his companion,",unreviewed
iliad,23,226,13,14,"When the star that brings the light goes forth to announce the dawn,",unreviewed
iliad,23,229,12,15,"The winds turned back again to their home across the Thracian sea,",unreviewed
iliad,23,231,9,15,"Achilles, turning away from the pyre, lay down exhausted,",unreviewed
iliad,23,232,6,7,and sweet sleep rushed upon him.,unreviewed
iliad,23,233,9,13,But the others gathered around the son of Atreus;,unreviewed
iliad,23,234,9,13,the murmur and uproar of their approach awoke him.,unreviewed
iliad,23,236,11,15,"“Son of Atreus, and all you other leaders of the Achaeans,",unreviewed
iliad,23,237,12,16,"first quench the whole fire wherever the strength of the flame remains,",unreviewed
iliad,23,238,10,14,with bright wine; and afterward let us gather the bones,unreviewed
iliad,23,239,7,17,"of Patroclus, Menoetius’ son, carefully distinguishing them,",unreviewed
iliad,23,240,14,18,"for they are easy to recognize. He lay in the middle of the pyre,",unreviewed
iliad,23,241,11,16,"while the others burned at the edge, horses and men together.",unreviewed
iliad,23,242,14,17,"Let us place them in a golden vessel and a double fold of fat,",unreviewed
iliad,23,243,11,14,until the time when I too shall lie hidden in Hades.,unreviewed
iliad,23,244,11,14,"“I do not command you to labor over a great mound,",unreviewed
iliad,23,245,11,14,"but only one that is fitting. Later, when I am gone,",unreviewed
iliad,23,246,10,15,you Achaeans who remain behind beside the many-oared ships,unreviewed
iliad,23,247,6,6,shall raise it broad and high.”,unreviewed
iliad,23,251,8,13,"Weeping, they gathered the companion’s white bones",unreviewed
iliad,23,252,10,14,into a golden vessel and a double fold of fat.,unreviewed
iliad,23,254,12,13,"with fine, soft linen. Then they marked the place of the grave,",unreviewed
iliad,23,255,9,16,"laid its foundations around the pyre, and immediately poured",unreviewed
iliad,23,256,9,13,the heaped earth over it; afterward they went away.,unreviewed
iliad,23,257,9,13,But Achilles held the people there and seated them,unreviewed
iliad,23,258,12,15,in a wide assembly. From the ships he brought forth the prizes:,unreviewed
iliad,23,259,9,14,"cauldrons, tripods, horses, mules, the strong heads of oxen,",unreviewed
iliad,23,261,9,13,For the horsemen he first set forth splendid prizes:,unreviewed
iliad,23,262,11,13,"a woman skilled in fine works, and a two-handled tripod",unreviewed
iliad,23,265,5,7,pregnant with a mule foal;,unreviewed
iliad,23,270,9,13,Then he stood upright and spoke among the Argives:,unreviewed
iliad,23,272,14,20,"“The prizes for the horsemen lie here in the assembly, ready to be won.",unreviewed
iliad,23,273,10,15,"If the Achaeans were now competing in some other contest,",unreviewed
iliad,23,274,12,15,I myself should take the first and carry it to my shelter.,unreviewed
iliad,23,275,11,16,You know how far my horses surpass the others in excellence:,unreviewed
iliad,23,276,11,17,"they are immortal, and Poseidon gave them to my father Peleus,",unreviewed
iliad,23,277,12,13,"who in turn gave them to me. But I shall remain here,",unreviewed
iliad,23,278,11,13,"and my single-hoofed horses with me, for they have lost",unreviewed
iliad,23,282,11,15,"They stand there grieving him, their manes fallen upon the ground,",unreviewed
iliad,23,283,10,15,"and the two remain motionless, their hearts heavy with sorrow.",unreviewed
iliad,23,284,12,15,But let the others who trust their horses and well-joined chariots,unreviewed
iliad,23,286,11,15,So spoke the son of Peleus; and the swift horsemen gathered.,unreviewed
iliad,23,287,8,13,"First rose lord Eumelus, beloved son of Admetus,",unreviewed
iliad,23,288,8,13,who was distinguished beyond all men in horsemanship.,unreviewed
iliad,23,289,9,13,"After him rose the strong son of Tydeus, Diomedes,",unreviewed
iliad,23,291,11,17,"which he had taken from Aeneas, though Apollo saved Aeneas himself.",unreviewed
iliad,23,292,9,14,"After him rose golden-haired Menelaus, son of Atreus,",unreviewed
iliad,23,293,12,14,"of Zeus’s line, and brought beneath the yoke his swift horses:",unreviewed
iliad,23,294,8,13,"Aethē, Agamemnon’s mare, and his own Podargus.",unreviewed
iliad,23,295,10,19,"Aethē was given to Agamemnon by Echepolus, son of Anchises,",unreviewed
iliad,23,296,13,15,"as a gift, so that he would not have to follow the army",unreviewed
iliad,23,297,10,14,"to windy Ilium, but might remain at home in pleasure;",unreviewed
iliad,23,298,12,14,"Zeus had granted him great wealth, and he dwelt in broad Sicyon.",unreviewed
iliad,23,306,8,13,"“Antilochus, though you are young, Zeus and Poseidon",unreviewed
iliad,23,307,10,15,"have loved you, and taught you every kind of horsemanship;",unreviewed
iliad,23,308,13,14,"there is little need for me to teach you, since you know well",unreviewed
iliad,23,309,10,13,how to turn around the turning-post. But your horses,unreviewed
iliad,23,310,12,13,"are slowest to run, and I fear this will bring you ruin.",unreviewed
iliad,23,311,11,16,"The horses of the others are swifter, but the men themselves",unreviewed
iliad,23,312,10,14,"know no more cleverness than you. Come, put every kind",unreviewed
iliad,23,313,13,16,"of cunning into your heart, so that the prize may not escape you.",unreviewed
iliad,23,314,12,15,"“The woodcutter is not so much aided by strength as by skill,",unreviewed
iliad,23,315,11,13,nor does the helmsman with skill alone guide his swift ship,unreviewed
iliad,23,321,11,14,But the man who knows how to drive even weaker horses,unreviewed
iliad,23,326,13,13,"and you will not fail to see it. A dry stump stands there,",unreviewed
iliad,23,327,10,13,"about a fathom above the ground, of oak or pine;",unreviewed
iliad,23,328,11,14,rain has not rotted it. Two white stones stand against it,unreviewed
iliad,23,330,12,15,is smooth around it. It may be the monument of a man,unreviewed
iliad,23,332,10,13,set there by men of former days; now swift Achilles,unreviewed
iliad,23,333,6,7,has made it the turning-point.,unreviewed
iliad,23,334,12,14,"“Drive as close to it as you can, with chariot and horses;",unreviewed
iliad,23,335,10,13,"lean yourself in the well-woven car toward the left,",unreviewed
iliad,23,339,13,14,so that the wheel’s rim may seem almost to graze its edge.,unreviewed
iliad,23,342,10,15,and bring shame upon you. Therefore be prudent and watchful.,unreviewed
iliad,23,343,10,13,"“For if, driving in pursuit, you pass the turning-post,",unreviewed
iliad,23,344,11,13,"there is no one who could catch you by rushing forward,",unreviewed
iliad,23,345,12,16,"nor pass you—not even if behind you he drove noble Arion,",unreviewed
iliad,23,347,8,14,"or the horses of Laomedon, the excellent ones",unreviewed
iliad,23,348,4,4,that were raised here.”,unreviewed
iliad,23,349,12,14,"So spoke Nestor, son of Neleus, and sat back in his place,",unreviewed
iliad,23,350,9,13,having told his son every limit of the course.,unreviewed
iliad,23,353,12,15,"Achilles shook them, and the lot sprang out for Nestor’s son,",unreviewed
iliad,23,354,8,13,Antilochus. Next the lot fell to lord Eumelus;,unreviewed
iliad,23,357,11,14,"and last, though by far the best, Diomedes received the lot.",unreviewed
iliad,23,358,10,13,"They stood in line, and Achilles marked the turning-post",unreviewed
iliad,23,359,11,13,"far off in the smooth plain. Beside it he set Phoenix,",unreviewed
iliad,23,360,9,13,"his father’s godlike companion, to watch the race",unreviewed
iliad,23,362,9,14,"All together they lifted their whips above the horses,",unreviewed
iliad,23,368,11,13,"the drivers stood within their cars, and each man’s heart",unreviewed
iliad,23,369,11,15,"beat hard with desire for victory. Each called to his horses,",unreviewed
iliad,23,373,12,14,"then each man’s skill appeared, and the horses stretched their speed.",unreviewed
iliad,23,374,9,14,"Swiftly the horses of the son of Pheres, Eumelus,",unreviewed
iliad,23,375,10,16,"came racing ahead; after them came the stallions of Diomedes,",unreviewed
iliad,23,381,13,15,"The son of Tydeus would have passed him or made the race even,",unreviewed
iliad,23,382,9,13,if Phoebus Apollo had not grown angry with him,unreviewed
iliad,23,385,10,15,"because he saw the other horses running yet more swiftly,",unreviewed
iliad,23,387,9,15,But Apollo did not escape the notice of Athena;,unreviewed
iliad,23,388,9,13,"she quickly came after the shepherd of the people,",unreviewed
iliad,23,389,12,14,"gave the whip back to him, and put strength into his horses.",unreviewed
iliad,23,390,9,13,"She went in anger after the son of Admetus,",unreviewed
iliad,23,392,11,13,"from the course, and the pole fell loose upon the ground.",unreviewed
iliad,23,398,9,13,and sprang far ahead of the others; for Athena,unreviewed
iliad,23,399,11,15,had put strength into his horses and set glory upon him.,unreviewed
iliad,23,400,9,14,"After him came golden-haired Menelaus, son of Atreus.",unreviewed
iliad,23,402,12,15,"“Come on, both of you; stretch yourselves as swiftly as you can.",unreviewed
iliad,23,403,11,15,"I do not command you to race those horses of Diomedes,",unreviewed
iliad,23,404,11,15,"the son of Tydeus, to whom Athena has now given speed",unreviewed
iliad,23,405,10,13,and placed the glory upon him. But reach the horses,unreviewed
iliad,23,407,11,16,"though she is female, pour shame upon you by falling behind.",unreviewed
iliad,23,409,11,14,"“For I tell you this, and it shall surely be fulfilled:",unreviewed
iliad,23,410,14,18,"there will be no more care of you beside Nestor, shepherd of the people;",unreviewed
iliad,23,411,11,14,"he will kill you with sharp bronze, if through our carelessness",unreviewed
iliad,23,412,10,16,we carry home a lesser prize. Therefore follow and hasten.,unreviewed
iliad,23,414,11,13,"at the narrow place, and the chance shall not escape me.”",unreviewed
iliad,23,415,12,15,"So he spoke; and the horses, afraid of their master’s cry,",unreviewed
iliad,23,416,10,17,ran harder for a little while. Soon strong-hearted Antilochus,unreviewed
iliad,23,418,12,15,There was a hollow where winter rain had broken through the earth,unreviewed
iliad,23,419,9,13,"and torn away the road, deepening the whole ground.",unreviewed
iliad,23,420,8,13,"Menelaus was guiding there, avoiding the wheel-tracks.",unreviewed
iliad,23,421,10,16,"But Antilochus turned his single-hoofed horses outside the road,",unreviewed
iliad,23,423,11,16,Then the son of Atreus grew afraid and cried to Antilochus:,unreviewed
iliad,23,424,9,15,"“Antilochus, you drive without wisdom; hold back your horses!",unreviewed
iliad,23,425,14,16,"The road is narrow, but soon it will be wider, and you may pass.",unreviewed
iliad,23,427,9,13,"But Antilochus drove on, pressing them with the goad,",unreviewed
iliad,23,428,11,13,as though they could not hear him. The distance between them,unreviewed
iliad,23,429,13,15,"was no greater than the reach of a discus when a young man,",unreviewed
iliad,23,431,9,14,So far the horses ran ahead; but Menelaus himself,unreviewed
iliad,23,432,10,14,"had willingly let them go, lest the single-hoofed horses",unreviewed
iliad,23,433,11,15,"should meet upon the road and overturn the well-woven cars,",unreviewed
iliad,23,434,10,15,and the drivers fall in their eager struggle for victory.,unreviewed
iliad,23,436,9,16,"“Antilochus, no other mortal is more destructive than you.",unreviewed
iliad,23,438,13,16,Yet even so you shall not carry off the prize without an oath.”,unreviewed
iliad,23,441,11,13,The feet and knees of those horses will tire before yours;,unreviewed
iliad,23,442,6,7,both teams are deprived of youth.”,unreviewed
iliad,23,445,9,15,"The Argives, seated in the assembly, watched the horses",unreviewed
iliad,23,447,8,15,"First Idomeneus, leader of the Cretans, recognized them;",unreviewed
iliad,23,448,9,13,he sat outside the assembly on a high lookout.,unreviewed
iliad,23,449,11,14,"Although he was far away, he heard the caller’s voice,",unreviewed
iliad,23,450,8,13,and recognized the conspicuous horse running in front—,unreviewed
iliad,23,453,4,4,like the full moon.,unreviewed
iliad,23,456,12,15,"do I alone see these horses, or do you also see them?",unreviewed
iliad,23,458,8,13,and another driver appears to be leading them.,unreviewed
iliad,23,459,10,13,The horses that led at first have surely been harmed,unreviewed
iliad,23,461,10,13,"turning beside the post, but now I cannot see them.",unreviewed
iliad,23,462,8,13,My eyes search everywhere across the Trojan plain.,unreviewed
iliad,23,467,9,13,Rise and look for yourselves; I cannot see clearly.,unreviewed
iliad,23,473,11,15,"The horses are still far away, leaping over the broad plain.",unreviewed
iliad,23,477,11,13,"it is not fitting for you to be a loud-talker,",unreviewed
iliad,23,478,6,7,since there are better men here.,unreviewed
iliad,23,479,10,14,"Those are the same mares as before, Eumelus’s own,",unreviewed
iliad,23,480,10,13,and he himself holds the reins and drives among them.”,unreviewed
iliad,23,483,8,13,you fall short of the Argives in everything,unreviewed
iliad,23,485,8,13,"a tripod or a cauldron, and make Agamemnon",unreviewed
iliad,23,487,4,5,which horses are first.”,unreviewed
iliad,23,489,12,15,"rose at once, angry and eager to answer him with harsh words.",unreviewed
iliad,23,491,8,13,if Achilles himself had not risen and spoken:,unreviewed
iliad,23,492,9,13,"“Do not answer one another now with bitter words,",unreviewed
iliad,23,494,9,13,It would be shameful if anyone else behaved so.,unreviewed
iliad,23,495,9,13,Stay seated in the assembly and watch the horses;,unreviewed
iliad,23,496,9,15,"they will soon arrive here themselves, running for victory.",unreviewed
iliad,23,497,11,14,Then each of you will know which horses of the Argives,unreviewed
iliad,23,499,10,13,"So he spoke. Then Diomedes, son of Tydeus, came near,",unreviewed
iliad,23,500,9,13,driving hard and ever lashing downward with the whip.,unreviewed
iliad,23,502,9,13,Drops of dust struck the charioteer again and again;,unreviewed
iliad,23,504,10,13,"ran after the swift-footed horses, and no broad trail",unreviewed
iliad,23,508,9,13,"The strong Sthenelus leapt down from the shining chariot,",unreviewed
iliad,23,509,12,13,"leaned the whip against the yoke, and did not miss his prize.",unreviewed
iliad,23,511,12,18,to his proud companions to carry; but he himself unyoked the horses.,unreviewed
iliad,23,512,10,16,"After him Antilochus drove the horses of Neleus’s son,",unreviewed
iliad,23,514,9,13,Yet Menelaus kept his swift horses very near him.,unreviewed
iliad,23,515,12,13,"As far as the horse of a chariot stands from its wheel,",unreviewed
iliad,23,520,7,14,so far Menelaus was behind noble Antilochus.,unreviewed
iliad,23,521,11,13,"At first he had been left farther back, almost as far",unreviewed
iliad,23,522,12,15,"as a discus can be thrown, but quickly he reached him again;",unreviewed
iliad,23,528,11,15,was behind glorious Menelaus by the length of a spear-cast.,unreviewed
iliad,23,530,11,15,and he himself was least skilled at driving in the assembly.,unreviewed
iliad,23,532,10,17,dragging his beautiful chariot and driving his horses before him.,unreviewed
iliad,23,533,9,13,Swift-footed noble Achilles saw him and pitied him.,unreviewed
iliad,23,535,10,14,"“The best man comes last, driving his single-hoofed horses.",unreviewed
iliad,23,536,13,15,"Come, let us give him a prize that is fitting for second place;",unreviewed
iliad,23,542,8,13,had not risen and answered Achilles in justice:,unreviewed
iliad,23,543,13,18,"“Achilles, I shall be very angry with you if you fulfill this word.",unreviewed
iliad,23,544,13,18,You intend to take away my prize because his chariot and swift horses,unreviewed
iliad,23,548,12,13,"But if you pity him and he is dear to your heart,",unreviewed
iliad,23,553,13,14,But I will not give up this mare; let any man among us,unreviewed
iliad,23,554,11,13,who wishes to fight me with his hands contend for her.”,unreviewed
iliad,23,555,7,13,"Swift-footed Achilles smiled, glad for Antilochus,",unreviewed
iliad,23,556,9,13,"because he was a dear companion, and answered him:",unreviewed
iliad,23,557,10,18,"“Antilochus, if you command me to give Eumelus something else",unreviewed
iliad,23,559,11,15,"I will give him the bronze breastplate I stripped from Asteropaeus,",unreviewed
iliad,23,560,11,14,the armor around which a bright casing of tin is coiled;,unreviewed
iliad,23,561,7,7,it will be worth much to him.”,unreviewed
iliad,23,562,9,16,"So he spoke, and commanded his dear companion Automedon",unreviewed
iliad,23,563,11,15,to bring it from the shelter. Automedon went and brought it;,unreviewed
iliad,23,565,4,6,who received it gladly.,unreviewed
iliad,23,571,10,14,"“Antilochus, what have you done? You were thought wise before,",unreviewed
iliad,23,573,11,14,"driving your own horses before mine, though they were far worse.",unreviewed
iliad,23,574,11,17,"Come, leaders and rulers of the Argives, judge fairly between us;",unreviewed
iliad,23,575,13,16,"do not favor either side, lest one of the bronze-clad Achaeans say:",unreviewed
iliad,23,576,7,14,"‘Menelaus used lies and force against Antilochus,",unreviewed
iliad,23,577,12,14,"and went away with the mare, though his horses were much worse,",unreviewed
iliad,23,578,9,13,while he himself was superior in skill and strength.’,unreviewed
iliad,23,579,13,16,"If you wish, I myself will judge, and I say no other Danaan",unreviewed
iliad,23,581,9,15,"“Antilochus, son of Zeus, come here, as justice requires.",unreviewed
iliad,23,583,12,15,holding in your hands the slender whip with which you drove before;,unreviewed
iliad,23,584,12,17,lay your hand upon the horses and swear by Earth-shaking Poseidon,unreviewed
iliad,23,585,10,17,that you did not deliberately block my chariot by guile.”,unreviewed
iliad,23,587,11,14,"“Hold back now, lord Menelaus; I am far younger than you,",unreviewed
iliad,23,588,10,14,and you are older and better. You know what excesses,unreviewed
iliad,23,590,10,14,and his judgment is light. Therefore let your heart endure.,unreviewed
iliad,23,592,11,14,"Even if you should ask some greater thing from my shelter,",unreviewed
iliad,23,593,12,15,"I would give it to you at once, rather than fall forever",unreviewed
iliad,23,594,12,15,"from your heart, son of Zeus, and become guilty before the gods.”",unreviewed
iliad,23,595,14,16,"So he spoke, and led the mare and placed her in Menelaus’s hands.",unreviewed
iliad,23,596,13,17,"Menelaus’s heart was refreshed, as dew lies upon the ears of grain",unreviewed
iliad,23,599,4,7,He spoke to Antilochus:,unreviewed
iliad,23,600,10,15,"“Antilochus, now I myself will yield to you in anger,",unreviewed
iliad,23,601,10,14,since you were not a reckless or senseless man before;,unreviewed
iliad,23,604,9,14,No other Achaean could have persuaded me so quickly.,unreviewed
iliad,23,605,11,14,But you and your good father and brother have suffered much,unreviewed
iliad,23,606,11,14,"for my sake; therefore, when you beg me, I will obey.",unreviewed
iliad,23,611,7,13,"the companion of Antilochus, to lead away;",unreviewed
iliad,23,613,7,14,Eumelus took the shining cauldron; Meriones lifted,unreviewed
iliad,23,616,9,15,Achilles carried it through the assembly of the Argives,unreviewed
iliad,23,617,11,14,"and gave it to Nestor, speaking as he stood beside him:",unreviewed
iliad,23,619,10,17,a memorial of Patroclus’s burial. You will never again,unreviewed
iliad,23,620,10,13,see him among the Argives. I give you this prize,unreviewed
iliad,23,623,11,14,nor run upon your feet; grievous old age presses you now.”,unreviewed
iliad,23,624,13,17,"So speaking, he placed it in his hands; and Nestor received it gladly,",unreviewed
iliad,23,625,3,4,and answered him:,unreviewed
iliad,23,626,12,14,"“Yes, my child, you have spoken all these things in due measure.",unreviewed
iliad,23,627,13,14,"My limbs are no longer firm, nor my feet, nor do my hands",unreviewed
iliad,23,628,11,15,"spring lightly from either shoulder. Would that I were young again,",unreviewed
iliad,23,629,12,16,and my strength as it was when the Epeians buried lord Amarynceus,unreviewed
iliad,23,630,12,17,"in Buprasium, and the sons of the king appointed prizes for him!",unreviewed
iliad,23,631,10,14,"Then no man was my equal, neither among the Epeians,",unreviewed
iliad,23,632,10,16,"nor among the Pylians, nor among the great-hearted Aetolians.",unreviewed
iliad,23,633,8,15,"In boxing I defeated Clytomedes, son of Enops;",unreviewed
iliad,23,634,11,17,"in wrestling I overcame Ancaeus of Pleuron, who rose against me;",unreviewed
iliad,23,636,9,14,and with the spear I surpassed Phyleus and Polydorus.,unreviewed
iliad,23,637,11,14,"“Only the two sons of Actor passed me with their horses,",unreviewed
iliad,23,638,8,13,"throwing themselves ahead by the crowd’s favor,",unreviewed
iliad,23,643,10,13,"in such contests; and I must obey grievous old age,",unreviewed
iliad,23,645,9,13,"Go now, and honor your companion with these games.",unreviewed
iliad,23,646,9,14,"I receive this gift willingly, and my heart rejoices",unreviewed
iliad,23,647,11,16,"that you remember me always, and do not forget the honor",unreviewed
iliad,23,648,10,13,that it is fitting I should have among the Achaeans.,unreviewed
iliad,23,649,10,13,May the gods give you a fitting reward in return.”,unreviewed
iliad,23,650,13,14,So he spoke; and the son of Peleus went through the great crowd,unreviewed
iliad,23,651,11,14,"of Achaeans, having heard all the praise of Neleus’s son.",unreviewed
iliad,23,652,11,15,Then he set out other prizes for the grievous boxing match:,unreviewed
iliad,23,658,12,15,"we call upon two men to rise and contend for these prizes,",unreviewed
iliad,23,660,7,13,"To whichever man Apollo grants enduring strength,",unreviewed
iliad,23,662,11,14,let him lead the hard-working mule back to his shelter;,unreviewed
iliad,23,667,3,4,and spoke aloud:,unreviewed
iliad,23,668,10,13,“Let whoever will come near to carry away the cup.,unreviewed
iliad,23,669,10,14,I say no other Achaean will lead the mule away,unreviewed
iliad,23,670,11,14,by defeating me in boxing; I claim to be the best.,unreviewed
iliad,23,672,11,16,It was never possible for one man to know every task.,unreviewed
iliad,23,673,11,14,"But I tell you this, and it shall surely be fulfilled:",unreviewed
iliad,23,674,12,13,I will break his flesh and crush his bones face to face.,unreviewed
iliad,23,676,12,17,they will carry him away when he is overcome beneath my hands.”,unreviewed
iliad,23,678,10,14,"Only Euryalus rose against him, a man like the gods,",unreviewed
iliad,23,680,10,14,"who once came to Thebes at the burial of Oedipus,",unreviewed
iliad,23,683,7,13,encouraging him with words and desiring greatly,unreviewed
iliad,23,684,12,13,"that he should win. First he set a belt around his waist,",unreviewed
iliad,23,685,10,13,"and afterward gave him gloves, well cut from the hide",unreviewed
iliad,23,686,4,4,of a wild ox.,unreviewed
iliad,23,687,11,16,"When the two had girded themselves, they went into the middle",unreviewed
iliad,23,691,5,7,sweat streamed from every limb.,unreviewed
iliad,23,697,6,7,and the black wave covers it—,unreviewed
iliad,23,702,11,13,spitting thick blood and letting his head fall to one side.,unreviewed
iliad,23,704,11,14,then they themselves went and carried away the two-handled cup.,unreviewed
iliad,23,705,9,16,"The son of Peleus immediately set out other prizes,",unreviewed
iliad,23,707,11,15,"for the victor, a great tripod for setting upon the fire,",unreviewed
iliad,23,709,11,16,"for the defeated man he brought into the middle a woman,",unreviewed
iliad,23,714,7,17,"and resourceful Odysseus rose, knowing every advantage.",unreviewed
iliad,23,715,11,18,"They girded themselves and went into the middle of the assembly,",unreviewed
iliad,23,716,10,13,"then seized one another around the waist with strong hands,",unreviewed
iliad,23,717,14,16,as when the beams of a high house are joined by a famous builder,unreviewed
iliad,23,720,4,4,"sweat streamed down them,",unreviewed
iliad,23,721,10,13,"and many red welts rose along their ribs and shoulders,",unreviewed
iliad,23,722,10,16,as they both forever desired victory for the wrought tripod.,unreviewed
iliad,23,723,9,14,"Neither Odysseus could throw the other upon the ground,",unreviewed
iliad,23,724,10,13,nor Ajax; for the strong force of Odysseus held firm.,unreviewed
iliad,23,725,11,14,"But when they had begun to weary the well-greaved Achaeans,",unreviewed
iliad,23,727,6,13,"“Divine son of Laertes, resourceful Odysseus,",unreviewed
iliad,23,728,15,16,"either lift me, or I will lift you; and let Zeus care for the rest.”",unreviewed
iliad,23,729,13,18,"So he spoke, and lifted him; but Odysseus did not forget his cunning.",unreviewed
iliad,23,730,11,14,"He struck him from behind upon the hollow of the knee,",unreviewed
iliad,23,732,10,14,"Odysseus fell upon his breast, and the people looked on,",unreviewed
iliad,23,733,3,7,astonished and admiring.,unreviewed
iliad,23,734,10,17,Then long-suffering noble Odysseus lifted Ajax in his turn;,unreviewed
iliad,23,735,13,14,"he stirred him a little from the ground, but could not raise him.",unreviewed
iliad,23,736,12,15,"He bent one knee, and both men fell upon the earth together,",unreviewed
iliad,23,739,10,14,if Achilles himself had not risen and held them back:,unreviewed
iliad,23,740,10,15,“Do not strain yourselves any longer or wear yourselves down,unreviewed
iliad,23,741,12,17,"with harm. Victory belongs to you both. Take equal prizes and go,",unreviewed
iliad,23,744,11,14,They wiped the dust away and put their tunics on again.,unreviewed
iliad,23,745,12,16,Then the son of Peleus swiftly set out other prizes for speed:,unreviewed
iliad,23,746,9,17,"a silver mixing-bowl, beautifully wrought, holding six measures.",unreviewed
iliad,23,747,9,13,"In beauty it surpassed all vessels throughout the land,",unreviewed
iliad,23,748,9,13,for the many-skilled Sidonians had fashioned it well;,unreviewed
iliad,23,749,9,13,"Phoenician men had brought it across the misty sea,",unreviewed
iliad,23,750,12,14,"set it in harbors, and given it as a gift to Thoas.",unreviewed
iliad,23,752,9,13,"of Lycaon, son of Priam, to Patroclus the hero.",unreviewed
iliad,23,753,11,15,Achilles set it forth as the prize for the swiftest runner.,unreviewed
iliad,23,758,12,14,"So he spoke; and swift Ajax, son of Oileus, rose at once;",unreviewed
iliad,23,759,8,17,"resourceful Odysseus rose after him; and then Antilochus,",unreviewed
iliad,23,760,13,15,"son of Nestor, for he surpassed all the young men with his feet.",unreviewed
iliad,23,761,10,13,"They stood in line, and Achilles marked the turning-point.",unreviewed
iliad,23,762,11,16,"From the line Ajax sprang first; noble Odysseus rose after him,",unreviewed
iliad,23,763,12,16,"very close, as close as a woman’s loom-measuring rod lies",unreviewed
iliad,23,764,11,16,"against her breast when she stretches it carefully with her hands,",unreviewed
iliad,23,765,13,16,drawing the shuttle from the thread and holding it close to her chest.,unreviewed
iliad,23,766,10,13,"So Odysseus ran close behind him, and struck the tracks",unreviewed
iliad,23,768,13,17,"as he ran swiftly, his breath fell upon Ajax’s head and shoulders.",unreviewed
iliad,23,772,9,14,Odysseus prayed within his heart to gray-eyed Athena:,unreviewed
iliad,23,773,11,13,"“Hear me, goddess; come as a good helper to my feet.”",unreviewed
iliad,23,778,11,15,"He slipped where the dung of the bellowing cattle lay scattered,",unreviewed
iliad,23,779,9,15,the cattle swift-footed Achilles had slain for Patroclus.,unreviewed
iliad,23,781,10,16,"But long-suffering, noble Odysseus seized the mixing-bowl first,",unreviewed
iliad,23,783,12,13,"He stood holding the horn of the wild ox in his hands,",unreviewed
iliad,23,784,9,13,"spitting out the dung, and spoke among the Argives:",unreviewed
iliad,23,785,12,14,"“Ah me, the goddess harmed my feet—she who, like a mother,",unreviewed
iliad,23,788,9,13,"Smiling, Antilochus carried off the last prize and spoke:",unreviewed
iliad,23,789,12,17,“I will tell you something you all know: even now the immortals,unreviewed
iliad,23,790,12,18,"honor older men. Ajax is only a little older than I am,",unreviewed
iliad,23,791,8,13,"but this other is of an earlier generation,",unreviewed
iliad,23,793,12,14,"It is hard for an Achaean to contend with him on foot,",unreviewed
iliad,23,794,4,7,unless it is Achilles.”,unreviewed
iliad,23,795,11,13,"So he spoke, and praised the swift-footed son of Peleus.",unreviewed
iliad,23,797,8,13,"“Antilochus, your praise shall not be without reward;",unreviewed
iliad,23,801,9,13,Then the son of Peleus brought into the assembly,unreviewed
iliad,23,803,11,16,"and the armor of Sarpedon, which Patroclus had stripped from him.",unreviewed
iliad,23,805,12,14,"“We call upon two men, the best, to contend for these things.",unreviewed
iliad,23,808,9,13,"Whichever first reaches the fair flesh of the other,",unreviewed
iliad,23,810,10,13,"and draws dark blood, shall receive this silver-studded sword,",unreviewed
iliad,23,811,8,15,the beautiful Thracian weapon I stripped from Asteropaeus.,unreviewed
iliad,23,812,12,16,"But let both men carry away this armor as a common prize,",unreviewed
iliad,23,813,12,15,and we shall prepare a noble meal for them in our shelters.”,unreviewed
iliad,23,816,9,14,"They armed themselves on opposite sides of the crowd,",unreviewed
iliad,23,817,9,14,"then came together into the middle, eager to fight,",unreviewed
iliad,23,818,11,15,with terrible eyes; and all the Achaeans were held in wonder.,unreviewed
iliad,23,821,8,13,"Ajax struck the shield, smooth in every direction,",unreviewed
iliad,23,822,12,14,but did not reach the flesh; the corslet held the blow within.,unreviewed
iliad,23,823,11,16,But the son of Tydeus continually reached above the great shield,unreviewed
iliad,23,824,11,14,"with the point of his shining spear, always toward the neck.",unreviewed
iliad,23,825,10,13,"Then the Achaeans, afraid for Ajax, told them to cease,",unreviewed
iliad,23,826,5,7,and to take equal prizes.,unreviewed
iliad,23,829,11,14,Then the son of Peleus set a solid mass of iron,unreviewed
iliad,23,833,11,16,and brought the iron aboard the ships with his other possessions.,unreviewed
iliad,23,836,12,14,"Even if a man’s fields lie far away and are rich,",unreviewed
iliad,23,839,5,6,but it will supply them.”,unreviewed
iliad,23,846,9,13,"Great Telamonian Ajax cast third from his strong hand,",unreviewed
iliad,23,847,7,7,and sent it beyond all the marks.,unreviewed
iliad,23,848,9,14,"But when Polypoetes, steadfast in battle, took the mass,",unreviewed
iliad,23,849,12,13,he threw it as far as a shepherd throws his curved staff,unreviewed
iliad,23,850,11,15,"through the herd of cattle; it flew beyond the whole assembly,",unreviewed
iliad,23,851,4,6,and the people shouted.,unreviewed
iliad,23,854,11,14,Then the son of Peleus set out iron for the archers:,unreviewed
iliad,23,860,10,15,“Whoever strikes the trembling dove shall carry all the axes,unreviewed
iliad,23,862,11,14,"and hits only the cord, since he is the weaker archer,",unreviewed
iliad,23,865,9,17,"and good Meriones, companion of Idomeneus, rose after him.",unreviewed
iliad,23,866,12,14,They shook lots in a bronze helmet; Teucer’s lot came first.,unreviewed
iliad,23,868,9,14,to sacrifice a glorious hecatomb of first-born lambs,unreviewed
iliad,23,869,6,6,to the lord of the bow.,unreviewed
iliad,23,874,11,15,while the cord fell upon the earth; and the Achaeans shouted.,unreviewed
iliad,23,878,11,15,that he would offer a glorious hecatomb of first-born lambs.,unreviewed
iliad,23,881,6,7,The arrow passed straight through her;,unreviewed
iliad,23,882,12,16,"it fell and fixed itself in the earth before Meriones’s feet,",unreviewed
iliad,23,883,12,14,"while the bird sat upon the mast of the dark-prowed ship,",unreviewed
iliad,23,888,11,15,while Teucer carried the ten half-axes to the hollow ships.,unreviewed
iliad,23,889,11,13,Then the son of Peleus brought forth a long-shadowed spear,unreviewed
iliad,23,893,6,13,"and Meriones, good companion of Idomeneus.",unreviewed
iliad,23,895,12,14,"“Son of Atreus, we know how far you stand above all men,",unreviewed
iliad,23,897,12,15,"Take this prize, the cauldron, and carry it to the hollow ships;",unreviewed
iliad,23,898,10,13,"but let us give the spear to the hero Meriones,",unreviewed
iliad,23,900,11,15,"So he spoke; and Agamemnon, lord of men, did not refuse.",unreviewed
iliad,23,902,11,17,and the hero gave the beautiful prize to the herald Talthybius.,unreviewed
iliad,24,1,11,13,"The games were loosed; the people, each to his swift ship,",unreviewed
iliad,24,3,6,13,"But Achilles remembered his beloved companion,",unreviewed
iliad,24,4,10,13,"and sleep, the conqueror of all, would not receive him.",unreviewed
iliad,24,8,9,13,"Remembering these things, he let the living tears fall,",unreviewed
iliad,24,10,9,13,"now on his face; then rising upright, paced unresting",unreviewed
iliad,24,11,10,14,beside the shore; nor did the dawn escaping over sea,unreviewed
iliad,24,12,11,13,and shore elude his eyes. And when he had yoked beneath,unreviewed
iliad,24,14,9,13,"behind the chariot, and three times around the tomb",unreviewed
iliad,24,17,10,13,face downward in the dust. But Phoebus kept from Hector,unreviewed
iliad,24,19,11,15,"with the golden aegis all around his flesh he covered him,",unreviewed
iliad,24,21,8,15,Thus in his fury Achilles dishonored noble Hector;,unreviewed
iliad,24,23,12,14,and urged the clear-eyed Slayer of Argus to steal him away.,unreviewed
iliad,24,24,10,13,All this was pleasing to the other gods; but never,unreviewed
iliad,24,26,10,13,"for still they held the sacred city and Priam hateful,",unreviewed
iliad,24,27,10,14,"and all his people, for the ruin wrought by Alexander,",unreviewed
iliad,24,28,10,13,who scorned the goddesses when they came into his court,unreviewed
iliad,24,29,10,13,and praised the one who gave him that destructive desire.,unreviewed
iliad,24,31,10,13,"the immortals: “Cruel gods, and gods of harm! Was Hector",unreviewed
iliad,24,32,12,15,"never the one to burn for you the thigh-bones of oxen,",unreviewed
iliad,24,33,11,13,"and goats without defect? Yet now you will not save him,",unreviewed
iliad,24,34,12,14,"though he is dead, that his wife and mother may behold him,",unreviewed
iliad,24,36,12,14,who would soon burn him in fire and give him burial rites.,unreviewed
iliad,24,43,11,13,"and helps mankind in turn, finds no dwelling in his breast.",unreviewed
iliad,24,46,9,13,for the relentless Fates have made the mortal heart,unreviewed
iliad,24,47,8,15,"enduring. But Achilles, after taking Hector’s life,",unreviewed
iliad,24,48,10,13,still binds him to the tomb of his beloved companion,unreviewed
iliad,24,51,9,13,he dishonors only the mute earth in his fury.”,unreviewed
iliad,24,54,11,15,"one honor. Hector was mortal, and a woman gave him suck;",unreviewed
iliad,24,55,11,15,"but Achilles is the child of a goddess, whom I myself",unreviewed
iliad,24,57,11,16,the man beloved among immortals. You all came to the wedding;,unreviewed
iliad,24,59,10,14,Then cloud-gathering Zeus answered her: “Do not be wholly,unreviewed
iliad,24,60,11,15,"enraged against the gods, Hera. Their honor shall not be one;",unreviewed
iliad,24,61,13,16,"yet Hector was the dearest of the men in Ilium to the gods,",unreviewed
iliad,24,62,13,14,"as he was dear to me, for never did he fail in gifts.",unreviewed
iliad,24,63,10,15,"My altar never lacked its equal feast, libation, or smoke—",unreviewed
iliad,24,64,11,14,the honor that we have received. Let us leave the stealing,unreviewed
iliad,24,65,9,14,of Hector; it cannot be done unseen from Achilles:,unreviewed
iliad,24,67,13,15,"But let some god call Thetis nearer to me, that I may speak",unreviewed
iliad,24,68,10,15,"a careful word: Achilles shall receive the gifts from Priam,",unreviewed
iliad,24,71,9,14,to carry the message. Between steep Samos and Imbros,unreviewed
iliad,24,72,11,14,she leapt into the dark sea; the water groaned beneath her.,unreviewed
iliad,24,73,13,14,"Like lead she plunged into the deep, as a wild bull’s horn",unreviewed
iliad,24,74,10,13,"receives the weight and bears it down among the fish,",unreviewed
iliad,24,75,11,14,carrying death to them. She found Thetis in a hollow cave;,unreviewed
iliad,24,76,11,15,"around her sat the gathered sea-goddesses, and in their midst",unreviewed
iliad,24,77,12,14,"she mourned the fate of her blameless son, who was to die",unreviewed
iliad,24,79,10,15,"Swift-footed Iris stood beside her and said: “Arise, Thetis.",unreviewed
iliad,24,81,9,14,Silver-footed Thetis answered: “Why does that mighty god,unreviewed
iliad,24,82,10,15,command me? I am ashamed to mingle with the immortals;,unreviewed
iliad,24,83,12,14,my heart is full of grief without measure. Yet I will go;,unreviewed
iliad,24,84,11,15,"his word shall not be spoken vainly, whatever it may be.”",unreviewed
iliad,24,85,11,14,"She took the dark veil about her, darker than any garment,",unreviewed
iliad,24,86,10,13,"and went; before her swift-footed Iris led the way,",unreviewed
iliad,24,87,10,13,while the sea’s wave curved and parted around them.,unreviewed
iliad,24,88,11,13,"They rose from the shore and sped into heaven, and found",unreviewed
iliad,24,90,8,14,"ever enduring, sat assembled there. Thetis sat beside",unreviewed
iliad,24,91,10,15,her father Zeus; Athena yielded her place. White-armed Hera,unreviewed
iliad,24,92,11,16,"set a beautiful golden cup into her hand, and welcomed her",unreviewed
iliad,24,94,10,13,Then the father of gods and men began among them:,unreviewed
iliad,24,95,9,14,"“You have come to Olympus, goddess Thetis, grieving still,",unreviewed
iliad,24,96,9,13,though I know your sorrow and its unforgotten weight.,unreviewed
iliad,24,97,14,14,Yet I will tell you why I called you here. For nine days now,unreviewed
iliad,24,98,11,18,the quarrel has risen among the immortals over Hector’s corpse,unreviewed
iliad,24,99,10,14,and city-sacker Achilles; they urge the clear-eyed Slayer,unreviewed
iliad,24,100,13,20,"of Argus to steal the body. But I confer this honor upon Achilles,",unreviewed
iliad,24,101,10,16,guarding your reverence and the love you shall retain hereafter.,unreviewed
iliad,24,102,13,16,"Go quickly to the army, and charge your son: the gods are angry,",unreviewed
iliad,24,103,12,16,"and I, beyond all others, am angered, because in his maddened mind",unreviewed
iliad,24,104,12,15,he keeps Hector beside the curved ships and will not release him.,unreviewed
iliad,24,105,13,16,"Perhaps he may fear me, and release the body. And I shall send",unreviewed
iliad,24,106,11,15,"Iris to great-hearted Priam, bidding him ransom his dear son,",unreviewed
iliad,24,107,11,14,and carry gifts to Achilles—gifts that may soothe his heart.”,unreviewed
iliad,24,108,9,13,"Thetis did not refuse. From Olympus’ heights she sprang,",unreviewed
iliad,24,110,8,13,"the ships, lamenting deeply; all his dear companions",unreviewed
iliad,24,113,11,14,"The august mother sat beside him, stroked him with her hand,",unreviewed
iliad,24,116,13,15,forgetful of thy food and of thy bed? It is a good thing,unreviewed
iliad,24,117,14,15,to join in love with a woman; for thy life shall not be long:,unreviewed
iliad,24,118,9,13,death and the mighty Fate already stand beside thee.,unreviewed
iliad,24,120,12,14,"He says the gods are angered with thee, and that he himself,",unreviewed
iliad,24,121,8,13,"beyond all other immortals, is most deeply angered,",unreviewed
iliad,24,122,10,14,because with mind distraught thou keepest Hector by the ships,unreviewed
iliad,24,125,11,15,Swift-footed Achilles answered: “So let it be—let him come,unreviewed
iliad,24,127,10,15,if the Olympian himself commands it with a willing heart.”,unreviewed
iliad,24,128,10,14,Thus mother and son beside the ships exchanged their many,unreviewed
iliad,24,129,9,13,winged words. Meanwhile the Son of Cronus sent Iris,unreviewed
iliad,24,130,9,13,"to sacred Ilium: “Go, swift Iris, leave Olympus’ seat;",unreviewed
iliad,24,131,9,13,"tell great-hearted Priam, within the city, to ransom",unreviewed
iliad,24,132,11,13,"his dear son, going alone to the ships of the Achaeans,",unreviewed
iliad,24,133,12,14,and to bring gifts to Achilles—gifts that may soothe his heart.,unreviewed
iliad,24,134,10,16,Let no other Trojan follow him. Only some older herald,unreviewed
iliad,24,135,13,15,"may go with him, to guide his mules and his well-wheeled wagon,",unreviewed
iliad,24,136,10,13,and afterward bring back to the city the dead man,unreviewed
iliad,24,137,10,14,"whom noble Achilles killed. Let death not trouble his mind,",unreviewed
iliad,24,138,14,15,"nor let him fear; we shall give him as guide the Slayer of Argus,",unreviewed
iliad,24,139,11,17,who will conduct him safely until he brings him near Achilles.,unreviewed
iliad,24,140,10,17,"When he has led him within Achilles’ shelter, neither Achilles",unreviewed
iliad,24,141,12,14,"himself shall kill him, nor shall he let the others kill him;",unreviewed
iliad,24,142,8,13,"for he is neither foolish, heedless, nor transgressing,",unreviewed
iliad,24,144,11,13,"So he spoke, and storm-swift Iris went bearing the word.",unreviewed
iliad,24,148,12,14,"in a cloak, close-folded, and much dung lay upon his head",unreviewed
iliad,24,150,13,15,"with his own hands. His daughters in the halls, and daughters-in-law,",unreviewed
iliad,24,151,9,14,"mourned, remembering the many brave men who had fallen,",unreviewed
iliad,24,153,10,14,The messenger of Zeus stood beside Priam and spoke softly;,unreviewed
iliad,24,155,10,13,"Priam, son of Dardanus; let no fear enter thy heart.",unreviewed
iliad,24,156,13,15,"I have not come with evil in my sight, but with good intent.",unreviewed
iliad,24,157,13,17,"I am a messenger of Zeus, who, though far away, cares for thee",unreviewed
iliad,24,158,10,16,"and pities thee. The Olympian bids thee ransom noble Hector,",unreviewed
iliad,24,159,11,14,and carry gifts to Achilles—gifts that may soothe his heart.,unreviewed
iliad,24,160,10,16,Let no other Trojan follow thee. Only some older herald,unreviewed
iliad,24,161,11,16,"may accompany thee, to guide thy mules and well-wheeled wagon,",unreviewed
iliad,24,162,11,16,and afterward bring home the dead man whom noble Achilles killed.,unreviewed
iliad,24,163,12,13,"Let death not trouble thy mind, nor fear; for such a guide",unreviewed
iliad,24,164,12,14,"as the Slayer of Argus shall follow with thee, and lead thee",unreviewed
iliad,24,165,12,16,until he brings thee near Achilles. When he has led thee within,unreviewed
iliad,24,166,8,13,"the shelter, neither Achilles himself shall kill thee,",unreviewed
iliad,24,167,13,16,"nor shall he let the others kill thee; for he is neither foolish,",unreviewed
iliad,24,168,9,15,"nor heedless, nor a transgressor, but will carefully spare",unreviewed
iliad,24,169,3,4,the suppliant man.”,unreviewed
iliad,24,170,9,15,"Having spoken thus, swift-footed Iris departed. But Priam",unreviewed
iliad,24,171,11,16,"commanded his sons to make ready the smooth-running mule-cart,",unreviewed
iliad,24,172,12,17,and to fasten its wicker basket upon it. He himself went down,unreviewed
iliad,24,174,9,13,which held within it many treasures. There he called,unreviewed
iliad,24,175,9,13,"his wife Hecuba, and spoke: “Strange one, a messenger",unreviewed
iliad,24,176,13,15,"from Zeus has come to me, commanding that I go to the ships",unreviewed
iliad,24,177,11,14,"of the Achaeans, to ransom my beloved son, and bring gifts",unreviewed
iliad,24,179,11,14,what seems this counsel to thy mind? For a terrible force,unreviewed
iliad,24,180,12,16,"and desire urges me to go there, within the wide Achaean host.”",unreviewed
iliad,24,181,12,15,"She cried aloud and answered: “Ah me! Where has thy reason fled,",unreviewed
iliad,24,182,11,15,for which thou wert renowned among strangers and those thou rulest?,unreviewed
iliad,24,183,13,16,"How canst thou wish to go alone among the ships of the Achaeans,",unreviewed
iliad,24,184,14,16,"into the eyes of the man who has destroyed so many of thy sons,",unreviewed
iliad,24,185,11,13,so brave and noble? Thy heart must be made of iron.,unreviewed
iliad,24,186,11,14,"If that savage, faithless man should seize thee and behold thee,",unreviewed
iliad,24,187,12,15,"he would show thee no mercy, nor any reverence. Let us sit",unreviewed
iliad,24,188,14,16,here in the hall apart and mourn; for such a thread the mighty Fate,unreviewed
iliad,24,190,12,17,"the swift-footed dogs far from his parents, beside a powerful man.",unreviewed
iliad,24,191,12,14,"Then might I bite the liver of that man, clinging to him—",unreviewed
iliad,24,192,13,14,"such deeds would answer for my child, since he did not kill him",unreviewed
iliad,24,193,11,16,"while shrinking back, but stood before the Trojans and their wives,",unreviewed
iliad,24,195,10,14,Then godlike aged Priam answered her: “Do not restrain me,unreviewed
iliad,24,196,13,17,when I desire to go; do not become an evil bird of omen,unreviewed
iliad,24,197,11,15,within my house. Thou shalt not persuade me. If another man,unreviewed
iliad,24,198,11,15,among earth’s people had commanded this—some seer who reads,unreviewed
iliad,24,199,10,13,"the sacrifices, or a priest—we should call it false,",unreviewed
iliad,24,200,13,15,"and turn away the more. But now I have heard the god himself,",unreviewed
iliad,24,201,11,14,"and looked upon him face to face; therefore I shall go,",unreviewed
iliad,24,202,14,15,and his word shall not be vain. If it is my portion to die,unreviewed
iliad,24,203,11,13,"beside the ships of the bronze-clad Achaeans, so be it;",unreviewed
iliad,24,204,12,16,"let Achilles kill me at once, after I have embraced my son",unreviewed
iliad,24,206,10,14,"So speaking, he opened the beautiful lids of the chests.",unreviewed
iliad,24,209,9,14,"as many shining coverlets, and tunics for them all.",unreviewed
iliad,24,212,10,14,"and from the chamber came a cup of surpassing beauty,",unreviewed
iliad,24,213,11,14,"which Thracian men had given him, when he went among them",unreviewed
iliad,24,214,12,15,"as envoy—a noble treasure. Yet the old king spared it not,",unreviewed
iliad,24,215,11,14,for all his heart was set on ransoming his beloved son.,unreviewed
iliad,24,216,12,15,Then he drove all the Trojans from the porch with shameful words:,unreviewed
iliad,24,217,11,16,"“Away, ye blemished cowards! Is there no mourning in your houses,",unreviewed
iliad,24,218,14,16,that ye have come to trouble me? Do ye rejoice that Zeus the Son,unreviewed
iliad,24,219,12,15,"of Cronus has given me this sorrow, and destroyed my best son?",unreviewed
iliad,24,220,12,14,Ye shall learn it too: the Achaeans will find it easier now,unreviewed
iliad,24,221,14,16,"to kill you, when he is dead. But I—before I see the city",unreviewed
iliad,24,223,5,7,into the house of Hades!”,unreviewed
iliad,24,224,13,14,"With his staff he drove them out; they went before the old man,",unreviewed
iliad,24,225,9,14,"hastening at his rebuke. He called his sons together,",unreviewed
iliad,24,226,6,13,"and scolded Helenus, Paris, noble Agathon,",unreviewed
iliad,24,229,9,13,"“Make haste, my evil children, hateful as ye are!",unreviewed
iliad,24,230,11,14,Would that ye all had perished in Hector’s place beside,unreviewed
iliad,24,231,8,13,"the swift ships! Ah me, most utterly unfortunate,",unreviewed
iliad,24,233,10,16,"yet none remains, neither godlike Mestor, nor horse-loving Troilus,",unreviewed
iliad,24,234,12,15,"nor Hector, who seemed a god among mankind, and was no son",unreviewed
iliad,24,235,10,14,"of mortal man, but seemed the child of some divinity.",unreviewed
iliad,24,238,12,15,thieves of the lambs and kids that belong to their own people.,unreviewed
iliad,24,239,13,15,"Will ye not swiftly harness the cart for me, and load on it",unreviewed
iliad,24,241,10,13,"He spoke; and they, afraid of their father’s rebuke,",unreviewed
iliad,24,242,9,15,"lifted the smooth-running mule-cart, beautiful, newly made,",unreviewed
iliad,24,243,11,15,and bound its wicker basket firmly upon it. From the peg,unreviewed
iliad,24,244,10,14,"they took the mule-yoke, boxwood, rounded at its center,",unreviewed
iliad,24,245,12,14,"well fitted to its handles; then they carried out the yoke-band,",unreviewed
iliad,24,246,11,13,"nine cubits long, with the yoke itself. They laid it well",unreviewed
iliad,24,247,11,14,"upon the polished pole’s first step, and cast the ring",unreviewed
iliad,24,248,12,15,upon its pin; three times on either side they tied it fast,unreviewed
iliad,24,249,12,15,"around the knob, then drew it tight in order beneath the tongue.",unreviewed
iliad,24,251,9,13,"countless gifts, the ransom set upon Hector’s head;",unreviewed
iliad,24,252,11,13,"and yoked the strong-hoofed mules, whose harness once had been",unreviewed
iliad,24,253,11,13,a shining gift the Mysians gave to Priam. The old king,unreviewed
iliad,24,254,11,13,brought up the horses which he himself had raised and fed,unreviewed
iliad,24,255,8,13,beside the polished manger. Within the lofty house,unreviewed
iliad,24,257,9,13,"Then Hecuba, her heart oppressed, came near, carrying wine,",unreviewed
iliad,24,258,11,14,"sweet as honey, in her right hand, within a golden cup,",unreviewed
iliad,24,261,11,13,"“Pour now to Father Zeus, and pray that thou mayest return",unreviewed
iliad,24,262,13,15,"home again from the men who hate thee, since thy heart drives thee",unreviewed
iliad,24,263,12,16,"toward the ships, though I am unwilling. Pray to the dark-clouded",unreviewed
iliad,24,265,9,13,"ask him for a swift eagle, his beloved messenger,",unreviewed
iliad,24,266,10,14,"whose strength is greatest among birds, appearing on the right,",unreviewed
iliad,24,267,14,14,"that thou mayest see it with thine own eyes, and go to the ships",unreviewed
iliad,24,269,11,13,"But if wide-seeing Zeus will not grant his own messenger,",unreviewed
iliad,24,272,9,13,"Godlike Priam answered: “Wife, I will not disobey thee;",unreviewed
iliad,24,273,16,18,"it is good to lift one’s hands to Zeus, and see whether he may pity.”",unreviewed
iliad,24,274,13,18,He called a housekeeper and bade her pour pure water over his hands.,unreviewed
iliad,24,275,10,17,"The attendant stood near, bearing the basin and pitcher together.",unreviewed
iliad,24,277,10,14,"then stood within the court, poured wine while gazing upward,",unreviewed
iliad,24,278,9,13,"and prayed aloud: “Father Zeus, most glorious and greatest,",unreviewed
iliad,24,279,11,14,"who rulest from Ida, grant that I may come to Achilles,",unreviewed
iliad,24,280,10,14,"beloved and pitiful, and send a swift eagle, thy own",unreviewed
iliad,24,281,9,14,"most cherished messenger, whose strength is greatest among birds,",unreviewed
iliad,24,282,12,15,"appearing upon the right, that I may see it with my eyes,",unreviewed
iliad,24,284,4,5,trusting in the sign.”,unreviewed
iliad,24,285,11,13,"So he prayed; and Zeus, the counsellor, heard him. At once",unreviewed
iliad,24,287,10,13,"the dark hunter, whom men also call the dusky one.",unreviewed
iliad,24,288,13,14,"As broad as the high-roofed door of a rich man’s chamber,",unreviewed
iliad,24,289,9,13,"strongly fitted with its shining panels, were its wings",unreviewed
iliad,24,290,11,15,on either side. It flashed upon the right across the city.,unreviewed
iliad,24,291,10,14,"Those who saw it rejoiced, and every heart within them",unreviewed
iliad,24,292,10,14,"was eased. The old man, hastening, climbed upon his chariot;",unreviewed
iliad,24,295,9,14,"the thoughtful herald, guided them; and behind, the horses,",unreviewed
iliad,24,297,10,13,"swiftly through the city. All his friends followed with him,",unreviewed
iliad,24,298,10,15,"lamenting loudly, as though he were already going to death.",unreviewed
iliad,24,299,11,14,"When they had descended from the city and reached the plain,",unreviewed
iliad,24,301,12,14,but the two did not escape the notice of wide-seeing Zeus.,unreviewed
iliad,24,302,12,13,"When he saw the old man upon the plain, he pitied him,",unreviewed
iliad,24,304,11,15,"“Hermes, for thou lovest most of all to be a companion",unreviewed
iliad,24,305,10,14,"to mortal men, and hearest any man whom thou desirest,",unreviewed
iliad,24,306,12,14,"go now, and lead Priam to the hollow ships of the Achaeans,",unreviewed
iliad,24,307,13,15,so that none of the other Danaans may see or know of him,unreviewed
iliad,24,309,11,16,"He spoke; nor did the messenger, the Slayer of Argus, disobey.",unreviewed
iliad,24,310,11,17,"At once he bound beneath his feet the beautiful immortal sandals,",unreviewed
iliad,24,311,11,16,"golden, ambrosial, which carried him over wet sea and boundless land,",unreviewed
iliad,24,312,12,14,together with the breath of wind. He took the wand with which,unreviewed
iliad,24,313,13,17,"he charms the eyes of mortal men, whom he wishes, and wakes again",unreviewed
iliad,24,314,12,15,"those who are sleeping. Holding it in his hands, the mighty Slayer",unreviewed
iliad,24,315,11,14,of Argus flew; and soon he reached Troy and the Hellespont.,unreviewed
iliad,24,316,12,15,"He went upon the road in the likeness of a young prince,",unreviewed
iliad,24,317,12,16,"just entering the first bloom of youth, when that youth is loveliest.",unreviewed
iliad,24,318,13,16,"When they had driven past the great tomb beyond the city of Ilium,",unreviewed
iliad,24,319,13,16,"they stopped the mules and horses, that they might drink from the river;",unreviewed
iliad,24,320,12,17,"for dusk had already spread itself upon the earth. Then the herald,",unreviewed
iliad,24,321,10,13,"seeing Hermes near them, recognized him and spoke to Priam:",unreviewed
iliad,24,322,11,13,"“Dardanid, take thought; I see a man, and soon, I fear,",unreviewed
iliad,24,323,12,15,"he will destroy us both. Come, let us flee upon the horses,",unreviewed
iliad,24,324,13,17,"or clasp his knees and supplicate him, if perhaps he may pity us.”",unreviewed
iliad,24,325,12,13,So he spoke; and terror poured through the old man’s mind;,unreviewed
iliad,24,326,12,15,the hairs stood straight upon his bending limbs. But the gracious god,unreviewed
iliad,24,328,10,13,"“Father, how dost thou guide these horses and mules through",unreviewed
iliad,24,329,11,15,"the immortal night, when other mortals sleep? Hast thou no fear",unreviewed
iliad,24,330,10,13,"of the Achaeans breathing fury, though they are near thee,",unreviewed
iliad,24,331,11,14,hostile and fierce? If one of them should see thee carrying,unreviewed
iliad,24,333,11,13,"what thought would then possess thee? Thou art not young thyself,",unreviewed
iliad,24,334,13,17,and this companion is an old man too—hardly able to ward off,unreviewed
iliad,24,335,14,16,"the first who should begin a quarrel. But I will do thee no harm,",unreviewed
iliad,24,336,12,15,and even from another I would shield thee; for thou art like,unreviewed
iliad,24,337,3,5,my beloved father.”,unreviewed
iliad,24,338,11,14,"Then godlike aged Priam answered: “My dear child, in all this",unreviewed
iliad,24,339,13,16,"thou hast spoken truly. Yet some god has stretched a hand above me,",unreviewed
iliad,24,340,13,16,and sent such a traveler to meet me—one whose form and beauty,unreviewed
iliad,24,341,12,15,"are fortunate, and whose mind is wise, and whose parents are blessed.”",unreviewed
iliad,24,342,9,13,"Then the messenger, the Slayer of Argus, answered him:",unreviewed
iliad,24,343,11,14,"“Yes, old man, all this thou hast spoken according to fate.",unreviewed
iliad,24,345,9,16,are ye sending these many beautiful and precious treasures,unreviewed
iliad,24,346,11,15,"to foreign men, that they may remain safe for thee elsewhere?",unreviewed
iliad,24,347,9,15,"Or are all of you already abandoning sacred Ilium,",unreviewed
iliad,24,349,12,17,has fallen—and he lacked nothing in the battle against the Achaeans?”,unreviewed
iliad,24,350,11,14,"“And who art thou, most excellent, and of what parents born?",unreviewed
iliad,24,351,8,13,Thou hast spoken well concerning my unhappy son.”,unreviewed
iliad,24,353,11,15,"“Old man, thou testest me, and askest me of noble Hector.",unreviewed
iliad,24,354,13,16,I have seen him often in the glorious battle where men win fame;,unreviewed
iliad,24,355,12,16,"I saw him also when he drove the Argives toward the ships,",unreviewed
iliad,24,357,13,17,"for Achilles, angered with the son of Atreus, would not let us fight.",unreviewed
iliad,24,358,14,17,"I was his servant, and one well-built ship brought me from Myrmidon land.",unreviewed
iliad,24,359,13,18,"My father is Polyctor. He is rich, but already old as thou art;",unreviewed
iliad,24,360,14,16,"six sons he has, and I am the seventh. By lot I was chosen",unreviewed
iliad,24,361,15,17,to come here among them. Now I have come from the ships upon the plain;,unreviewed
iliad,24,362,12,15,at dawn the bright-eyed Achaeans will make battle round the city.,unreviewed
iliad,24,363,11,14,"Their kings are impatient as they sit, and cannot hold back",unreviewed
iliad,24,365,10,13,Godlike old Priam answered: “If thou art indeed a servant,unreviewed
iliad,24,367,13,18,"is my son still beside the ships, or has Achilles already cut him",unreviewed
iliad,24,371,10,15,"he still lies there beside Achilles’ ship, within the shelter,",unreviewed
iliad,24,372,13,15,"just as he was. The twelfth dawn has risen while he lies there,",unreviewed
iliad,24,373,12,14,"yet his flesh does not decay, nor do the worms consume him,",unreviewed
iliad,24,375,10,16,At daybreak Achilles drags him without pity around the tomb,unreviewed
iliad,24,376,10,15,of his beloved companion; but he does not dishonor him.,unreviewed
iliad,24,377,13,15,"Go and see for thyself how fresh he lies, with blood washed away,",unreviewed
iliad,24,378,12,13,and no stain upon him. All the wounds are closed—those wounds,unreviewed
iliad,24,380,13,15,"So greatly do the blessed gods care for thy son, even in death,",unreviewed
iliad,24,382,11,13,"The old man rejoiced and answered: “My child, it is good",unreviewed
iliad,24,383,12,16,"to give the immortals their due gifts; my son never forgot them,",unreviewed
iliad,24,384,12,18,"not once, if ever he lived, within his halls. Therefore they remember",unreviewed
iliad,24,385,14,19,"him now, even in the portion of death. But come, receive this beautiful cup",unreviewed
iliad,24,386,12,15,"from my hand; save me, and guide me under the gods’ protection,",unreviewed
iliad,24,388,12,17,"The messenger answered: “Thou testest me, old man, though I am younger;",unreviewed
iliad,24,389,12,17,"thou wouldst persuade me to accept gifts from thee, without Achilles’ word.",unreviewed
iliad,24,390,14,19,"I fear and reverence him too much to rob him, lest some evil afterward",unreviewed
iliad,24,391,15,19,"come upon me. But I would be thy guide, even as far as famous Argos,",unreviewed
iliad,24,392,13,15,whether I walked beside thee on foot or sailed in a swift ship;,unreviewed
iliad,24,394,11,13,"So he sprang upon the chariot, took the whip and reins,",unreviewed
iliad,24,395,10,13,and breathed good strength into the horses and the mules.,unreviewed
iliad,24,397,9,13,the guards had only just begun their evening meal;,unreviewed
iliad,24,398,12,16,"then the messenger, the Slayer of Argus, poured sleep over them all,",unreviewed
iliad,24,399,11,13,"and at once opened the gates and thrust back the bars,",unreviewed
iliad,24,400,10,15,leading Priam and the shining gifts inside upon the wagon.,unreviewed
iliad,24,404,13,15,with a thatch of meadow-grass; and when around it they had made,unreviewed
iliad,24,406,9,13,"and one pinewood gate, fastened by a single bar,",unreviewed
iliad,24,407,10,13,which three Achaeans used to close and three to open—,unreviewed
iliad,24,409,10,13,"then gracious Hermes opened the gate for the old man,",unreviewed
iliad,24,410,13,15,and brought in Priam and the glorious gifts to the swift-footed son,unreviewed
iliad,24,411,13,15,of Peleus. He stepped down from the horses to the earth and spoke:,unreviewed
iliad,24,412,10,13,"“Old man, know that I am Hermes, an immortal god.",unreviewed
iliad,24,413,11,13,My father sent me as thy guide. But now I return;,unreviewed
iliad,24,414,12,17,I will not enter the eyes of Achilles; it would be unseemly,unreviewed
iliad,24,415,12,16,for an immortal to show such honor face to face to mortals.,unreviewed
iliad,24,417,10,14,"and supplicate him for his father, his fair-haired mother,",unreviewed
iliad,24,419,7,14,"So speaking, Hermes departed toward high Olympus.",unreviewed
iliad,24,421,12,14,to guard the horses and the mules. The old king went straight,unreviewed
iliad,24,422,9,15,into the shelter where Achilles was accustomed to sit.,unreviewed
iliad,24,423,8,14,He found Achilles within; his companions sat apart.,unreviewed
iliad,24,424,9,18,"Only two heroes, Automedon and Alcimus, branches of Ares,",unreviewed
iliad,24,425,13,15,"served him as he sat; he had newly ended his food and drink,",unreviewed
iliad,24,427,9,13,"Great Priam entered unseen, stood near, clasped Achilles’ knees,",unreviewed
iliad,24,428,11,14,"and kissed the hands terrible in battle, hands that had killed",unreviewed
iliad,24,429,14,18,"so many of his sons. As when a man, stricken by a sudden madness,",unreviewed
iliad,24,430,10,16,"having killed a countryman, comes among strangers to the house",unreviewed
iliad,24,431,11,14,"of a wealthy man, and wonder seizes all who see him—",unreviewed
iliad,24,433,9,14,"the others wondered too, and looked upon one another.",unreviewed
iliad,24,435,8,15,"“Remember thy father, godlike Achilles, like me upon",unreviewed
iliad,24,436,11,16,the grievous threshold of old age. Perhaps the neighbors around him,unreviewed
iliad,24,437,14,15,"wear him down, and there is no one to ward off trouble and ruin.",unreviewed
iliad,24,438,10,14,"Yet he, hearing that thou livest, rejoices in his heart,",unreviewed
iliad,24,439,12,17,and every day hopes to see his dear son returning from Troy.,unreviewed
iliad,24,440,11,18,But I am altogether unfortunate: I fathered the best of sons,unreviewed
iliad,24,446,12,17,"But the one who stood alone, defending the city and its people—",unreviewed
iliad,24,447,13,17,"Hector, whom thou hast killed but lately as he fought for his country—",unreviewed
iliad,24,448,13,14,"for his sake I have come now to the ships of the Achaeans,",unreviewed
iliad,24,449,12,15,to ransom him from thee; and I bring a ransom beyond counting.,unreviewed
iliad,24,450,9,14,"Revere the gods, Achilles, and have pity upon me,",unreviewed
iliad,24,451,9,15,remembering thy father. I am more pitiable than he;,unreviewed
iliad,24,452,12,16,for I have endured what no other mortal on earth has endured:,unreviewed
iliad,24,453,15,15,I have brought my hand to the mouth of the man who killed my son.”,unreviewed
iliad,24,454,14,18,"So he spoke, and stirred in Achilles the desire to weep for his father.",unreviewed
iliad,24,455,12,14,He took the old man’s hand and gently pushed him away.,unreviewed
iliad,24,456,11,17,"Then, remembering each other, the one mourned Hector the man-killer,",unreviewed
iliad,24,457,10,17,"lying released before Achilles’ feet; and Achilles mourned his father,",unreviewed
iliad,24,458,13,18,and at times Patroclus. The sound of their lament rose throughout the house.,unreviewed
iliad,24,459,9,14,"When noble Achilles had taken his fill of mourning,",unreviewed
iliad,24,461,15,16,"he rose at once from his seat and lifted the old man by the hand,",unreviewed
iliad,24,463,11,14,"“Ah, wretched man, thou hast endured many sorrows in thy heart.",unreviewed
iliad,24,464,13,16,"How couldst thou dare to come alone among the ships of the Achaeans,",unreviewed
iliad,24,465,15,17,into the eyes of the man who has destroyed so many of thy brave sons?,unreviewed
iliad,24,466,12,14,"Thy heart must be made of iron. Come, sit upon this seat;",unreviewed
iliad,24,467,13,15,"though we are grieving, let us lay our pains down within our hearts.",unreviewed
iliad,24,468,13,15,There is no profit in the chill lament; for the gods have spun,unreviewed
iliad,24,469,9,15,"this destiny for miserable mortals: to live in grief,",unreviewed
iliad,24,471,11,13,"“Two jars stand upon Zeus’ floor, filled with gifts he gives:",unreviewed
iliad,24,472,11,14,"one holds evils, the other blessings. To the man with whom",unreviewed
iliad,24,473,11,16,"Zeus who delights in thunder mingles the gifts, now evil comes,",unreviewed
iliad,24,474,14,18,"now good; but to the man to whom he gives only the sorrowful gifts,",unreviewed
iliad,24,475,13,18,"he makes him disgraced, and grim hunger drives him over the bright earth;",unreviewed
iliad,24,479,12,16,"and ruled the Myrmidons. Though mortal, the gods gave him a goddess",unreviewed
iliad,24,480,12,15,for his wife; yet even upon him a god laid this evil:,unreviewed
iliad,24,481,12,14,"no race of mighty sons was born to him within his halls,",unreviewed
iliad,24,482,11,13,"but only one son, born to a death before his time.",unreviewed
iliad,24,483,16,17,"Nor do I care for him now that he grows old, since far from his country",unreviewed
iliad,24,484,12,15,"I sit in Troy, bringing sorrow to thee and to thy children.",unreviewed
iliad,24,486,11,16,"as far as Lesbos, the seat of Makar, encloses thee above,",unreviewed
iliad,24,489,11,14,"But since the gods of heaven brought this sorrow upon thee,",unreviewed
iliad,24,490,8,15,battles and slaughter have forever surrounded thy city.,unreviewed
iliad,24,491,10,15,"Endure, and do not lament without ceasing within thy heart;",unreviewed
iliad,24,492,13,15,"thy grief will win thee nothing, nor wilt thou raise thy son again,",unreviewed
iliad,24,494,10,13,"Godlike aged Priam answered him: “Do not make me sit,",unreviewed
iliad,24,495,11,17,"nurseling of Zeus, while Hector lies uncared for in the shelter.",unreviewed
iliad,24,496,11,13,"Release him quickly, that I may see him with my eyes;",unreviewed
iliad,24,498,10,13,"enjoy it, and mayest thou return to thy native land,",unreviewed
iliad,24,499,13,15,since thou hast first allowed me to live and look upon the sun.”,unreviewed
iliad,24,500,9,15,Swift-footed Achilles looked darkly upon him and answered:,unreviewed
iliad,24,501,11,13,"“Stir me no further now, old man. I myself know well",unreviewed
iliad,24,502,12,14,that I must release thy Hector; from Zeus there came to me,unreviewed
iliad,24,503,10,13,"my mother, daughter of the ancient lord of the sea.",unreviewed
iliad,24,504,12,13,"And I know thee too, Priam; thou dost not escape my mind:",unreviewed
iliad,24,505,12,13,some god has led thee to the swift ships of the Achaeans.,unreviewed
iliad,24,506,11,13,"No mortal, not even one in the first strength of youth,",unreviewed
iliad,24,507,11,14,would dare to come into our army; he could not escape,unreviewed
iliad,24,508,12,16,"the watchmen’s eyes, nor easily move the bar across our gate.",unreviewed
iliad,24,509,9,13,"Therefore trouble my heart no further in its grief,",unreviewed
iliad,24,510,12,15,"lest, old man, I leave thee not even here within my shelter,",unreviewed
iliad,24,511,11,14,"though thou art my suppliant, and transgress the commands of Zeus.”",unreviewed
iliad,24,514,7,14,"not alone: Automedon and Alcimus followed him,",unreviewed
iliad,24,516,9,14,"after Patroclus, who had fallen. They loosed the horses",unreviewed
iliad,24,517,10,13,"and the mules from beneath the yoke, and brought within",unreviewed
iliad,24,519,12,15,"they set him down upon a seat, and from the polished wagon",unreviewed
iliad,24,520,9,16,they lifted the immeasurable ransom for Hector’s head.,unreviewed
iliad,24,521,10,13,"But they left two robes and one well-woven tunic,",unreviewed
iliad,24,523,8,14,Achilles called the serving-women and commanded them,unreviewed
iliad,24,524,10,14,"to wash the body and anoint it, carrying it aside,",unreviewed
iliad,24,526,12,15,"the old man’s wounded heart might fail to restrain his anger,",unreviewed
iliad,24,527,11,14,"and Achilles’ heart might rise again, and he might kill him,",unreviewed
iliad,24,528,9,14,transgressing the commands of Zeus. When the serving-women,unreviewed
iliad,24,529,12,15,"had washed him and anointed him with oil, they cast around him",unreviewed
iliad,24,530,9,16,a beautiful robe and tunic. Achilles himself lifted him,unreviewed
iliad,24,531,10,13,from the bier and laid him upon it; his companions,unreviewed
iliad,24,533,10,15,Then Achilles groaned and called his beloved companion by name:,unreviewed
iliad,24,534,11,16,"“Be not angry with me, Patroclus, if thou hearest in Hades,",unreviewed
iliad,24,535,10,14,that I have released noble Hector to his dear father;,unreviewed
iliad,24,536,12,17,for he has given me no unworthy ransom. Of these gifts also,unreviewed
iliad,24,537,9,14,I will divide with thee whatever portion is fitting.”,unreviewed
iliad,24,538,9,16,"So speaking, noble Achilles went again into the shelter,",unreviewed
iliad,24,539,12,15,"and sat upon the richly worked seat from which he had risen,",unreviewed
iliad,24,542,12,14,he lies upon the bier. At the rising of the bright dawn,unreviewed
iliad,24,543,11,14,thou shalt see him thyself and carry him away. But now,unreviewed
iliad,24,544,4,6,let us remember food.,unreviewed
iliad,24,545,10,14,"“For even fair-haired Niobe remembered food, though twelve children",unreviewed
iliad,24,546,12,16,perished within her house—six daughters and six sons in the flower,unreviewed
iliad,24,547,10,13,"of youth. Apollo, with his silver bow, killed the sons,",unreviewed
iliad,24,548,10,15,"angered with Niobe; and Artemis, the archer, killed the daughters,",unreviewed
iliad,24,549,9,13,"because Niobe had compared herself with fair-cheeked Leto,",unreviewed
iliad,24,550,12,17,"saying that Leto bore two children, while she herself had borne many.",unreviewed
iliad,24,552,16,17,"For nine days they lay in their blood, and no one was there to bury them;",unreviewed
iliad,24,553,14,17,the Son of Cronus had turned the people into stone. On the tenth day,unreviewed
iliad,24,554,10,13,"the gods of heaven buried them. Yet she remembered food,",unreviewed
iliad,24,556,10,16,"And now, somewhere among the rocks, in the lonely mountains,",unreviewed
iliad,24,557,11,14,"on Sipylus, where they say the goddess-nymphs have their beds,",unreviewed
iliad,24,558,11,14,"the nymphs who dance around Achelous, there, though she is stone,",unreviewed
iliad,24,561,9,13,"Afterward thou shalt weep again for thy beloved son,",unreviewed
iliad,24,562,12,14,when thou hast brought him into Ilium; and he shall bring thee,unreviewed
iliad,24,563,2,3,many tears.”,unreviewed
iliad,24,564,10,13,Swift Achilles sprang up and slaughtered a white-fleeced sheep.,unreviewed
iliad,24,565,8,13,His companions flayed it and prepared it properly;,unreviewed
iliad,24,566,12,17,"they cut the meat with skill, spitted it, and roasted it carefully,",unreviewed
iliad,24,567,10,15,then drew all the portions away. Automedon took the bread,unreviewed
iliad,24,568,10,14,and set it out in handsome baskets upon the table;,unreviewed
iliad,24,571,11,13,"When they had put away their desire for drink and food,",unreviewed
iliad,24,572,9,14,"Dardanian Priam wondered at Achilles—how great he was,",unreviewed
iliad,24,573,12,15,"and what a man he seemed, for he resembled the immortal gods.",unreviewed
iliad,24,574,8,13,"And Achilles wondered at Dardanian Priam in turn,",unreviewed
iliad,24,576,11,15,"When they had taken their fill of looking upon each other,",unreviewed
iliad,24,577,5,7,godlike aged Priam spoke first:,unreviewed
iliad,24,578,12,17,"“Tell me now, nurseling of Zeus, and tell me quickly, that already",unreviewed
iliad,24,579,10,13,we may find sweet sleep and rest ourselves in slumber.”,unreviewed
iliad,24,580,13,14,“That we may take our fill of sweet sleep and rest in slumber.,unreviewed
iliad,24,585,13,14,Now I have tasted food and poured the dark wine down my throat;,unreviewed
iliad,24,587,8,16,Achilles commanded his companions and the serving-women,unreviewed
iliad,24,588,11,13,"to set two beds beneath the porch, and spread upon them",unreviewed
iliad,24,589,8,14,"beautiful purple coverlets; over these to lay rugs,",unreviewed
iliad,24,590,9,13,"and woolen cloaks above, that they might wrap themselves.",unreviewed
iliad,24,591,9,13,"The women went out from the chamber, carrying torches,",unreviewed
iliad,24,594,11,14,"“Lie outside, dear old man, lest one of the Achaeans enter,",unreviewed
iliad,24,595,11,15,some counselor who sits beside me as they sit and devise,unreviewed
iliad,24,596,12,14,the counsels that are lawful. If such a man should see thee,unreviewed
iliad,24,598,9,15,"to Agamemnon, shepherd of the people; and the release",unreviewed
iliad,24,600,10,14,"how many days dost thou intend to mourn noble Hector,",unreviewed
iliad,24,601,11,13,that I may stay here myself and hold the people back?”,unreviewed
iliad,24,602,11,15,Godlike aged Priam answered: “If thou wilt grant us to bury,unreviewed
iliad,24,603,10,14,"noble Hector, thou wouldst make thyself most gracious to me",unreviewed
iliad,24,604,14,18,"by doing as I say. Thou knowest how we are enclosed within the city,",unreviewed
iliad,24,605,12,13,and how far the wood must be brought down from the mountain;,unreviewed
iliad,24,606,13,16,the Trojans are very much afraid. For nine days we would mourn him,unreviewed
iliad,24,607,14,16,"within our halls; on the tenth we would bury him, and give a feast",unreviewed
iliad,24,608,12,16,to the people; on the eleventh we would make his burial mound;,unreviewed
iliad,24,610,10,15,"Swift-footed noble Achilles answered: “These things too shall be,",unreviewed
iliad,24,611,11,14,"old Priam, as thou commandest. I shall hold back the battle",unreviewed
iliad,24,617,11,15,"but Achilles slept in the recess of the well-built shelter,",unreviewed
iliad,24,619,10,13,"All the other gods and men, the horse-harnessed warriors,",unreviewed
iliad,24,622,12,13,"within his heart how he might send King Priam from the ships,",unreviewed
iliad,24,625,11,14,"“Old man, thou hast no care for danger, sleeping thus among",unreviewed
iliad,24,626,11,17,"the enemy, after Achilles has spared thee. Thou hast now released",unreviewed
iliad,24,627,12,16,"thy beloved son, and given much for him; but while thou livest,",unreviewed
iliad,24,628,12,15,"thy sons who remain might give three times as much in ransom,",unreviewed
iliad,24,629,9,13,"if Agamemnon, son of Atreus, should learn of thee,",unreviewed
iliad,24,631,12,14,"He spoke; and the old man was afraid, and woke the herald.",unreviewed
iliad,24,633,11,13,and swiftly drove them through the army; no one knew him.,unreviewed
iliad,24,634,11,14,"When they reached the ford of the fair-flowing, eddying Xanthus,",unreviewed
iliad,24,635,8,15,"whom immortal Zeus himself begot, Hermes then descended",unreviewed
iliad,24,636,10,15,"and went away toward high Olympus. Dawn, clothed in saffron,",unreviewed
iliad,24,637,11,14,was spreading over all the earth; and they drove their horses,unreviewed
iliad,24,638,7,13,into the city with lamentation and groaning.,unreviewed
iliad,24,639,11,14,The mules carried the dead man. No other man or woman,unreviewed
iliad,24,641,8,14,"but Cassandra, like golden Aphrodite in her beauty,",unreviewed
iliad,24,642,9,16,"having climbed upon Pergamos, saw her beloved father standing",unreviewed
iliad,24,643,10,13,"in the chariot, and the herald who called the city;",unreviewed
iliad,24,644,11,15,then she saw Hector lying upon the bed upon the mules.,unreviewed
iliad,24,645,10,13,"She cried aloud, and her voice went throughout the city:",unreviewed
iliad,24,646,12,17,"“Behold, ye Trojans and Trojan women, and go forth to meet Hector,",unreviewed
iliad,24,647,12,17,"if ever, while he lived, ye rejoiced when he returned from battle;",unreviewed
iliad,24,648,14,16,"for he was a great joy to the city, and to all the people!”",unreviewed
iliad,24,649,13,17,"So she spoke; nor did any man or woman remain within the city,",unreviewed
iliad,24,650,12,15,for unbearable grief had reached them all. They met the dead man,unreviewed
iliad,24,651,11,15,near the gates. First his beloved wife and his august mother,unreviewed
iliad,24,652,10,13,"rushed to the smooth-running wagon, tearing at their hair,",unreviewed
iliad,24,654,11,13,"And now they would have mourned Hector there the whole day,",unreviewed
iliad,24,655,11,15,"until the sun had gone down, shedding tears before the gates,",unreviewed
iliad,24,656,12,15,had not the old man spoken from the chariot to the people:,unreviewed
iliad,24,657,11,13,"“Make way for me, that I may pass among the mules;",unreviewed
iliad,24,658,13,15,"after I have brought him home, ye shall have your fill of weeping.”",unreviewed
iliad,24,659,11,14,"So he spoke; and they parted, making room for the wagon.",unreviewed
iliad,24,660,12,14,"When they had brought him into the glorious house, they laid him",unreviewed
iliad,24,662,10,13,"leaders of the dirge, to begin the song of mourning.",unreviewed
iliad,24,663,10,13,"They sang the lament, and the women groaned around them.",unreviewed
iliad,24,664,8,13,"White-armed Andromache began the wailing among them,",unreviewed
iliad,24,665,11,13,"holding in her hands the head of Hector, slayer of men:",unreviewed
iliad,24,667,11,13,"within our halls; and our child is still a little one,",unreviewed
iliad,24,669,13,15,I do not think he shall come into his youth; before that time,unreviewed
iliad,24,671,12,14,"For thou art dead, who wast its guardian, and didst defend it,",unreviewed
iliad,24,672,9,15,and keptest safe its reverend wives and little children;,unreviewed
iliad,24,674,11,13,"and I among them. And thou, my child, shalt follow me,",unreviewed
iliad,24,675,10,17,where thou shalt do disgraceful labor before a pitiless lord;,unreviewed
iliad,24,676,11,13,"or some Achaean, seizing thee by the hand, shall hurl thee",unreviewed
iliad,24,677,12,17,"from the tower to a bitter death, in anger because Hector killed",unreviewed
iliad,24,678,11,15,"his brother, or his father, or his son—so many Achaeans",unreviewed
iliad,24,680,10,14,“For thy father was not gentle in the grievous battle.,unreviewed
iliad,24,681,8,13,Therefore the people mourn him throughout the city;,unreviewed
iliad,24,682,13,18,"thou hast made thy parents a lament and sorrow not to be forgotten,",unreviewed
iliad,24,683,10,13,"Hector; but for me, most of all, grievous pains remain.",unreviewed
iliad,24,684,13,13,"For when thou wert dying, thou didst not stretch thy hands to me",unreviewed
iliad,24,685,12,15,"from the bed, nor speak a thoughtful word which I might remember,",unreviewed
iliad,24,687,11,13,"So she spoke in tears, and the women groaned around her.",unreviewed
iliad,24,688,7,13,"Then Hecuba began the loud, unceasing lament:",unreviewed
iliad,24,690,10,13,"while thou wert living, thou wert beloved by the gods;",unreviewed
iliad,24,691,14,16,and even in death they have cared for thee. For all my other sons,unreviewed
iliad,24,692,11,16,"swift-footed Achilles sold, whoever he took beyond the barren sea,",unreviewed
iliad,24,695,11,15,"many times he dragged thee round the tomb of his companion,",unreviewed
iliad,24,696,12,15,"Patroclus, whom thou hadst killed; yet he could not raise him again.",unreviewed
iliad,24,698,8,13,"like one whom silver-bowed Apollo, moving gently,",unreviewed
iliad,24,703,8,14,"my husband is Alexander, beautiful as a god,",unreviewed
iliad,24,704,12,13,who brought me here to Troy—would that I had died before!,unreviewed
iliad,24,705,12,14,This is now the twentieth year since I came from my country,unreviewed
iliad,24,706,13,14,"and left it; yet never have I heard from thee a harsh word,",unreviewed
iliad,24,707,12,15,nor one that cut me with reproach. If another in the halls,unreviewed
iliad,24,708,11,15,"rebuked me—one of thy brothers, or sisters, or the wives",unreviewed
iliad,24,709,11,14,"of thy well-robed brothers, or thy mother, or thy father,",unreviewed
iliad,24,710,11,15,who was always gentle as a father—thou wouldst restrain him,unreviewed
iliad,24,712,11,17,"Therefore I mourn thee and myself together, with a grieving heart;",unreviewed
iliad,24,713,13,16,for no one else remains in spacious Troy who is gentle to me,unreviewed
iliad,24,716,6,7,Then old Priam spoke among them:,unreviewed
iliad,24,717,11,13,"“Bring wood now, ye Trojans, from the city, and fear not",unreviewed
iliad,24,718,10,14,"the Achaeans’ close ambush in your hearts. Achilles charged me,",unreviewed
iliad,24,719,13,15,"when he sent me away from the black ships, not to suffer harm",unreviewed
iliad,24,720,6,7,until the twelfth dawn should come.”,unreviewed
iliad,24,721,12,16,"So he spoke; and beneath the wagons they yoked oxen and mules,",unreviewed
iliad,24,722,7,13,then swiftly gathered together before the city.,unreviewed
iliad,24,723,10,14,For nine days they brought an immeasurable store of wood.,unreviewed
iliad,24,726,11,13,"set the dead man upon the highest part of the pyre,",unreviewed
iliad,24,727,6,7,and cast the fire upon him.,unreviewed
iliad,24,729,9,14,the people gathered around the pyre of glorious Hector.,unreviewed
iliad,24,730,10,14,"When they had gathered and assembled together, first they quenched",unreviewed
iliad,24,732,10,15,pouring bright wine over it. Then his brothers and companions,unreviewed
iliad,24,733,10,13,"gathered the white bones, mourning, and hot tears flowed down",unreviewed
iliad,24,734,12,14,"their cheeks. They lifted them and laid them in a golden chest,",unreviewed
iliad,24,737,9,14,"and covered it above with great stones, closely set.",unreviewed
iliad,24,738,11,14,"They raised the mound with speed, while watchers sat around it,",unreviewed
iliad,24,739,9,13,"guarding on every side, lest the well-greaved Achaeans",unreviewed
iliad,24,740,8,13,should attack before the mourning had been completed.,unreviewed
iliad,24,742,9,13,"then, gathered well together, they held a splendid feast",unreviewed
iliad,24,743,11,13,"within the house of Priam, the king whom Zeus had nourished.",unreviewed
iliad,24,744,10,14,"Thus they tended the tomb of Hector, breaker of horses.",unreviewed
odyssey,1,3,9,13,sacred citadel; who saw the cities of many men,unreviewed
odyssey,1,15,11,13,"still longing for his wife and for the day of return,",unreviewed
odyssey,1,24,4,4,the land he loved.,unreviewed
odyssey,1,25,8,13,"But Poseidon had gone to the distant Ethiopians,",unreviewed
odyssey,1,29,6,13,"remembering Aegisthus, whom famed Orestes killed.",unreviewed
odyssey,1,31,10,14,"their evils come from us. Yet they themselves, by folly,",unreviewed
odyssey,1,33,7,13,"So Aegisthus, against fate, took Agamemnon's wife",unreviewed
odyssey,1,37,9,13,"the son of Atreus will be avenged by Orestes,",unreviewed
odyssey,1,38,10,13,when he comes to manhood and longs for his country.,unreviewed
odyssey,1,40,6,6,for all of it at once.”,unreviewed
odyssey,1,44,11,14,Would that every man who acts as he did might perish!,unreviewed
odyssey,1,47,11,13,"on an island in the sea, where the nymph, the daughter",unreviewed
odyssey,1,50,10,15,"Poseidon still keeps the anger that began with the Cyclops,",unreviewed
odyssey,1,51,9,14,"whom Odysseus blinded, the most powerful of his sons.",unreviewed
odyssey,1,53,12,13,"go now and ask the swift one, Hermes, to tell the nymph",unreviewed
odyssey,1,54,10,13,that we have decided: let the steadfast man go home.,unreviewed
odyssey,1,56,9,13,"Athena said: “Father, if this is truly your will,",unreviewed
odyssey,1,57,10,14,"send Hermes at once. I will go to Ithaca myself,",unreviewed
odyssey,1,61,10,14,"Then I will lead him to Pylos and to Lacedaemon,",unreviewed
odyssey,1,62,10,13,"to seek news of his father, if perhaps that report",unreviewed
odyssey,1,66,9,13,"and over the measureless earth, swift as the wind.",unreviewed
odyssey,1,69,9,13,the ranks of heroes when her anger is awakened.,unreviewed
odyssey,1,70,9,13,"Down from Olympus she came. She stood in Ithaca,",unreviewed
odyssey,1,71,9,13,"before the doors of Odysseus, at the outer court,",unreviewed
odyssey,1,76,9,14,"Telemachus saw her first. He sat among the feasters,",unreviewed
odyssey,1,77,8,15,"grieving within his heart, imagining his noble father,",unreviewed
odyssey,1,79,8,14,"recover his honor, and rule his own possessions.",unreviewed
odyssey,1,90,10,14,"beautiful, high-backed, with a woven cloth laid over it;",unreviewed
odyssey,1,92,9,13,"apart from the suitors, lest the stranger be disturbed",unreviewed
odyssey,1,97,10,14,and poured it over their hands into a silver basin.,unreviewed
odyssey,1,98,8,14,Then an honored housekeeper set a polished table,unreviewed
odyssey,1,101,9,13,"The carver lifted platters of many kinds of meat,",unreviewed
odyssey,1,110,9,13,"When they had eaten and had driven hunger away,",unreviewed
odyssey,1,116,9,14,"From her upper room Penelope heard the inspired singer,",unreviewed
odyssey,1,124,11,13,"the hearts of mortal men, the deeds of gods and heroes,",unreviewed
odyssey,1,127,9,13,"this sorrowful return. It cuts my heart within me,",unreviewed
odyssey,1,128,10,13,for I remember the man I cannot cease to mourn.,unreviewed
odyssey,1,133,9,14,Zeus gives to each man as he himself determines.,unreviewed
odyssey,1,137,10,13,Odysseus was not the only man to lose the day,unreviewed
odyssey,1,139,12,14,"Go to your chamber now, and care for what belongs to you:",unreviewed
odyssey,1,140,11,13,"the loom, the distaff, and the work you give your women.",unreviewed
odyssey,1,141,11,15,"Speech is the concern of every man, but mine above all;",unreviewed
odyssey,1,145,10,13,"When she had reached her upper room with her attendants,",unreviewed
odyssey,1,146,11,17,"she wept for Odysseus, her dear husband, until bright-eyed Athena",unreviewed
odyssey,1,150,8,13,Telemachus then addressed them. His voice was steady:,unreviewed
odyssey,1,151,10,15,"“You suitors of my mother, who carry yourselves with pride,",unreviewed
odyssey,1,152,10,13,"let us feast in quiet, and take pleasure in listening.",unreviewed
odyssey,1,153,12,15,It is a beautiful thing to hear a singer such as this.,unreviewed
odyssey,1,154,10,14,"At dawn let us go to the assembly, every man,",unreviewed
odyssey,1,155,9,13,so I may speak openly and order you away.,unreviewed
odyssey,1,157,9,13,"and consume your own possessions, taking turns by house.",unreviewed
odyssey,1,158,9,13,But if you think it better and more profitable,unreviewed
odyssey,1,160,10,13,"then waste them. I will cry to the everlasting gods,",unreviewed
odyssey,1,164,8,15,"“Telemachus, surely the gods themselves have taught you",unreviewed
odyssey,1,167,9,14,"in sea-girt Ithaca, though it is your inheritance.”",unreviewed
odyssey,1,168,9,15,"Telemachus answered him: “Antinous, if the god wills it,",unreviewed
odyssey,1,170,9,14,"But if there is another better man in Ithaca,",unreviewed
odyssey,1,171,11,13,let him rule; I ask no more than my father's house,unreviewed
odyssey,1,174,9,13,“The gods alone know who will rule in Ithaca.,unreviewed
odyssey,1,175,11,14,"But your possessions remain your own; no one will take them,",unreviewed
odyssey,1,176,10,13,while the island stands and the blood in you remains.,unreviewed
odyssey,1,179,12,13,You have not arrived on foot; you must have crossed the sea.,unreviewed
odyssey,1,180,13,15,"Did you come as a trader, or as one who roams the waves,",unreviewed
odyssey,1,181,9,13,"like pirates who risk their lives upon the deep,",unreviewed
odyssey,1,183,8,14,"Telemachus answered: “Stranger, since you ask me plainly,",unreviewed
odyssey,1,184,12,13,I will tell you. Mentes is my name; I am the son,unreviewed
odyssey,1,185,10,15,"of wise Anchialus, and I rule the oar-loving Taphians.",unreviewed
odyssey,1,186,11,13,"I have come here in my ship and with my companions,",unreviewed
odyssey,1,187,10,14,crossing the dark sea toward men who speak another tongue.,unreviewed
odyssey,1,188,11,18,"I carry bright iron to Temesa, and my companions carry bronze.",unreviewed
odyssey,1,189,11,14,"I have moored my ship beyond the city, at Reithron's harbor,",unreviewed
odyssey,1,190,9,13,"beneath the wooded hill. We claim an ancient friendship,",unreviewed
odyssey,1,191,9,15,"inherited from our fathers, as old Laertes will confirm.",unreviewed
odyssey,1,192,12,14,"Go ask him, they say, though he no longer enters the town,",unreviewed
odyssey,1,193,10,13,"but stays in the country, grieving, with one old woman",unreviewed
odyssey,1,194,11,15,who prepares his meals and washes the dirt from his body,unreviewed
odyssey,1,197,11,13,“I will not trouble the old man. He has suffered much.,unreviewed
odyssey,1,198,12,15,My father left no brother or son behind to take his place.,unreviewed
odyssey,1,199,13,14,"He is gone, and no one knows where the earth has hidden him.",unreviewed
odyssey,1,200,11,14,"He may be alive upon the mainland, or on the sea,",unreviewed
odyssey,1,201,13,19,or dead beneath it. My mother’s family and the island’s people,unreviewed
odyssey,1,203,8,14,"Athena, in the likeness of Mentes, answered him:",unreviewed
odyssey,1,204,11,15,“It is not fitting for you to remain a child forever.,unreviewed
odyssey,1,212,12,15,"As for me, I will return to my ship and my companions.",unreviewed
odyssey,1,213,11,17,Tomorrow call the people to assembly and speak before them all.,unreviewed
odyssey,1,214,11,15,"Order the suitors to leave. Then go to Pylos and Sparta,",unreviewed
odyssey,1,215,11,15,"and ask about your father, whether any mortal has seen him,",unreviewed
odyssey,1,220,10,14,"return to your homeland, build a mound, and honor him",unreviewed
odyssey,1,221,10,14,with all the funeral rites that the dead are owed.,unreviewed
odyssey,1,222,10,15,"Then give your mother to another husband, if she wishes,",unreviewed
odyssey,1,223,11,13,and devise a death for those men who consume your wealth.,unreviewed
odyssey,1,227,10,14,Your father and your uncle will have something to say,unreviewed
odyssey,1,229,8,14,"Telemachus answered: “All this, stranger, you have spoken",unreviewed
odyssey,1,231,12,14,"I will not forget it. Stay, though you are eager to leave,",unreviewed
odyssey,1,236,12,15,"“Do not hold me here, since I am already eager to go.",unreviewed
odyssey,1,237,12,13,"Give the gift when I return, and I will take it home.",unreviewed
odyssey,1,238,10,16,Choose something beautiful. You will receive as much in return.”,unreviewed
odyssey,1,240,11,15,"Telemachus knew then, in his heart, that a god had spoken.",unreviewed
odyssey,1,241,11,16,"He went among the suitors, no longer walking with lowered eyes.",unreviewed
odyssey,1,242,9,15,"The renowned singer still sang, while all listened silently.",unreviewed
odyssey,1,244,10,14,"“You suitors of my mother, who bear yourselves with pride,",unreviewed
odyssey,1,245,11,13,"let us feast in silence, and take pleasure in the song.",unreviewed
odyssey,1,246,10,14,"At dawn we will go to the assembly, every man,",unreviewed
odyssey,1,248,10,15,"Hold your own feasts elsewhere, and consume your own possessions,",unreviewed
odyssey,1,250,10,14,that it is more profitable to consume one man's wealth,unreviewed
odyssey,1,255,11,14,"“The gods themselves must have taught you to speak so boldly,",unreviewed
odyssey,1,256,13,14,and made your words stand like a king's. May Zeus never grant you,unreviewed
odyssey,1,257,13,17,"the kingship in sea-girt Ithaca, though it belongs by birth to you.”",unreviewed
odyssey,1,258,9,15,"Telemachus answered: “Antinous, if the god should give it,",unreviewed
odyssey,1,260,11,16,"But if another man is better, let him rule the island.",unreviewed
odyssey,1,261,12,15,"I ask only to be lord of my own house and possessions,",unreviewed
odyssey,1,262,11,14,"the house that Odysseus won, and which no one may consume.”",unreviewed
odyssey,1,264,9,13,“The gods alone know who will rule in Ithaca.,unreviewed
odyssey,1,267,11,13,You have not come on foot. Surely you crossed the sea.,unreviewed
odyssey,1,268,10,15,"Are you a trader, or a wanderer like the pirates",unreviewed
odyssey,1,269,10,13,who risk their lives and bring danger to other men?”,unreviewed
odyssey,1,270,11,16,"Telemachus answered: “Since you ask me plainly, I will tell you.",unreviewed
odyssey,1,271,13,18,"Mentes is my name, son of wise Anchialus, and I rule the Taphians,",unreviewed
odyssey,1,272,12,14,"who love the oar. I have come with my ship and companions,",unreviewed
odyssey,1,273,9,13,crossing the dark sea toward men of another tongue.,unreviewed
odyssey,1,274,11,18,"I carry bright iron to Temesa, and my companions carry bronze.",unreviewed
odyssey,1,277,13,15,"as old Laertes will tell you, though grief keeps him in the country.",unreviewed
odyssey,1,278,12,15,"But now our guest has departed, and night has come upon us.",unreviewed
odyssey,1,279,11,15,I must prepare the ship and call the people to assembly.”,unreviewed
odyssey,1,281,11,18,"Telemachus followed the torch held by the faithful old nurse Eurynome,",unreviewed
odyssey,1,282,12,13,who had carried him in her arms when he was newly born.,unreviewed
odyssey,1,283,13,16,"She opened the door, and he lay down, turning over in his mind",unreviewed
odyssey,2,1,9,13,"When dawn appeared, the early-born and rosy-fingered,",unreviewed
odyssey,2,9,8,13,"When they had assembled, Telemachus went among them,",unreviewed
odyssey,2,12,10,13,"around him, so that all the people looked and wondered.",unreviewed
odyssey,2,13,12,14,"He sat in his father's seat, and the elders made a place.",unreviewed
odyssey,2,15,11,13,"He knew the counsels of the past, and spoke among them:",unreviewed
odyssey,2,16,11,15,"“Hear me, Ithacans. No assembly has met here since the day",unreviewed
odyssey,2,19,12,15,"Is it a young man, or an older citizen who has heard",unreviewed
odyssey,2,23,10,13,"He stood in the center, and spoke before the people:",unreviewed
odyssey,2,24,12,13,"“Old man, it is I who called you. Grief has entered me.",unreviewed
odyssey,2,25,11,13,"I have heard no word of an army, nor any report",unreviewed
odyssey,2,26,12,15,"that has reached the island. I call you for my private sorrow,",unreviewed
odyssey,2,27,11,14,"and for the ruin of my house, which touches every man.",unreviewed
odyssey,2,29,9,13,"gentle as a father, and you all remember him.",unreviewed
odyssey,2,30,12,15,"Now the best men of the island, and of the neighboring lands,",unreviewed
odyssey,2,31,10,13,"consume my house against my will. They court my mother,",unreviewed
odyssey,2,32,13,15,"and she does not refuse them, nor bring the matter to an end.",unreviewed
odyssey,2,33,10,13,"They eat the livelihood of my house, and waste it.",unreviewed
odyssey,2,34,11,14,"As vultures tear a fallen stag, so they tear the house.",unreviewed
odyssey,2,37,11,13,"Be ashamed for me, and fear the anger of the gods.",unreviewed
odyssey,2,45,8,14,Pity took the whole people. Everyone kept silent.,unreviewed
odyssey,2,48,9,15,"“Telemachus, speaker without restraint, you pour blame on us.",unreviewed
odyssey,2,49,9,14,"The Achaeans are not responsible. It is your mother,",unreviewed
odyssey,2,51,12,15,"For three years she has deceived us, and the fourth is beginning.",unreviewed
odyssey,2,53,10,15,"since noble Odysseus is dead, wait, though you desire marriage,",unreviewed
odyssey,2,54,11,14,"until I finish this great woven cloth, so that my threads",unreviewed
odyssey,2,55,11,13,"may not be wasted. It is a shroud for old Laertes,",unreviewed
odyssey,2,57,12,15,"I would be ashamed if he should lie without a winding cloth,",unreviewed
odyssey,2,61,11,14,but at night she set torches beside her and unwove it.,unreviewed
odyssey,2,63,12,13,"But when the fourth year came, a woman who knew betrayed her,",unreviewed
odyssey,2,65,12,13,"Then she had to finish it, though she did not wish to.",unreviewed
odyssey,2,67,9,13,"send your mother away, and command her to marry",unreviewed
odyssey,2,69,10,14,"If she continues to trouble the sons of the Achaeans,",unreviewed
odyssey,2,70,10,14,"remember: Athena did not give her the gifts of war,",unreviewed
odyssey,2,71,9,14,"nor courage in counsel, nor the understanding of kings.",unreviewed
odyssey,2,72,13,16,It is a long time since the people of Ithaca had a king,unreviewed
odyssey,2,75,9,14,"Telemachus replied: “Antinous, how could I drive her out,",unreviewed
odyssey,2,76,10,14,"against her will, when the gods themselves are her parents?",unreviewed
odyssey,2,77,13,15,"If I sent her from the house, my father's anger would pursue me,",unreviewed
odyssey,2,82,11,13,"and then you will die inside this house, without blood-price.”",unreviewed
odyssey,2,83,8,13,"Then two eagles appeared high above the assembly,",unreviewed
odyssey,2,87,10,13,"The people saw them, and wondered what the omen meant.",unreviewed
odyssey,2,88,9,13,"The elder Halitherses, who knew the flight of birds,",unreviewed
odyssey,2,90,9,13,"“Ithacans, hear me. Trouble is close upon these men.",unreviewed
odyssey,2,91,11,15,"Odysseus is not far from his land. He is already near,",unreviewed
odyssey,2,92,10,13,"bringing death to the suitors, and darkness for them all.",unreviewed
odyssey,2,93,12,17,"Let us act before he returns, or before his son becomes strong.”",unreviewed
odyssey,2,94,7,14,"Then Mentor, the companion of blameless Odysseus,",unreviewed
odyssey,2,96,9,13,"“No longer, Ithacans, does any king hold the scepter;",unreviewed
odyssey,2,97,11,14,"you have grown soft, and no one remembers the old rule.",unreviewed
odyssey,2,98,10,14,"The suitors are not acting with justice, but with violence.",unreviewed
odyssey,2,100,12,13,"Yet I blame the rest of you more: you sit in silence,",unreviewed
odyssey,2,105,10,14,to drive the suitors from the house. Even if Odysseus,unreviewed
odyssey,2,106,10,15,"should come himself, the women of Ithaca would not rejoice",unreviewed
odyssey,2,108,11,14,No omen has shown that he will return. Let us depart.,unreviewed
odyssey,2,109,9,15,"Telemachus may seek a ship elsewhere, if he wishes;",unreviewed
odyssey,2,112,11,14,"and prayed to Athena, the one who had assumed the form",unreviewed
odyssey,2,116,10,14,"let a ship be made ready, and let twenty companions",unreviewed
odyssey,2,117,12,13,"go with me over the sea. I will seek news of him,",unreviewed
odyssey,2,118,8,15,"first at Pylos, then in Lacedaemon beside Menelaus.",unreviewed
odyssey,2,119,11,14,"If I learn that my father lives and is coming home,",unreviewed
odyssey,2,122,12,14,"raise a mound for him, and give my mother to a husband.",unreviewed
odyssey,2,124,6,7,in which they consumed my house.”,unreviewed
odyssey,2,125,11,14,Athena came near him in the shape of Mentor and said:,unreviewed
odyssey,2,126,11,14,“You have spoken well. A man who carries such a purpose,unreviewed
odyssey,2,127,9,14,must not remain without a ship or without companions.,unreviewed
odyssey,2,129,9,13,and gather provisions of wine and water in jars.,unreviewed
odyssey,2,130,12,13,"I will go among the young men, and call them to you.",unreviewed
odyssey,2,133,11,13,She went first to the house of Odysseus. There she found,unreviewed
odyssey,2,135,11,14,on the hides of oxen they had slaughtered for their feast.,unreviewed
odyssey,2,137,8,13,"because they compelled him. Athena stood before them,",unreviewed
odyssey,2,139,9,13,"“Suitors, leave your games. You have feasted long enough.",unreviewed
odyssey,2,140,12,13,Let each man go to his own house. I have a message,unreviewed
odyssey,2,141,8,13,"for Telemachus, who is making ready to sail.”",unreviewed
odyssey,2,143,8,14,"But Athena turned away, and went with Telemachus.",unreviewed
odyssey,2,144,10,13,"She made him appear so godlike that the people watched,",unreviewed
odyssey,2,145,11,13,and the suitors were troubled by the purpose in his face.,unreviewed
odyssey,2,150,10,13,seeking the news of my father. I will return it,unreviewed
odyssey,2,152,9,13,Noemon answered readily: “I will give you the ship.,unreviewed
odyssey,2,153,10,13,"Come at sunset, and I will make the vessel ready.",unreviewed
odyssey,2,155,10,13,"Then Athena, still in Mentor's form, went through the town.",unreviewed
odyssey,2,156,12,13,"She spoke to the men she trusted, and told them to meet",unreviewed
odyssey,2,157,12,16,beside the ship when evening fell. She went also to the house,unreviewed
odyssey,2,158,11,13,"of Nestor's son, and asked for jars to carry sweet wine.",unreviewed
odyssey,2,159,10,13,"The housekeeper brought them out, and they filled the jars.",unreviewed
odyssey,2,160,8,13,Telemachus went home and stood before the suitors.,unreviewed
odyssey,2,161,11,14,His spirit was no longer bowed. He spoke to the herald:,unreviewed
odyssey,2,162,10,13,"“Medon, draw wine into the jars and set bread aboard.",unreviewed
odyssey,2,163,13,16,I go to learn of my father. I will tell the suitors nothing;,unreviewed
odyssey,2,164,11,13,they would mock my purpose and make a quarrel of it.”,unreviewed
odyssey,2,167,11,14,"Your father is far away, and we know nothing of him.",unreviewed
odyssey,2,169,8,13,Telemachus answered her: “Do not lament. This voyage,unreviewed
odyssey,2,170,13,14,is not without a god. But swear to me that you will tell,unreviewed
odyssey,2,174,10,13,before I know whether the gods will grant my return.”,unreviewed
odyssey,2,176,11,14,"into the jars, and carried the provisions down to the ship.",unreviewed
odyssey,2,177,10,16,"Athena meanwhile cast a sweet, deep sleep upon the suitors,",unreviewed
odyssey,2,179,10,13,"each man yawning, and no longer eager for the feast.",unreviewed
odyssey,2,181,11,15,“The companions are waiting. Do not delay. The wind is fair.”,unreviewed
odyssey,2,182,11,15,Telemachus came to the shore. Noemon and his men stood there.,unreviewed
odyssey,2,184,10,16,"the ship into the water. Athena sent a following wind,",unreviewed
odyssey,2,187,11,13,"to the deep water. When darkness came, they set the mast,",unreviewed
odyssey,2,188,12,14,"raised the sail, and poured a libation of wine to the gods.",unreviewed
odyssey,2,191,10,13,but in their sleep they dreamed of blood and retribution.,unreviewed
odyssey,2,192,13,15,"The sea opened before the ship, and the night was full of stars.",unreviewed
odyssey,3,2,10,13,shining upon the fields and on the walls of Pylos.,unreviewed
odyssey,3,3,8,13,"Telemachus and his companions drew near the shore,",unreviewed
odyssey,3,5,12,14,"to the dark-haired lord of the sea. Nine companies sat there,",unreviewed
odyssey,3,6,12,13,"five hundred men in each, and nine bulls stood ready for each.",unreviewed
odyssey,3,7,9,14,"Peisistratus saw the strangers first. Nestor's son came near,",unreviewed
odyssey,3,8,11,13,"and took them by the hand, inviting them to the feast.",unreviewed
odyssey,3,9,9,16,"He seated Telemachus beside himself upon the soft sand,",unreviewed
odyssey,3,10,12,14,and placed before him the inward parts and a cup of wine.,unreviewed
odyssey,3,11,9,13,Then he poured a libation and prayed to Poseidon:,unreviewed
odyssey,3,12,13,14,"“Hear us, lord of the sea. Grant a safe return to our friends,",unreviewed
odyssey,3,13,11,13,and let these guests leave Pylos with what their hearts desire.,unreviewed
odyssey,3,14,12,14,"Give us, too, the grace of welcome, as they have received it.”",unreviewed
odyssey,3,17,11,16,"Do you wander for trade, or like pirates over the water,",unreviewed
odyssey,3,18,10,14,who risk their lives and bring evil to foreign people?”,unreviewed
odyssey,3,19,6,13,Telemachus answered with courage newly given:,unreviewed
odyssey,3,20,9,13,"“Nestor, son of Neleus, great glory of the Achaeans,",unreviewed
odyssey,3,21,10,13,we come from Ithaca. We do not hide our purpose.,unreviewed
odyssey,3,22,12,14,"I seek a report of my father, if you have heard one.",unreviewed
odyssey,3,26,11,13,whether the earth holds him or the sea has swallowed him.,unreviewed
odyssey,3,27,11,14,"Therefore I have come to your knees, asking you to speak.”",unreviewed
odyssey,3,29,10,14,the whole labor we endured beneath the walls of Priam.,unreviewed
odyssey,3,30,11,16,"If we had obeyed Odysseus in every danger, we should have",unreviewed
odyssey,3,31,11,14,returned more quickly. He was the best in counsel and speech.,unreviewed
odyssey,3,32,14,15,"But let us eat first, and later I will tell all that I know.”",unreviewed
odyssey,3,35,11,16,"waiting for the hour of departure. Then Athena called us on,",unreviewed
odyssey,3,36,9,16,and division entered the sons of Atreus. Menelaus wanted,unreviewed
odyssey,3,37,10,14,"to launch at once, but Agamemnon held the people back,",unreviewed
odyssey,3,38,8,14,to sacrifice and appease the anger of Athena.,unreviewed
odyssey,3,40,10,13,"the ships, though the evil mind of Menelaus kept watch.",unreviewed
odyssey,3,41,13,14,"At dawn he called the men who followed him, and took the sea.",unreviewed
odyssey,3,42,9,14,I too launched my ships; Diomedes and Odysseus followed.,unreviewed
odyssey,3,43,8,14,"But Agamemnon remained, seeking to calm the people.",unreviewed
odyssey,3,44,12,16,"The sea was fair. I reached Tenedos and sacrificed to the gods,",unreviewed
odyssey,3,45,9,15,then sailed onward. Diomedes came beside me; Odysseus turned,unreviewed
odyssey,3,46,11,17,back to Agamemnon. Later I heard that he too had departed.,unreviewed
odyssey,3,48,11,16,"whether to pass above Chios, by Psyros and the open water,",unreviewed
odyssey,3,49,10,14,"or below Chios, beside the island of Mimas. We prayed,",unreviewed
odyssey,3,50,12,14,and Zeus thundered; the sign showed us to cross the middle sea.,unreviewed
odyssey,3,51,13,14,All night the oars moved. At dawn we saw the land of Euboea.,unreviewed
odyssey,3,52,10,15,We passed swiftly by the headland of Geraestus and offered,unreviewed
odyssey,3,53,11,15,a great thigh to Poseidon for saving us from the waves.,unreviewed
odyssey,3,54,10,13,On the fourth day Diomedes reached Argos with his men.,unreviewed
odyssey,3,55,12,14,"I continued to Pylos, and no wind failed me. Since that time",unreviewed
odyssey,3,56,12,14,I have heard little of those who were scattered. Yet the gods,unreviewed
odyssey,3,57,12,15,have not hidden from me the names of the dead and returned:,unreviewed
odyssey,3,58,10,16,Achilles lies beneath the earth; Patroclus too; Ajax has died;,unreviewed
odyssey,3,59,10,16,and Agamemnon came home only to find a treacherous death.,unreviewed
odyssey,3,60,8,16,"Menelaus, who gathered many treasures, wandered far away.",unreviewed
odyssey,3,61,10,14,"If he had been present, you could ask him everything.",unreviewed
odyssey,3,62,12,15,"He was absent for a long time, driven by storm and hunger,",unreviewed
odyssey,3,63,11,16,"but he has come at last to Lacedaemon. Go there tomorrow,",unreviewed
odyssey,3,64,11,14,and Peisistratus will guide you. Do not sleep in the ship;,unreviewed
odyssey,3,65,13,14,"come to my house, where there is room, and I will receive you.”",unreviewed
odyssey,3,66,9,14,"Telemachus said: “Nestor, it is right to obey you.",unreviewed
odyssey,3,68,12,17,"because I have left no guardian in Ithaca. If I should delay,",unreviewed
odyssey,3,71,10,14,"“Telemachus, do not remain here. We must reach the ship.",unreviewed
odyssey,3,72,11,14,"Let us go now, and ask your companions to make ready.",unreviewed
odyssey,3,73,12,13,"Nestor, send your son with us. Let him sleep on the shore,",unreviewed
odyssey,3,74,11,14,"and at dawn drive with us to Lacedaemon. He is young,",unreviewed
odyssey,3,77,11,15,"“You speak like the immortals, Mentor. I will not delay you.",unreviewed
odyssey,3,78,9,14,"Peisistratus, yoke the smooth-haired horses to the chariot.",unreviewed
odyssey,3,79,10,13,"Bring the finest harness, and drive our guests to Sparta.”",unreviewed
odyssey,3,80,9,13,They returned to the ship. Nestor's sons and companions,unreviewed
odyssey,3,81,9,14,"gave Telemachus gifts: a golden cup with two handles,",unreviewed
odyssey,3,82,11,17,"and a double vessel for libations. Athena stood by the stern,",unreviewed
odyssey,3,84,11,13,"“Hear me, daughter of Zeus, and grant these men safe passage.",unreviewed
odyssey,3,85,10,15,Come to my house again when you return from Lacedaemon.”,unreviewed
odyssey,3,88,11,13,while the stars turned above the mast and the sea breathed.,unreviewed
odyssey,3,90,11,16,"and came to the hollow of Lacedaemon, where the horses ran.",unreviewed
odyssey,3,91,8,13,"Peisistratus brought them to the house of Menelaus,",unreviewed
odyssey,3,92,9,14,who was celebrating his son's marriage and his daughter's,unreviewed
odyssey,3,93,10,13,departure. The hall was bright with torches and with gold.,unreviewed
odyssey,3,97,10,13,Afterward we will ask your names. A guest is sacred.”,unreviewed
odyssey,3,98,8,13,"Telemachus looked at the shining house, and whispered:",unreviewed
odyssey,3,99,8,14,"“Peisistratus, look upon this splendor. The roof shines",unreviewed
odyssey,3,101,10,13,Menelaus heard him: “Do not compare a man to Zeus.,unreviewed
odyssey,3,102,9,13,"I have wandered, suffered, and brought home these possessions.",unreviewed
odyssey,3,103,12,15,"Many were left behind, and I would gladly give all this gold",unreviewed
odyssey,3,104,11,17,"for one of the men who died beneath Troy, especially Odysseus.",unreviewed
odyssey,3,105,12,14,I do not know whether he lives. His wife and his child,unreviewed
odyssey,3,106,12,14,"must grieve for him; and when I hear his name, sorrow comes.”",unreviewed
odyssey,3,107,9,16,"Helen entered from her fragrant chamber, looking like Artemis.",unreviewed
odyssey,3,108,11,14,"She knew Telemachus at once, though she had not seen him:",unreviewed
odyssey,3,109,9,13,"“Menelaus, can we doubt that this is Odysseus' son?",unreviewed
odyssey,3,110,13,14,"His eyes, his head, and the shape of his hands are his father's.",unreviewed
odyssey,3,111,13,15,"He was still a child when the army sailed, and now he comes",unreviewed
odyssey,3,112,13,13,to seek him. The grief of that house has made him a man.”,unreviewed
odyssey,3,113,11,14,Menelaus replied: “I too have thought the same. No other son,unreviewed
odyssey,3,114,9,13,would carry the look of Odysseus into this hall.”,unreviewed
odyssey,3,115,10,15,The old herald brought a silver basin and golden pitcher.,unreviewed
odyssey,3,116,10,16,"Helen washed Telemachus, then drew near with a marvelous drug,",unreviewed
odyssey,3,117,11,16,"given her by Polydamna in Egypt, which stills the heart's pain.",unreviewed
odyssey,3,118,14,14,"She mixed it in the wine, so that no one who drank would weep,",unreviewed
odyssey,3,119,12,17,"even if mother and father died, or brother or son before him.",unreviewed
odyssey,3,121,9,15,"“He entered the enemy city disguised as a beggar,",unreviewed
odyssey,3,122,10,14,bruised himself and wore a poor garment over his body.,unreviewed
odyssey,3,123,13,13,"No one knew him, but I knew him. I had long been troubled",unreviewed
odyssey,3,124,11,13,"by my own error, and wished the Achaeans to go home.",unreviewed
odyssey,3,125,13,15,"I gave him a bath and clothing, and swore to keep him secret.",unreviewed
odyssey,3,126,10,13,He killed many Trojans and carried knowledge to the camp.,unreviewed
odyssey,3,128,9,15,and Helenus alone understood how much he had endured.”,unreviewed
odyssey,3,130,12,13,"As snow melts upon the high hills when the west wind blows,",unreviewed
odyssey,3,134,9,14,"“Telemachus, do not remain here longer than you wish.",unreviewed
odyssey,3,135,12,13,"You seek your father, and I too would know where he is.",unreviewed
odyssey,3,136,12,14,"I cannot tell you that he is dead. I heard from Proteus,",unreviewed
odyssey,3,137,13,16,"the old man of the sea, that Odysseus was held on an island",unreviewed
odyssey,3,138,12,15,"by Calypso, who would not let him return. He had no ship,",unreviewed
odyssey,3,140,13,15,That is all I know. Yet the gods do not hate him utterly.,unreviewed
odyssey,3,142,9,15,"Telemachus answered: “I will return, since you command it.",unreviewed
odyssey,3,143,13,16,"But give me a memory of your house, that I may carry it",unreviewed
odyssey,3,145,12,16,"Menelaus gave him a mixing bowl of silver, with a gold rim,",unreviewed
odyssey,3,146,12,15,and a cup of such beauty that Hephaestus might have made it.,unreviewed
odyssey,3,148,11,13,"“Take this, dear child. Let it lie in your mother's chamber",unreviewed
odyssey,3,149,15,17,until the day she gives you to a bride. Then let your wife wear it.,unreviewed
odyssey,3,150,11,14,May your heart rejoice when you return to your father's house.”,unreviewed
odyssey,3,151,11,16,They yoked the horses. Helen came forward with a prophetic word:,unreviewed
odyssey,3,152,11,13,“Take this sign with you. As an eagle carrying a goose,unreviewed
odyssey,3,153,11,14,"comes down from the mountain to its nest, so your father,",unreviewed
odyssey,3,154,10,15,"after wandering long, will return, and make the suitors pay.",unreviewed
odyssey,3,155,12,16,"Even now he is near, preparing evil for them in his mind.”",unreviewed
odyssey,3,157,12,14,"was long, but the day was bright, and the horses moved swiftly.",unreviewed
odyssey,3,159,11,15,"son of Orsilochus, who welcomed them and gave them a bed.",unreviewed
odyssey,3,160,11,14,At dawn they rose and continued toward Pylos and the sea.,unreviewed
odyssey,4,1,7,14,"Telemachus and Nestor's son came to Lacedaemon,",unreviewed
odyssey,4,2,10,13,and drove through the valley to the house of Menelaus.,unreviewed
odyssey,4,5,11,13,"The hall shone with bronze and silver, and the servants moved",unreviewed
odyssey,4,7,10,14,The herald Eteoneus saw the horses and went to ask:,unreviewed
odyssey,4,8,8,13,"“Menelaus, two strangers have arrived. Their horses look",unreviewed
odyssey,4,10,10,15,"Menelaus answered: “Why ask? In former days, when we wandered,",unreviewed
odyssey,4,11,10,15,we too depended on the welcome of another man's house.,unreviewed
odyssey,4,12,12,14,"Take the horses, and lead them to fodder. Bring the guests in.”",unreviewed
odyssey,4,13,9,15,The servants unhitched the shining team. They brought Telemachus,unreviewed
odyssey,4,14,11,16,"and Peisistratus inside, beneath the high roof. When the king saw",unreviewed
odyssey,4,15,10,17,"the beauty of the hall, Telemachus stood astonished and silent.",unreviewed
odyssey,4,16,13,16,"He looked upon the light of the house, like one who enters heaven.",unreviewed
odyssey,4,17,11,14,Menelaus led them to the baths. The women washed their hands,unreviewed
odyssey,4,18,11,15,"and bodies, and set clean garments upon them. They sat beside",unreviewed
odyssey,4,19,11,15,"the king, while a maid brought water in a golden vessel,",unreviewed
odyssey,4,20,10,14,and poured it over their hands. A polished table followed.,unreviewed
odyssey,4,21,10,14,Menelaus said: “Eat. Tomorrow we will ask who you are.,unreviewed
odyssey,4,22,10,13,No guest should be questioned before he has tasted food.”,unreviewed
odyssey,4,23,8,13,They ate. Menelaus looked at Telemachus and thought:,unreviewed
odyssey,4,24,11,15,"“Surely this is Odysseus' son. He has his head and eyes,",unreviewed
odyssey,4,25,12,16,and the same quiet sorrow.” But he waited until after the meal.,unreviewed
odyssey,4,26,10,15,"Helen came from her room, looking like the archer Artemis.",unreviewed
odyssey,4,28,13,16,"“Menelaus, is this not the son of the man who suffered for you?",unreviewed
odyssey,4,29,12,15,He has come to seek his father. Perhaps we should stop eating,unreviewed
odyssey,4,30,11,14,"and mourn the dead, or remember them as the gods allow.”",unreviewed
odyssey,4,31,11,15,"Telemachus wiped his tears, but kept them hidden in his cloak.",unreviewed
odyssey,4,32,9,16,Menelaus answered: “I too have recognized him. Odysseus had,unreviewed
odyssey,4,33,12,14,"such hands, such feet, and such a sorrow held beneath his face.",unreviewed
odyssey,4,34,11,15,"Before Troy he pleaded with the leaders, though dust covered him;",unreviewed
odyssey,4,35,13,15,then when he took up the spear he was terrible as a storm.”,unreviewed
odyssey,4,36,10,15,Peisistratus spoke: “Do not make us weep while supper stands.,unreviewed
odyssey,4,37,13,15,"There will be time to remember. Let us sleep, and speak at dawn.”",unreviewed
odyssey,4,38,9,14,"When the morning appeared, Menelaus came before his guests:",unreviewed
odyssey,4,39,10,15,"“Telemachus, what brings you through the country? Is it public",unreviewed
odyssey,4,40,13,17,"business, or a private need? Speak plainly; I will help if I can.”",unreviewed
odyssey,4,41,10,15,"Telemachus answered: “Son of Atreus, king of men, I come",unreviewed
odyssey,4,43,11,15,"The suitors consume our cattle and sheep, and press my mother",unreviewed
odyssey,4,44,11,17,"to marry. Tell me whether Odysseus lives, or whether you heard",unreviewed
odyssey,4,45,6,7,of his death after the war.”,unreviewed
odyssey,4,46,11,14,Menelaus sighed: “You have entered a house with the same grief.,unreviewed
odyssey,4,47,14,17,I will not hide what I know. We were held in Egypt by contrary,unreviewed
odyssey,4,48,13,16,"winds. We had no water, and my men grew desperate. An old man",unreviewed
odyssey,4,49,15,16,"of the sea told me how to escape, but first I had to seize him.”",unreviewed
odyssey,4,50,11,13,“I hid beside the shore beneath the skins of four seals.,unreviewed
odyssey,4,51,10,13,Their smell was unbearable; the sea-born old man's flock,unreviewed
odyssey,4,52,11,14,"returned and he counted them. When he lay among the skins,",unreviewed
odyssey,4,53,12,14,"I seized him. He changed to lion, serpent, leopard, boar, and tree;",unreviewed
odyssey,4,54,11,13,"then water, fire, and a great river. I held him fast,",unreviewed
odyssey,4,55,9,13,until he resumed his own body and answered me.”,unreviewed
odyssey,4,56,12,16,“I asked which god delayed our return. He said Poseidon was angry.,unreviewed
odyssey,4,57,12,16,"I had failed to sacrifice, and must return to Egypt, then cross",unreviewed
odyssey,4,58,12,17,the sea again and offer a hecatomb. He told me the fates,unreviewed
odyssey,4,59,11,18,"of the other leaders: Ajax had died, and Agamemnon was murdered",unreviewed
odyssey,4,60,11,17,"by Aegisthus. But he also told me that Odysseus was alive,",unreviewed
odyssey,4,61,11,16,"held by Calypso on her island, with no ship or companions.”",unreviewed
odyssey,4,62,10,15,"Telemachus heard, and his heart was lifted, though grief remained.",unreviewed
odyssey,4,63,11,14,"Helen mixed wine with a drug from Egypt that calms sorrow,",unreviewed
odyssey,4,64,6,7,then spoke of the wooden horse:,unreviewed
odyssey,4,65,10,13,"“When the best of the Achaeans sat hidden within it,",unreviewed
odyssey,4,66,11,15,"I came around the hollow body, perhaps urged by a god.",unreviewed
odyssey,4,67,11,17,"I called the names of the men inside, imitating their wives.",unreviewed
odyssey,4,68,9,14,Diomedes and Odysseus held them back. But your father,unreviewed
odyssey,4,69,12,13,heard my voice and knew the trap; he would not answer me.,unreviewed
odyssey,4,70,9,15,Only Anticlus desired to speak. Odysseus closed his hand,unreviewed
odyssey,4,72,8,16,Menelaus added: “I remember how Odysseus entered Troy,unreviewed
odyssey,4,73,10,14,"disguised as a slave. He beat himself, covered his shoulders",unreviewed
odyssey,4,74,11,13,"with a filthy cloth, and carried a sharp sword beneath it.",unreviewed
odyssey,4,75,8,13,"He returned with knowledge, and killed many enemies.",unreviewed
odyssey,4,76,9,14,"Helen alone recognized him, but she kept the secret.”",unreviewed
odyssey,4,77,11,15,Telemachus said: “Your words have given me what I came for.,unreviewed
odyssey,4,78,12,20,Now I must return to Ithaca before the suitors discover my absence.”,unreviewed
odyssey,4,79,11,16,"Menelaus offered him gifts: a mixing bowl of silver and gold,",unreviewed
odyssey,4,80,13,16,"a double cup, and a robe Helen had woven with her own hands.",unreviewed
odyssey,4,81,12,13,"“Keep this for your bride,” she said, “when you come to marriage.",unreviewed
odyssey,4,82,10,13,Let it lie in your mother's chamber until that day.”,unreviewed
odyssey,4,83,12,16,"Telemachus replied: “I thank you. May the gods grant me a return,",unreviewed
odyssey,4,84,13,15,and may my father hear that I have crossed the sea seeking him.”,unreviewed
odyssey,4,85,9,16,Meanwhile the suitors in Ithaca noticed the empty house.,unreviewed
odyssey,4,88,10,15,"“Telemachus has gone, and this is not a little matter.",unreviewed
odyssey,4,89,12,16,He has taken a ship and the best companions of the island.,unreviewed
odyssey,4,90,13,17,"We must kill him before he returns, or he will call an assembly",unreviewed
odyssey,4,91,11,14,and bring the people against us. Let us choose an ambush.”,unreviewed
odyssey,4,92,9,13,"Amphinomus, who had more sense than the others, said:",unreviewed
odyssey,4,94,13,18,"If the god approves, I will strike him myself; if not, abandon it.”",unreviewed
odyssey,4,95,8,13,Antinous rejected this: “Do not speak of restraint.,unreviewed
odyssey,4,96,10,13,"The boy will return with the knowledge of his father,",unreviewed
odyssey,4,98,11,15,"between Ithaca and Samos, at the strait where he must pass.”",unreviewed
odyssey,4,99,13,14,"They chose twenty men and sailed out. Their ship hid in a cove,",unreviewed
odyssey,4,100,9,15,watching the channels. The herald Medon had overheard them;,unreviewed
odyssey,4,103,4,6,and prayed to Athena:,unreviewed
odyssey,4,104,9,14,"“Daughter of Zeus, if Odysseus ever burned pleasing thighs",unreviewed
odyssey,4,105,14,17,"for you in Troy, remember his son. Do not let the suitors kill him.",unreviewed
odyssey,4,107,10,14,"Athena heard her prayer. She shaped a phantom like Iphthime,",unreviewed
odyssey,4,108,11,14,"sister of Penelope, and sent it through the doors of sleep.",unreviewed
odyssey,4,110,10,16,“Why do you grieve? Telemachus is under the gods' protection.,unreviewed
odyssey,4,111,10,15,Athena watches him. She will not let the suitors prevail.”,unreviewed
odyssey,4,112,8,13,Penelope answered: “If only dreams would speak clearly.,unreviewed
odyssey,4,113,12,16,"Some are empty, born from the gate of ivory; others from horn,",unreviewed
odyssey,4,115,12,17,"The image faded, and she slept again. The suitors waited at sea,",unreviewed
odyssey,4,116,8,15,while Telemachus and Nestor's son drove toward Pylos.,unreviewed
odyssey,4,117,9,15,"Athena walked beside the hidden young traveler, and night",unreviewed
odyssey,4,118,11,14,"covered the roads, the palace, and the ships that carried danger.",unreviewed
odyssey,5,1,10,13,"The gods sat in council, and Athena spoke once more",unreviewed
odyssey,5,2,10,13,for the man whose homecoming had been delayed so long.,unreviewed
odyssey,5,3,7,13,"Zeus sent Hermes to Calypso's island, Ogygia,",unreviewed
odyssey,5,6,12,13,and took the wand that puts men to sleep or wakes them.,unreviewed
odyssey,5,7,12,14,"He flew across the sea, like a gull that skims the waves,",unreviewed
odyssey,5,10,11,15,"the sweet smoke rose from cedar and juniper. Hermes saw her,",unreviewed
odyssey,5,11,11,14,"and she knew the messenger of Zeus. She offered him food,",unreviewed
odyssey,5,12,11,13,but he answered: “I did not come by my own desire.,unreviewed
odyssey,5,14,13,16,He says you must release Odysseus. His fate is not to die here.,unreviewed
odyssey,5,15,11,13,He must return to his house and see his friends again.”,unreviewed
odyssey,5,17,13,16,you cannot bear to see a goddess share her bed with a mortal.,unreviewed
odyssey,5,18,12,16,"Yet when a god takes a mortal woman to his own embrace,",unreviewed
odyssey,5,19,10,14,you do not punish him. You remember Orion and Dawn;,unreviewed
odyssey,5,20,10,14,you remember Demeter. Why is my love called a crime?,unreviewed
odyssey,5,21,11,15,"Odysseus has no ship, no companions, and no way to leave.",unreviewed
odyssey,5,24,12,16,"His anger reaches farther than the sea. Obey, and let him go.”",unreviewed
odyssey,5,25,7,16,The messenger departed. Calypso found Odysseus seated,unreviewed
odyssey,5,26,11,16,"upon the shore, looking across the water until his eyes failed.",unreviewed
odyssey,5,28,5,5,She came near and spoke:,unreviewed
odyssey,5,29,10,13,"“Unhappy man, do not wear your life away in grief.",unreviewed
odyssey,5,30,12,15,"I will release you. Cut timber, join it with pegs and ropes,",unreviewed
odyssey,5,31,13,14,"and build a broad raft. I will give you bread, water, and wine,",unreviewed
odyssey,5,32,11,15,and clothes against the cold. I will send a following wind.,unreviewed
odyssey,5,33,14,15,"If the gods who hold the sky are willing, you will reach your land.”",unreviewed
odyssey,5,34,8,16,Odysseus answered warily: “You are planning something else.,unreviewed
odyssey,5,35,14,15,"You ask me to cross the sea on a raft, where even a ship",unreviewed
odyssey,5,36,13,15,"would suffer, and you say the gods are willing. I will not go",unreviewed
odyssey,5,37,11,16,unless you swear that no further evil waits beneath your promise.”,unreviewed
odyssey,5,40,12,14,"and gave him bronze axes, a sharp adze, and a smooth auger.",unreviewed
odyssey,5,42,12,14,"He bored the beams and joined them tightly, as a shipwright does.",unreviewed
odyssey,5,43,11,14,Calypso brought a great sail and made the mast-cloth ready.,unreviewed
odyssey,5,45,11,13,and wove a fence of branches around the raft. She carried,unreviewed
odyssey,5,46,12,14,"skins of water, bread, wine, and a dark cloak against the wind.",unreviewed
odyssey,5,48,11,13,"Calypso bathed him, clothed him, and led him to the shore.",unreviewed
odyssey,5,49,12,14,"She placed two skins of wine and water aboard, and a sack",unreviewed
odyssey,5,51,10,14,"“Go,” she said. “May your return be granted. Remember me,",unreviewed
odyssey,5,52,13,14,"though I have been your sorrow, and know that no one will love",unreviewed
odyssey,5,53,11,14,you more deeply or more faithfully than I have loved you.”,unreviewed
odyssey,5,54,10,14,Odysseus replied: “Do not be angry. I know how greatly,unreviewed
odyssey,5,55,12,16,"Penelope is less than you in form and stature. She is mortal,",unreviewed
odyssey,5,56,12,14,"and you are deathless, untouched by age. Yet I long each day",unreviewed
odyssey,5,57,13,14,to reach my home and see the hour of return. If the gods,unreviewed
odyssey,5,58,12,16,"send me another trial, I will endure it. I have suffered much.”",unreviewed
odyssey,5,60,9,14,"For seventeen days he crossed the open water, watching",unreviewed
odyssey,5,61,11,14,"the stars. On the eighteenth he saw the mountains of Scheria,",unreviewed
odyssey,5,62,12,15,dark as a shield upon the horizon. He was near the land,unreviewed
odyssey,5,64,8,15,Poseidon returned from the Ethiopians and saw Odysseus.,unreviewed
odyssey,5,66,12,14,"He is close to the Phaeacians, where fate says he shall escape.",unreviewed
odyssey,5,67,11,15,But I will give him more suffering before he reaches them.”,unreviewed
odyssey,5,68,11,14,"He gathered the clouds and stirred the sea. Eurus and Notus,",unreviewed
odyssey,5,69,11,14,"Zephyr and the north wind struck together, and the wave rose.",unreviewed
odyssey,5,71,12,14,“Three and four times happy were the men who died at Troy.,unreviewed
odyssey,5,72,12,15,"I wish I had fallen there, beneath the bronze of the Trojans.",unreviewed
odyssey,5,73,12,13,"Then the Achaeans would have buried me, and my fame would stand.",unreviewed
odyssey,5,76,11,16,Odysseus was thrown into the waves. He tied a leather strap,unreviewed
odyssey,5,77,10,15,"around himself and remained among the wreckage, as a man",unreviewed
odyssey,5,78,12,13,who has been crushed by a roof clings to a single beam.,unreviewed
odyssey,5,79,12,15,"Ino, once a mortal woman and now a sea goddess, saw him.",unreviewed
odyssey,5,83,13,16,"When you reach land, throw it into the sea, turning your face away.",unreviewed
odyssey,5,84,11,13,It will carry you through the waves. Do not fear death.”,unreviewed
odyssey,5,85,9,16,Odysseus wondered whether another god was setting a snare.,unreviewed
odyssey,5,86,11,15,"But when the raft disappeared and the waves closed above it,",unreviewed
odyssey,5,87,12,16,"he bound the veil and entered the water. Athena calmed the winds,",unreviewed
odyssey,5,90,13,14,"On the third dawn the wind fell, and he heard breakers near land.",unreviewed
odyssey,5,92,11,13,"The waves threw him against the rock; he would have died,",unreviewed
odyssey,5,93,10,13,but Athena gave him strength to seize an outer stone.,unreviewed
odyssey,5,95,12,13,"and the sea stripped him of breath. He swam along the coast,",unreviewed
odyssey,5,96,11,15,seeking a river mouth where the current might bear him inland.,unreviewed
odyssey,5,97,12,14,At last he found a stream that ran quietly into the sea.,unreviewed
odyssey,5,98,5,6,He prayed to the river:,unreviewed
odyssey,5,99,13,15,"“Hear me, lord, whoever you are. I come to you as a suppliant,",unreviewed
odyssey,5,100,9,14,fleeing the anger of Poseidon. The deathless gods respect,unreviewed
odyssey,5,101,11,13,the man who wanders and suffers. Let me reach your bank.”,unreviewed
odyssey,5,102,10,13,The river held back its current and stilled the waves.,unreviewed
odyssey,5,103,11,15,"Odysseus entered, and his knees gave way. The water carried him",unreviewed
odyssey,5,104,12,16,into the reeds. He vomited salt from his lungs and lay without,unreviewed
odyssey,5,105,10,14,"breath. Athena withdrew the sea's force, and he crawled inland.",unreviewed
odyssey,5,106,12,15,He untied Ino's veil and cast it into the current. The wave,unreviewed
odyssey,5,107,10,14,"carried it out, and Ino received it again. Odysseus dragged",unreviewed
odyssey,5,109,13,16,"an olive and a wild olive, dense enough to hide him from view.",unreviewed
odyssey,5,110,13,15,There he gathered leaves in his arms and made a bed. He piled,unreviewed
odyssey,5,111,12,17,so many upon himself that a man in winter would not welcome,unreviewed
odyssey,5,112,10,17,"the shelter more gratefully. Athena poured sleep upon his eyes,",unreviewed
odyssey,5,113,11,15,"to end the exhaustion, while the sea moved below the shore.",unreviewed
odyssey,6,1,12,16,"Athena went to the land of the Phaeacians, and entered the dream",unreviewed
odyssey,6,2,10,16,"of Nausicaa, daughter of Alcinous, whose house ruled the people.",unreviewed
odyssey,6,3,13,15,"She took the form of a girl she loved, the daughter of Dymas,",unreviewed
odyssey,6,5,10,14,"“Nausicaa, why has your mother brought you into the world",unreviewed
odyssey,6,6,10,15,"with garments unwoven and unwashed? Your wedding day is near,",unreviewed
odyssey,6,7,12,16,"and you must have beautiful clothes, as must those who attend you.",unreviewed
odyssey,6,8,12,14,"Ask your father for a wagon at dawn, with a high chest,",unreviewed
odyssey,6,10,11,15,"When the bright-eyed goddess had spoken, she went to Olympus.",unreviewed
odyssey,6,11,12,16,"Nausicaa woke, and wondered at the dream. She went to her parents,",unreviewed
odyssey,6,12,12,16,"and said to her father: “Dear father, have the wagon made ready.",unreviewed
odyssey,6,13,12,13,I have soiled garments lying in the house. I should wash them.,unreviewed
odyssey,6,14,12,14,You too must wear clean clothes when you sit among the chiefs.,unreviewed
odyssey,6,15,14,15,"My five brothers go to the dance, but they do not think of this.”",unreviewed
odyssey,6,16,9,13,She was ashamed to name marriage before her father;,unreviewed
odyssey,6,17,12,16,"he understood, and answered: “I will not refuse you. The young men",unreviewed
odyssey,6,19,10,14,"They brought the wagon, and Nausicaa's mother placed in it",unreviewed
odyssey,6,20,12,15,"fine clothes, oil, and food. Her father gave her wine and water.",unreviewed
odyssey,6,21,11,14,"At dawn she and the maidens drove toward the river mouth,",unreviewed
odyssey,6,22,12,14,where the water was deep enough to wash and the shore smooth.,unreviewed
odyssey,6,23,10,14,"They unloaded the robes, trampled them in the dark water,",unreviewed
odyssey,6,24,11,14,and spread them upon the stones to dry beneath the sun.,unreviewed
odyssey,6,25,10,18,"After bathing and anointing themselves, they ate beside the river,",unreviewed
odyssey,6,28,12,15,"He had slept beneath the leaves, covered in sea-salt and grime.",unreviewed
odyssey,6,29,12,14,"He rose, and broke a branch from the thicket to hide himself.",unreviewed
odyssey,6,30,13,16,"Like a mountain lion driven by hunger, he came out of the wood,",unreviewed
odyssey,6,31,13,19,wet with brine and terrible to see. The girls fled in every direction.,unreviewed
odyssey,6,32,10,18,"Only Nausicaa remained, because Athena put courage in her heart.",unreviewed
odyssey,6,34,12,15,"“Are you a goddess or a mortal? If you are a goddess,",unreviewed
odyssey,6,35,10,16,"you resemble Artemis, daughter of Zeus, in height and beauty.",unreviewed
odyssey,6,36,12,17,"If you are mortal, three times happy are your father and mother,",unreviewed
odyssey,6,37,11,15,and three times happy the brothers who rejoice when you dance.,unreviewed
odyssey,6,38,14,15,But happiest of all is the man whose gifts win you as his wife.,unreviewed
odyssey,6,39,12,14,"I have suffered much. I came from the sea, and the waves",unreviewed
odyssey,6,40,12,14,"have cast me upon this shore. I have no cloak, no city,",unreviewed
odyssey,6,41,13,17,"no knowledge of where I am. Give me a garment to cover myself,",unreviewed
odyssey,6,42,13,13,and show me the road to your town. May the gods grant you,unreviewed
odyssey,6,43,10,17,"whatever your heart desires: husband, house, and concord within it.”",unreviewed
odyssey,6,44,9,14,"Nausicaa answered: “Stranger, you are not wicked or foolish.",unreviewed
odyssey,6,45,13,17,Zeus gives fortune to good and bad alike. He has given you grief.,unreviewed
odyssey,6,47,13,15,"I will show you the city, for we are Phaeacians, and this is",unreviewed
odyssey,6,50,14,18,Do you think he is an enemy? No mortal man could attack us here;,unreviewed
odyssey,6,51,11,16,"the deathless gods protect our island. He is a poor wanderer,",unreviewed
odyssey,6,52,13,15,and Zeus sends strangers and beggars to us. Give him food and drink.,unreviewed
odyssey,6,53,12,14,"Wash him in the river, where he is sheltered from the wind.”",unreviewed
odyssey,6,55,10,14,"and laid clean clothing before him. He washed himself apart,",unreviewed
odyssey,6,56,11,15,because he did not want the maidens to see his nakedness.,unreviewed
odyssey,6,57,8,14,Athena made him appear larger and more beautiful;,unreviewed
odyssey,6,61,11,13,living here among us. Give him food and fill the jars.”,unreviewed
odyssey,6,62,11,16,"Odysseus ate and drank, for he had gone long without nourishment.",unreviewed
odyssey,6,63,9,14,The maidens folded the garments and loaded the wagon.,unreviewed
odyssey,6,64,5,7,Nausicaa then spoke to him:,unreviewed
odyssey,6,65,12,14,"“Rise, stranger. We must go to the city. I will tell you",unreviewed
odyssey,6,66,11,13,how to approach my father. Beyond the fields is a grove,unreviewed
odyssey,6,67,10,14,"of poplars sacred to Athena, beside a spring. Wait there",unreviewed
odyssey,6,68,12,14,"until we have reached the house. When you think we are within,",unreviewed
odyssey,6,69,10,15,enter the city and ask for the palace of Alcinous.,unreviewed
odyssey,6,70,11,15,It is easy to recognize. No other house is so bright.,unreviewed
odyssey,6,71,12,14,"When you enter, go straight to my mother and clasp her knees.",unreviewed
odyssey,6,72,12,15,"If she receives you kindly, you may hope to see your friends",unreviewed
odyssey,6,74,9,13,“But do not follow beside our wagon. People talk.,unreviewed
odyssey,6,75,10,14,"They would say, ‘Who is this stranger walking with Nausicaa?",unreviewed
odyssey,6,76,12,13,Where did she find him?’ I would be ashamed. Let them speak,unreviewed
odyssey,6,77,11,15,when I am already home. My brothers are quick to anger.”,unreviewed
odyssey,6,78,13,16,Odysseus answered: “I will do as you say. I would not have you,unreviewed
odyssey,6,79,12,16,hear a word that causes pain. May Artemis grant you a husband,unreviewed
odyssey,6,80,10,14,"who pleases you, and may your father and mother rejoice.”",unreviewed
odyssey,6,83,11,13,"“Hear me, daughter of Zeus. You once guided me at Troy.",unreviewed
odyssey,6,84,12,15,"Now make the Phaeacians pity me, and let their king receive me.”",unreviewed
odyssey,6,85,10,18,"Athena heard him, but did not appear openly, because Poseidon",unreviewed
odyssey,6,86,11,15,was still angry. She entered the city and strengthened the heart,unreviewed
odyssey,6,87,10,15,"of Nausicaa's father, so that he would welcome the stranger.",unreviewed
odyssey,6,88,10,17,Nausicaa returned to the palace. Her brothers lifted the robes,unreviewed
odyssey,6,89,13,16,"from the wagon, and her mother set them in a chest. The princess",unreviewed
odyssey,6,90,12,14,"went to her chamber, where her nurse lit a fire beside her.",unreviewed
odyssey,6,91,10,16,Odysseus waited until the maidens were gone. He wrapped himself,unreviewed
odyssey,6,92,13,19,in the woven cloak and entered the city. Athena spread mist around him,unreviewed
odyssey,6,93,13,15,so that no one would hinder him. She appeared as a young girl,unreviewed
odyssey,6,95,13,16,"“Child, can you show me the house of Alcinous? I am a stranger",unreviewed
odyssey,6,96,14,15,"from far away, cast here by the sea. I do not know the roads.”",unreviewed
odyssey,6,97,13,17,Athena answered: “I will show you. The palace is near my own house.,unreviewed
odyssey,6,98,12,17,Follow me silently. Do not speak to the people; they are cautious,unreviewed
odyssey,6,99,10,17,"with foreigners. The Phaeacians do not welcome every man alike,",unreviewed
odyssey,6,101,11,13,"She showed him the splendid house, and told him its wonders:",unreviewed
odyssey,6,102,10,15,"the bronze walls, golden doors, silver doorposts, and golden handles;",unreviewed
odyssey,6,103,9,13,the dogs of gold and silver fashioned by Hephaestus;,unreviewed
odyssey,6,104,10,13,"the benches covered with woven cloth, where the chiefs sat;",unreviewed
odyssey,6,105,12,16,the boys bearing torches in the night; the orchards that never failed.,unreviewed
odyssey,6,107,14,17,"Her name is Arete, and she is honored like a god. She has wisdom,",unreviewed
odyssey,6,109,8,16,Athena vanished. Odysseus entered the house of Alcinous.,unreviewed
odyssey,6,110,11,14,"He stood before the hearth, where Arete sat beside the fire.",unreviewed
odyssey,6,111,6,6,He clasped her knees and prayed:,unreviewed
odyssey,6,112,10,14,"“Queen, after many sufferings I have come to your house.",unreviewed
odyssey,6,113,9,13,"May the gods grant you happiness, children, and concord.",unreviewed
odyssey,6,114,12,14,"Give me passage home, for I have been long from my country.”",unreviewed
odyssey,6,115,10,16,"He sat among the ashes. The hall became silent. Echeneus,",unreviewed
odyssey,6,116,5,7,"oldest of the Phaeacians, spoke:",unreviewed
odyssey,6,117,11,13,“It is not right that a stranger sit upon the ground.,unreviewed
odyssey,6,119,9,15,Alcinous lifted Odysseus and seated him in the chair,unreviewed
odyssey,6,120,11,14,of his own son. The herald poured water over his hands;,unreviewed
odyssey,6,121,11,14,the servants brought bread and meat. The king addressed the people:,unreviewed
odyssey,6,122,10,13,“Tomorrow let us launch a ship and prepare a feast.,unreviewed
odyssey,6,123,11,13,"We will send our guest home, for he has suffered greatly.",unreviewed
odyssey,6,124,13,14,Let us not delay a man whom the gods have brought to us.”,unreviewed
odyssey,6,125,8,14,Arete recognized the clothing Odysseus wore. She asked:,unreviewed
odyssey,6,126,12,14,"“Stranger, who gave you these garments? Did you come from the sea",unreviewed
odyssey,6,128,11,16,Odysseus answered: “I will tell you the truth. Calypso held me,unreviewed
odyssey,6,129,12,16,"on her island, but Zeus commanded my release. I built a raft,",unreviewed
odyssey,6,130,13,17,and Poseidon broke it beneath me. I swam until I reached your shore.,unreviewed
odyssey,6,131,11,16,Your daughter and her maidens were washing clothes by the river.,unreviewed
odyssey,6,133,10,14,"Alcinous answered: “My daughter did not act as she should,",unreviewed
odyssey,6,134,11,13,for she ought to have brought you home with her companions.,unreviewed
odyssey,6,135,14,14,But you shall not lack help. I will give you a ship and men.”,unreviewed
odyssey,6,136,11,16,He promised to make Odysseus' return the care of the Phaeacians.,unreviewed
odyssey,6,137,9,18,"Odysseus slept beneath the portico, while Arete and Alcinous",unreviewed
odyssey,6,138,11,14,"went to their chamber. Outside, the sea moved under the stars.",unreviewed
odyssey,7,23,14,16,"A water-jar. “My child,” he said, “will you conduct me to the house",unreviewed
odyssey,7,35,10,13,The man who comes from elsewhere. They trust the ships,unreviewed
odyssey,7,47,9,13,"Built firmly with sharp stakes, a wonder to behold.",unreviewed
odyssey,7,68,6,6,The land that gave you birth.”,unreviewed
odyssey,7,89,8,13,Golden youths upon well-built pedestals held torches,unreviewed
odyssey,7,90,10,13,"In their hands, to shine through night upon the banqueters.",unreviewed
odyssey,7,91,11,14,"The king’s house had fifty serving women: some ground grain,",unreviewed
odyssey,7,117,8,13,Whose final cup they offered whenever they prepared,unreviewed
odyssey,7,118,2,2,For sleep.,unreviewed
odyssey,7,126,10,14,"Of godlike Rhexenor, to your knees and your husband’s",unreviewed
odyssey,7,127,10,13,"I have come, after great suffering, and to these guests.",unreviewed
odyssey,7,133,4,4,From those I love.”,unreviewed
odyssey,7,136,9,13,"At last old Echeneus, a hero, spoke, the oldest",unreviewed
odyssey,7,138,9,13,"In knowledge of the past: “Alcinous, this is neither",unreviewed
odyssey,7,139,10,13,Fair nor right: the stranger sits upon the ash beside,unreviewed
odyssey,7,151,8,13,Laodamas. A maid brought water in a beautiful,unreviewed
odyssey,7,152,11,14,"Gold jug above a silver basin, so that he might wash",unreviewed
odyssey,7,154,9,13,"The honored steward brought him bread and many dishes,",unreviewed
odyssey,7,155,11,16,Giving freely from the stores at hand. Odysseus drank and ate.,unreviewed
odyssey,7,157,12,13,"Mix the bowl, and deal the wine to all within the house,",unreviewed
odyssey,7,158,11,14,"That we may pour to Zeus the thunderer, who follows close",unreviewed
odyssey,7,162,9,13,Alcinous addressed the leaders: “At dawn we will call,unreviewed
odyssey,7,163,10,15,"The elders, entertain our guest, make offerings to the gods,",unreviewed
odyssey,7,164,12,14,"And think of his conveyance, that he may reach his native land",unreviewed
odyssey,7,165,10,17,"Without distress or pain, escorted by us, however far away.",unreviewed
odyssey,7,166,12,15,Thereafter he will suffer what the thread of fate fixed for him.,unreviewed
odyssey,7,167,12,16,"If he is some god from heaven, the gods themselves are shaping",unreviewed
odyssey,7,168,9,16,Something new; they have always appeared among us openly.”,unreviewed
odyssey,7,169,11,14,"But wise Odysseus answered: “Let such thoughts be far from you,",unreviewed
odyssey,7,170,12,17,Alcinous. I am not like the immortals who possess the wide sky;,unreviewed
odyssey,7,171,13,15,"I am mortal, like the men you know who bear the heaviest grief.",unreviewed
odyssey,7,172,14,18,"I could tell greater sorrows still, all those I suffered by heaven’s will.",unreviewed
odyssey,7,173,13,16,"But let me eat, though grief is in me. Nothing is more shameless",unreviewed
odyssey,7,174,11,17,"Than the hateful belly, which commands a man to remember food,",unreviewed
odyssey,7,175,15,20,"However worn down and sorrowful he may be. So I have sorrow in my heart,",unreviewed
odyssey,7,176,13,16,"Yet it commands that I should eat and drink, and makes me forget",unreviewed
odyssey,7,177,12,16,"The things I suffered. At sunrise urge your men, that I, unhappy,",unreviewed
odyssey,7,178,14,19,"May set foot again upon my native land; and when I see my possessions,",unreviewed
odyssey,7,181,11,16,"The people went to their homes; Odysseus stayed within the hall,",unreviewed
odyssey,7,182,11,15,"With Arete and the king, while servants cleared away the feast.",unreviewed
odyssey,7,183,11,15,"Arete, white-armed, began the questioning, for she knew the shirt",unreviewed
odyssey,7,184,10,15,And cloak upon him—beautiful garments she herself had made:,unreviewed
odyssey,7,185,13,15,"“Stranger, who are you, and from what land? Who gave you these garments?",unreviewed
odyssey,7,186,11,13,Did you not say that you wandered here across the sea?”,unreviewed
odyssey,7,187,12,19,"Odysseus answered: “Queen, it is difficult to tell the whole of sorrow;",unreviewed
odyssey,7,188,15,16,The gods have given me too much. Yet I will tell the thing you ask.,unreviewed
odyssey,7,189,13,21,"Far out upon the sea lies Ogygia, where Calypso lives, the cunning daughter",unreviewed
odyssey,7,190,13,17,"Of great Atlas, dread and beautiful. A spirit brought me to her hearth,",unreviewed
odyssey,7,191,15,19,After Zeus struck my ship apart with a white thunderbolt in the wine-dark sea.,unreviewed
odyssey,7,192,14,16,"All my good comrades died; I clung to the keel of the curved ship,",unreviewed
odyssey,7,193,14,15,And drifted nine full days. On the tenth dark night the gods brought me,unreviewed
odyssey,7,194,13,18,"To Ogygia, where Calypso took me in, loved me, fed me, and promised",unreviewed
odyssey,7,195,13,22,I should live immortal and unaging forever. Yet she never persuaded my heart.,unreviewed
odyssey,7,196,13,16,"“For seven years I stayed there, and soaked with tears the deathless garments",unreviewed
odyssey,7,197,14,16,"She had given me. When the eighth year came, she urged me to depart,",unreviewed
odyssey,7,198,15,17,Whether Zeus compelled her or her mind had turned. She sent me on a raft,unreviewed
odyssey,7,199,13,18,"Bound fast with many ropes; she gave me bread, sweet wine, immortal clothes,",unreviewed
odyssey,7,200,14,18,And a gentle wind. For seventeen days I crossed the sea; on the eighteenth,unreviewed
odyssey,7,201,11,16,"Appeared the shadowed mountains of your land. Poseidon stirred the winds,",unreviewed
odyssey,7,202,15,18,And the storm broke the raft apart. I swam until wind and water carried me,unreviewed
odyssey,7,203,17,19,"To your land. A wave drove me against the rocks, but I drew back and swam again",unreviewed
odyssey,7,204,15,19,"Until I came upon a river, where the place seemed best: smooth from the stones,",unreviewed
odyssey,7,205,14,17,"And sheltered from the wind. I fell exhausted; night came on, and I climbed",unreviewed
odyssey,7,206,13,17,"Beyond the river, slept in the thicket, and drew the leaves around me.",unreviewed
odyssey,7,207,15,17,"There I slept all night and through the dawn, into middle day. Then I saw",unreviewed
odyssey,7,208,15,19,"Your daughter’s maids playing upon the shore, and she among them like a goddess.",unreviewed
odyssey,7,209,15,16,"I begged her help. She gave me food and wine, washed me in the river,",unreviewed
odyssey,7,210,14,15,"And gave me these clothes. Though I grieve, I have told you the truth.”",unreviewed
odyssey,7,211,11,17,"Alcinous answered: “Stranger, my daughter did not show all the judgment",unreviewed
odyssey,7,212,16,16,"She should have shown, for she did not lead you to our house with her maids.”",unreviewed
odyssey,7,213,14,20,But Odysseus answered: “Do not blame your blameless child. She told me to follow;,unreviewed
odyssey,7,214,13,16,"I would not, for I feared you might grow angry seeing us together.”",unreviewed
odyssey,7,215,13,18,Then Alcinous answered: “My heart is not one that grows angry without cause.,unreviewed
odyssey,7,216,17,22,"May Zeus, Athena, and Apollo grant that you, being as you are and thinking as I do,",unreviewed
odyssey,7,217,17,20,"Might take my daughter’s hand and be my son by marriage, staying here. I would provide",unreviewed
odyssey,7,218,14,16,A house and wealth if you stayed by choice; no Phaeacian would compel you.,unreviewed
odyssey,7,219,17,22,"Tomorrow I will make certain of your passage, so that while you sleep the men may row",unreviewed
odyssey,7,220,17,21,"You in a calm sea until you reach your land and house, wherever it lies—even beyond",unreviewed
odyssey,7,221,13,18,"Euboea, which our men call farthest of all lands. They once conveyed Rhadamanthys",unreviewed
odyssey,7,222,14,16,"There to see Tityus, earth-born; they went and came home the selfsame day.",unreviewed
odyssey,7,223,14,15,You will learn how swift my ships and young men are upon the sea.”,unreviewed
odyssey,7,224,12,21,"Odysseus rejoiced, and prayed: “Father Zeus, may every word Alcinous has spoken",unreviewed
odyssey,7,225,14,16,"Be brought to pass. Then my fame on the fruitful earth would never die,",unreviewed
odyssey,7,226,6,6,And I would reach my home.”,unreviewed
odyssey,7,227,15,22,"Arete ordered the women to set a bed beneath the portico, and lay fine purple",unreviewed
odyssey,7,228,16,22,"Blankets over it, with rugs above and woolen cloaks to cover him. The women went out",unreviewed
odyssey,7,229,13,16,"Bearing torches. When they had made the close-woven bed, they called him:",unreviewed
odyssey,7,230,14,17,"“Rise now, stranger; your bed is ready.” It seemed a welcome thing to sleep.",unreviewed
odyssey,7,231,16,24,"The much-enduring Odysseus lay beneath the roof, upon the pierced bed beneath the echoing hall.",unreviewed
odyssey,7,232,16,21,"Alcinous slept within the house’s heart, and the queen prepared the bed and resting-place.",unreviewed
odyssey,8,4,9,14,"Athena, wearing a herald’s form, urged the people",unreviewed
odyssey,8,15,9,13,"Demodocus, beloved of the Muse, who took his eyes",unreviewed
odyssey,8,16,11,13,"But gave him singing sweet, and set him beside his lyre.",unreviewed
odyssey,8,17,12,13,"When hunger and thirst were gone, the Muse moved him to sing",unreviewed
odyssey,8,18,11,16,"The quarrel of Odysseus and Achilles: how, at a rich feast,",unreviewed
odyssey,8,19,9,15,"They fought in words, and Agamemnon rejoiced, for Apollo",unreviewed
odyssey,8,20,9,16,Had foretold that this would begin calamity for Trojans,unreviewed
odyssey,8,21,12,16,And Danaans by the will of Zeus. Odysseus drew his purple cloak,unreviewed
odyssey,8,22,14,17,"Above his head and hid his face, ashamed of the tears beneath his brows.",unreviewed
odyssey,8,23,12,14,"When the singer ceased, he wiped his tears and lifted the cup;",unreviewed
odyssey,8,24,12,14,"When the Phaeacians asked for more, he covered his head and wept.",unreviewed
odyssey,8,25,9,15,Alcinous alone observed him and heard his heavy sighing.,unreviewed
odyssey,8,26,9,13,Then Alcinous led the people out to the contests:,unreviewed
odyssey,8,27,7,13,"“Test yourselves in boxing, wrestling, jumping, running,",unreviewed
odyssey,8,29,10,14,How much we surpass other men.” The young men competed.,unreviewed
odyssey,8,30,8,14,"Laodamas called to Odysseus: “Come, stranger, test yourself.”",unreviewed
odyssey,8,31,9,14,Odysseus answered: “You have not spoken kindly. I came,unreviewed
odyssey,8,33,9,15,"Euryalus insulted him, calling him a merchant who cared",unreviewed
odyssey,8,34,8,13,"For cargo. Odysseus seized the great discus, heavier",unreviewed
odyssey,8,36,14,17,"“I am not skilled in every contest,” he said, “but I am not last.",unreviewed
odyssey,8,37,10,15,"Call your best runner, wrestler, or boxer.” Alcinous calmed them:",unreviewed
odyssey,8,39,7,14,Euryalus gave Odysseus a sword and apologized.,unreviewed
odyssey,8,40,10,16,The young men danced. Demodocus sang of Ares and Aphrodite:,unreviewed
odyssey,8,41,10,13,"How the Sun revealed their love to Hephaestus, who forged",unreviewed
odyssey,8,42,14,17,A net finer than a spider’s thread and caught the lovers in bed;,unreviewed
odyssey,8,44,11,17,Alcinous asked for a song of the wooden horse. Demodocus sang,unreviewed
odyssey,8,45,12,15,"How the Achaeans made it, hid within, and left it before Troy;",unreviewed
odyssey,8,46,12,19,How the Trojans debated whether to break it open or dedicate it,unreviewed
odyssey,8,47,11,17,"To Athena; how Odysseus and his companions climbed out by night,",unreviewed
odyssey,8,48,11,15,"Killed the guards, opened the gates, and let the army enter.",unreviewed
odyssey,8,49,13,19,"Odysseus covered his face and wept as a woman weeps over her husband,",unreviewed
odyssey,8,50,12,20,"Fallen before his city while his people flee. Alcinous alone saw it,",unreviewed
odyssey,8,51,11,16,And stopped the singer: “Let Demodocus cease. Our guest has suffered.,unreviewed
odyssey,8,53,9,14,"The contests were completed: Clytoneus won the foot race,",unreviewed
odyssey,8,54,9,17,"Euryalus the boxing, Amphialus the leap, Elatreus the discus,",unreviewed
odyssey,8,55,11,18,And Laodamas the wrestling. Alcinous asked Odysseus to join the dance.,unreviewed
odyssey,8,56,14,16,They danced in pairs. The king gave the guest a golden cup and garments;,unreviewed
odyssey,8,57,10,16,"Each chief added a gift. Euryalus presented his sword again,",unreviewed
odyssey,8,58,10,14,"Saying, “Take this, and let my earlier insult be forgotten.”",unreviewed
odyssey,8,59,12,16,The queen sent a chest for the clothes and gold. Alcinous ordered,unreviewed
odyssey,8,60,14,16,"A blanket and cloak, and told his son to tie them aboard the ship.",unreviewed
odyssey,8,61,10,17,At evening the Phaeacians returned to the palace. Odysseus asked,unreviewed
odyssey,8,62,11,17,Demodocus for the wooden horse again: “Tell how the Achaeans stood,unreviewed
odyssey,8,63,12,16,"Around it, and how the city received the gift.” The singer obeyed.",unreviewed
odyssey,8,64,12,18,"Odysseus wept again; Alcinous asked why Troy’s song brought such sorrow,",unreviewed
odyssey,8,65,11,19,Whether someone dear had died. Odysseus answered: “You have spoken wisely.,unreviewed
odyssey,8,66,15,21,There is no greater honor than hearing a singer who knows the order of events,unreviewed
odyssey,8,67,15,19,"And makes them live again. Ready the ship. I will speak my name, my country,",unreviewed
odyssey,8,68,14,14,And the trials that carried me so far from home.” The hall grew still;,unreviewed
odyssey,8,69,14,20,The Phaeacians waited for the man of many turnings to begin his own story.,unreviewed
odyssey,9,1,10,16,Odysseus answered Alcinous: “You ask me my name and country.,unreviewed
odyssey,9,2,13,16,There is no sweeter thing than a singer whose voice delights a hall,unreviewed
odyssey,9,3,13,16,Where guests sit listening and the tables stand full of bread and meat.,unreviewed
odyssey,9,4,12,16,"I am Odysseus, son of Laertes, known to men for many turns.",unreviewed
odyssey,9,5,12,17,"I live in Ithaca, beneath Mount Neriton. It is rough, but dear.",unreviewed
odyssey,9,6,13,15,No place is sweeter to a man than his own land and people.,unreviewed
odyssey,9,7,11,15,"Calypso held me in her hollow caverns, and Circe kept me",unreviewed
odyssey,9,8,11,13,"In her house on Aeaea; both desired me for a husband,",unreviewed
odyssey,9,9,10,16,But neither persuaded the heart within me. Nothing is sweeter,unreviewed
odyssey,9,10,14,16,"Than one’s own land and parents, though a man may live far away.",unreviewed
odyssey,9,11,12,14,Now hear the griefs I carried home from Troy. The Cicones lived,unreviewed
odyssey,9,12,11,16,"near Ismarus. I sacked their city, killed the men, and divided",unreviewed
odyssey,9,13,12,16,"the women and goods among my companions. I told them to leave,",unreviewed
odyssey,9,14,10,16,"but they would not listen. The Cicones called neighboring warriors,",unreviewed
odyssey,9,15,12,17,"More numerous and stronger, skilled in battle from chariots and on foot.",unreviewed
odyssey,9,16,11,16,"At dawn they came upon us, more numerous than autumn leaves.",unreviewed
odyssey,9,17,13,15,"We fought, but six men from each ship fell, and before we escaped",unreviewed
odyssey,9,18,14,18,"We raised each fallen man’s threefold cry, calling his name upon the plain.",unreviewed
odyssey,9,19,13,14,The gods sent a north wind against us. For two days we stayed,unreviewed
odyssey,9,20,13,15,"beside the shore, with little food. On the third, we raised the mast",unreviewed
odyssey,9,21,12,14,and sailed. At Malea the current and storms drove us beyond Crete.,unreviewed
odyssey,9,22,12,13,For nine days we wandered; on the tenth we reached the land,unreviewed
odyssey,9,23,14,19,"of the Lotus-eaters, who eat a flower that makes a man forget home.",unreviewed
odyssey,9,24,12,17,"Some of my companions tasted it, and no longer wished to return.",unreviewed
odyssey,9,25,12,18,They wanted only to remain among the Lotus-eaters. I dragged them,unreviewed
odyssey,9,26,11,14,"back to the ships, bound them beneath the benches, and ordered",unreviewed
odyssey,9,27,12,15,"the others to row, lest they too forget the day of return.",unreviewed
odyssey,9,28,13,16,"We reached the land of the Cyclopes, a people who trust the gods",unreviewed
odyssey,9,29,13,15,and do not plant or plow. Grain grows wild; vines grow without care.,unreviewed
odyssey,9,30,13,19,"They have no assemblies, no laws, and no city. Each rules his family",unreviewed
odyssey,9,31,11,16,"from a cave upon the mountain, without concern for the others.",unreviewed
odyssey,9,32,12,16,We landed on an island opposite their shore. Wild goats filled it.,unreviewed
odyssey,9,33,12,14,"We hunted, ate, and slept. At dawn we crossed to the mainland,",unreviewed
odyssey,9,34,15,15,"and saw a vast cave near the sea. We found cheese and pens of sheep,",unreviewed
odyssey,9,35,11,13,but my companions urged me to take the food and go.,unreviewed
odyssey,9,36,13,17,"I refused. I wanted to meet the cave's master, and see what gift",unreviewed
odyssey,9,37,13,16,"he would offer a stranger. We entered, lit a fire, ate the cheese,",unreviewed
odyssey,9,38,10,15,"and waited. At evening the Cyclops came, carrying dry wood.",unreviewed
odyssey,9,39,11,15,"He was enormous, like a mountain walking. He rolled a stone",unreviewed
odyssey,9,40,10,14,across the doorway that twenty-two wagons could not move.,unreviewed
odyssey,9,42,11,15,"Are you traders, or do you wander the sea like pirates?”",unreviewed
odyssey,9,43,11,13,"I answered: “We are Achaeans from Troy. We seek your knees,",unreviewed
odyssey,9,44,10,16,and ask the hospitality that Zeus protects. We are shipwrecked.”,unreviewed
odyssey,9,45,13,14,"He replied: “You are fools, or come from far away, to ask me",unreviewed
odyssey,9,46,12,16,about Zeus. Cyclopes do not care for Zeus or the other gods.,unreviewed
odyssey,9,47,7,7,Tell me where you left your ship.”,unreviewed
odyssey,9,48,10,14,I concealed the truth: “Poseidon destroyed it against the rocks.,unreviewed
odyssey,9,49,12,14,We escaped from the sea.” The Cyclops seized two men and smashed,unreviewed
odyssey,9,50,12,15,"them against the ground. He ate them like a lion, leaving nothing.",unreviewed
odyssey,9,52,13,14,"I thought of drawing my sword, but we could not move the stone.",unreviewed
odyssey,9,53,11,14,We would die beside the bodies. So I waited for dawn.,unreviewed
odyssey,9,54,10,14,"The Cyclops milked his sheep, and again seized two companions.",unreviewed
odyssey,9,55,12,14,"He ate them and drove the flock out, leaving us in darkness.",unreviewed
odyssey,9,56,14,15,"I found a stake of green olive, long and thick. I cut it down,",unreviewed
odyssey,9,57,11,13,"smoothed it, sharpened the end, and hardened it in the fire.",unreviewed
odyssey,9,58,13,15,"We drew lots. Four men would help me. At night the Cyclops returned,",unreviewed
odyssey,9,59,12,14,and again devoured two. I brought him a bowl of dark wine:,unreviewed
odyssey,9,60,13,15,"“Cyclops, drink this wine. It will reward you for the flesh you ate.",unreviewed
odyssey,9,61,13,14,You will know what kind of cargo our ship carried. We called you,unreviewed
odyssey,9,62,13,14,"our host, but your violence has made your house a place of death.”",unreviewed
odyssey,9,63,14,15,"He drank and asked for more: “Give it freely, and I will give you",unreviewed
odyssey,9,64,6,6,a gift. Tell me your name.”,unreviewed
odyssey,9,65,13,19,I answered: “My name is Nobody. My father and friends call me Nobody.”,unreviewed
odyssey,9,66,13,15,"He replied: “Nobody I will eat last, and that shall be your gift.”",unreviewed
odyssey,9,67,12,16,"The wine overcame him, and he fell asleep. We heated the stake",unreviewed
odyssey,9,68,14,15,"in the fire, and when its tip glowed, we drove it into his eye.",unreviewed
odyssey,9,69,13,17,"I pressed and twisted it, as a shipwright turns an auger in timber.",unreviewed
odyssey,9,72,9,15,"“What troubles you, Polyphemus? Is someone stealing your sheep?”",unreviewed
odyssey,9,73,8,13,He shouted: “Nobody is killing me by deceit!”,unreviewed
odyssey,9,74,12,18,"They answered: “If Nobody attacks you, you are sick. Pray to Poseidon.”",unreviewed
odyssey,9,75,12,15,Then they left. I laughed inwardly at the name and its success.,unreviewed
odyssey,9,76,13,15,The Cyclops pulled the stake from his eye and groped toward the door.,unreviewed
odyssey,9,77,13,16,"He rolled the stone aside and sat in the entrance, feeling each sheep,",unreviewed
odyssey,9,78,12,17,"thinking we might escape beneath their wool. I tied the rams together,",unreviewed
odyssey,9,79,11,13,"three by three, and fixed one man beneath the middle ram.",unreviewed
odyssey,9,80,11,15,"For myself I chose the largest, and clung beneath his belly.",unreviewed
odyssey,9,82,12,14,but did not search below. The great ram paused at the doorway.,unreviewed
odyssey,9,83,4,7,Polyphemus spoke to him:,unreviewed
odyssey,9,84,11,13,“Why are you last today? You have always led the flock.,unreviewed
odyssey,9,85,12,14,"Do you grieve for your master's eye, blinded by a wicked man?",unreviewed
odyssey,9,87,12,14,He let the ram pass. I slipped free and released the others.,unreviewed
odyssey,9,88,13,15,"We drove the sheep to the ship, and called those remaining by name.",unreviewed
odyssey,9,90,12,14,"When we were twice as far as a calling voice can carry,",unreviewed
odyssey,9,91,12,16,"I called back: “Cyclops, no weak man blinded you. It was Odysseus,",unreviewed
odyssey,9,93,13,14,"He tore the crown from a mountain and threw it. The sea rose,",unreviewed
odyssey,9,94,13,17,and the wave drove our ship back toward land. My companions restrained me.,unreviewed
odyssey,9,95,13,16,"I called again: “If anyone asks who blinded you, tell them the truth.”",unreviewed
odyssey,9,96,10,18,"Polyphemus prayed to Poseidon: “Hear me. If Odysseus reaches home,",unreviewed
odyssey,9,97,13,17,"let him return late, alone, and in another man's ship. Let him find",unreviewed
odyssey,9,99,11,17,"We escaped to the island, divided the sheep, and made sacrifice.",unreviewed
odyssey,9,100,13,15,"The gods accepted the smoke, but Zeus did not. At night we slept;",unreviewed
odyssey,9,101,12,17,"at dawn we sailed onward, carrying the memory of the blinded giant.",unreviewed
odyssey,10,1,10,13,"We reached the island of Aeolus, keeper of the winds.",unreviewed
odyssey,10,2,11,14,"He lived in a floating palace with his wife and children,",unreviewed
odyssey,10,3,13,16,and the gods had made him master of every storm. For a month,unreviewed
odyssey,10,4,13,16,"he asked me about Troy, the sea, and the return of the Achaeans.",unreviewed
odyssey,10,5,15,15,"When I asked to leave, he gave me a bag made from an ox's hide.",unreviewed
odyssey,10,6,14,18,"Within it he had bound every adverse wind. He let the west wind blow,",unreviewed
odyssey,10,7,15,17,"the wind that would carry us home. I tied the bag beneath the ship's bench,",unreviewed
odyssey,10,8,11,14,"and for nine days we sailed. On the tenth, Ithaca appeared.",unreviewed
odyssey,10,9,11,16,I saw the fires of my homeland. Then sleep overcame me.,unreviewed
odyssey,10,10,10,14,"My companions whispered: “He has brought home gold and silver,",unreviewed
odyssey,10,11,12,19,while we have received nothing. Open the bag. Perhaps treasure lies within.”,unreviewed
odyssey,10,12,13,13,"They loosed the hide. The winds burst out, and a storm seized us.",unreviewed
odyssey,10,13,11,17,We were driven back toward Aeolus' island. I woke and considered,unreviewed
odyssey,10,14,13,18,"whether to throw myself into the sea. I remained, hoping for the land.",unreviewed
odyssey,10,15,14,16,We begged Aeolus to help us again. He asked: “Have the gods pursued you?,unreviewed
odyssey,10,16,14,16,Did you offend them?” I said no. He replied: “Then go. I cannot aid,unreviewed
odyssey,10,17,12,13,a man whom the blessed gods hate.” So he sent us away.,unreviewed
odyssey,10,18,12,15,We rowed six days and came to the land of the Laestrygonians.,unreviewed
odyssey,10,19,10,13,"Their harbor was narrow, ringed by cliffs, with one entrance.",unreviewed
odyssey,10,20,15,18,I kept my own ship outside and tied her to a rock; the others entered.,unreviewed
odyssey,10,21,13,16,A girl carrying water saw us and led the men to her father.,unreviewed
odyssey,10,22,14,17,"When the king came, he was vast as a mountain. He seized one companion",unreviewed
odyssey,10,23,10,16,"and devoured him. The others cried out. The Laestrygonians gathered,",unreviewed
odyssey,10,24,11,13,"throwing stones from the cliffs. They smashed the ships like pots,",unreviewed
odyssey,10,26,13,15,I cut the cable of my ship and urged the rowers to pull.,unreviewed
odyssey,10,27,12,16,"We escaped, but all the other ships were lost. Only mine remained.",unreviewed
odyssey,10,28,11,14,"We reached Aeaea, the island of Circe, and landed in silence.",unreviewed
odyssey,10,29,16,16,"For two days we lay in grief. On the third, I climbed a hill and saw",unreviewed
odyssey,10,30,12,19,smoke rising from the forest. I divided the men into two companies.,unreviewed
odyssey,10,31,9,14,Eurylocus led the first; I remained with the other.,unreviewed
odyssey,10,32,12,17,Circe welcomed Eurylocus and his men into her house. She mixed wine,unreviewed
odyssey,10,34,12,16,"They became pigs—heads, bristles, and voices still human—and she shut",unreviewed
odyssey,10,35,9,13,them in her pens. Eurylocus escaped and told me.,unreviewed
odyssey,10,36,16,17,"I took my sword and bow, but Hermes met me on the road. He gave me",unreviewed
odyssey,10,37,13,15,"the herb moly, black at the root and white as milk, which resists",unreviewed
odyssey,10,38,11,14,"Circe's spell. “When she strikes you,” he said, “rush upon her.",unreviewed
odyssey,10,39,15,15,She will ask you to share her bed. Make her swear not to harm you.”,unreviewed
odyssey,10,40,13,15,"I entered the house. Circe offered the cup. I drank, but her wand",unreviewed
odyssey,10,42,13,15,She clasped my knees: “Who are you? No man has resisted this cup.,unreviewed
odyssey,10,43,13,18,"You must be the Odysseus Hermes foretold, on his way home from Troy.",unreviewed
odyssey,10,45,13,16,I made her swear the great oath that no further evil would follow.,unreviewed
odyssey,10,46,11,16,Then she released my companions and restored them to human shape.,unreviewed
odyssey,10,47,12,15,"They looked younger and stronger than before, and wept to see me.",unreviewed
odyssey,10,48,13,16,Circe welcomed all the rest of the company. For a year we lived,unreviewed
odyssey,10,49,13,18,"in her house, eating meat and sweet wine, but my companions reminded me:",unreviewed
odyssey,10,50,11,15,“The hour of return is near. You must not forget Ithaca.”,unreviewed
odyssey,10,51,12,15,I asked Circe to send us home. She answered: “You cannot return,unreviewed
odyssey,10,52,11,15,"until you have gone to the house of Hades and Persephone,",unreviewed
odyssey,10,53,12,15,to ask the blind prophet Tiresias. I will tell you the road.,unreviewed
odyssey,10,54,14,17,The north wind will carry you to Oceanus; there you must beach the ship.,unreviewed
odyssey,10,55,11,15,"Dig a trench, pour offerings of milk, honey, wine, and water,",unreviewed
odyssey,10,56,11,15,"and sprinkle barley. Pray to the dead, then sacrifice black sheep.",unreviewed
odyssey,10,57,10,15,The shades will gather. Let only Tiresias drink the blood.”,unreviewed
odyssey,10,58,11,17,"My companions lamented, but Circe gave us provisions and a ram,",unreviewed
odyssey,10,59,12,15,"and set a following wind behind the ship. We raised the sail,",unreviewed
odyssey,10,60,11,15,and the night carried us away from the island of enchantment.,unreviewed
odyssey,11,1,11,16,"We came to the river Ocean, where the Cimmerian people live,",unreviewed
odyssey,11,2,11,16,hidden beneath mist and night. The sun never shines upon them;,unreviewed
odyssey,11,3,10,15,"the darkness holds them, whether dawn rises or evening falls.",unreviewed
odyssey,11,4,11,16,We drew the ship onto the shore and followed Circe's directions.,unreviewed
odyssey,11,5,14,17,"I dug a trench and poured offerings to all the dead: milk and honey,",unreviewed
odyssey,11,6,12,17,"wine, and water over barley. I prayed to the shades and promised",unreviewed
odyssey,11,7,13,19,"a barren heifer when I reached Ithaca, and to Tiresias a black ram,",unreviewed
odyssey,11,10,10,14,"The dead gathered. Women, old men, warriors, and children came,",unreviewed
odyssey,11,11,14,16,"all crying, and I feared their hollow voices. I kept them from the blood",unreviewed
odyssey,11,12,9,16,"until Tiresias should drink. Elpenor came first, the companion",unreviewed
odyssey,11,14,12,15,"“Do not leave me unwept and unburied. Burn me with my armor,",unreviewed
odyssey,11,15,12,14,"raise a mound beside the sea, and set my oar upon it,",unreviewed
odyssey,11,16,12,15,so men unborn may know the rower who died before his time.”,unreviewed
odyssey,11,17,12,17,I promised him. Then I allowed Tiresias to drink. The blind prophet,unreviewed
odyssey,11,18,6,7,"held the golden staff, and spoke:",unreviewed
odyssey,11,19,11,13,"“You seek the path home, but Poseidon will make it hard.",unreviewed
odyssey,11,20,14,17,"You blinded his son, and the god will not forget. Still, you may arrive",unreviewed
odyssey,11,21,12,16,if you and your companions leave the cattle of the Sun untouched.,unreviewed
odyssey,11,22,13,13,"If you harm them, you will lose your ship and all your men.",unreviewed
odyssey,11,23,9,14,"You alone will return, late, and in another's vessel.",unreviewed
odyssey,11,25,13,15,"take an oar and travel inland, where men do not know the sea.",unreviewed
odyssey,11,26,12,18,"When someone asks why you carry a winnowing fan upon your shoulder,",unreviewed
odyssey,11,27,10,14,plant the oar in the earth and sacrifice to Poseidon.,unreviewed
odyssey,11,28,12,14,"Then death will come to you from the sea, gentle and complete.”",unreviewed
odyssey,11,29,12,17,I asked about my mother. Tiresias said she still sat in sorrow,unreviewed
odyssey,11,30,10,15,"within the house, waiting for me. He vanished after drinking.",unreviewed
odyssey,11,31,12,16,I let my mother approach the blood. She drank and recognized me.,unreviewed
odyssey,11,32,11,13,"“My child,” she cried, “how have you come beneath the darkness?",unreviewed
odyssey,11,34,13,18,I answered: “I have not yet entered Hades. I came to ask Tiresias,unreviewed
odyssey,11,35,11,14,the road home. I have not touched Ithaca. I still wander.”,unreviewed
odyssey,11,36,10,14,"She said: “Your father has withdrawn to the country, grieving.",unreviewed
odyssey,11,37,12,15,"He no longer sleeps in the town. Penelope waits in the hall,",unreviewed
odyssey,11,38,12,17,"and your son Telemachus holds the house, though the suitors consume it.",unreviewed
odyssey,11,39,13,15,"As for me, I died from longing for you, not from a disease.”",unreviewed
odyssey,11,40,12,15,"I tried to embrace her. Three times I reached, and three times",unreviewed
odyssey,11,41,13,14,she slipped through my hands like a shadow. I asked why the dead,unreviewed
odyssey,11,42,12,14,"could not be held. She answered: “When a man dies, sinews fail,",unreviewed
odyssey,11,43,11,16,and the bones no longer hold flesh. Fire consumes the body;,unreviewed
odyssey,11,44,6,7,the spirit flies like a dream.”,unreviewed
odyssey,11,45,12,17,Then I saw a procession of famous women and asked their names:,unreviewed
odyssey,11,46,7,17,"Tyro, Antiope, Alcmene, Epicaste, Chloris, Leda, Iphimedeia,",unreviewed
odyssey,11,47,7,15,"Phaedra, Procris, Ariadne, Maera, Clymene, and Eriphyle.",unreviewed
odyssey,11,48,12,15,"They had borne sons and founded houses, but death received them all.",unreviewed
odyssey,11,49,12,16,I saw Orion pursuing the beasts he once hunted. Tityus lay stretched,unreviewed
odyssey,11,50,11,17,"across the ground, while vultures tore his liver, which grew again.",unreviewed
odyssey,11,51,12,15,"Tantalus stood in water up to his chin, but thirst drove him",unreviewed
odyssey,11,52,13,17,from every drink; fruit hung above him and moved away in the wind.,unreviewed
odyssey,11,53,12,15,"Sisyphus pushed a stone up a hill, but it always rolled back.",unreviewed
odyssey,11,54,10,15,"Then Heracles appeared—not the whole man, but his shadow.",unreviewed
odyssey,11,56,11,16,"He had entered the darkness while still alive, by the command",unreviewed
odyssey,11,57,12,14,of Eurystheus. The dead fled from him as birds flee a hawk.,unreviewed
odyssey,11,58,11,17,"He recognized me: “Unhappy man, are you too suffering like this?",unreviewed
odyssey,11,59,13,18,"I endured the living tasks imposed on me, but no man escapes toil.”",unreviewed
odyssey,11,60,11,17,"He disappeared into the night, and I waited for other heroes.",unreviewed
odyssey,11,61,13,18,"I saw Theseus and Pirithous, but fear came upon me: perhaps the queen",unreviewed
odyssey,11,62,14,17,"of the dead would send the Gorgon from below. I returned to the ship,",unreviewed
odyssey,11,63,8,14,"ordered my companions aboard, and loosened the cables.",unreviewed
odyssey,11,64,11,15,The current carried us from Oceanus while the wind grew strong.,unreviewed
odyssey,12,2,12,15,"We carried Elpenor's body to the shore, cut wood, and burned him",unreviewed
odyssey,12,3,16,19,"with his armor. We raised a mound beside the sea and set his oar upon it,",unreviewed
odyssey,12,4,15,15,as he had asked. Circe came and brought food and wine. All day we ate.,unreviewed
odyssey,12,5,12,14,At sunset she said: “You must hear what waits beyond this island.,unreviewed
odyssey,12,6,13,20,"The Sirens enchant every man who approaches them. They sit in a meadow,",unreviewed
odyssey,12,7,13,17,"singing, and around them lie the bones of men whose flesh has rotted.",unreviewed
odyssey,12,8,12,15,Sail past without hearing their song. Have the crew bind you upright,unreviewed
odyssey,12,9,13,16,"against the mast; if you beg for release, they must bind you tighter.",unreviewed
odyssey,12,10,7,7,Let them stop their ears with wax.”,unreviewed
odyssey,12,11,13,17,“After the Sirens you will pass two ways. One holds the Wandering Rocks;,unreviewed
odyssey,12,12,13,19,"no ship escapes them, save Argo, whom Hera once guided past for Jason.",unreviewed
odyssey,12,14,10,18,Charybdis beneath the other. Charybdis swallows the sea three times,unreviewed
odyssey,12,15,14,17,each day and sends it out three times. No ship can survive her whirlpool.,unreviewed
odyssey,12,16,13,14,"Scylla has six necks and six heads, each with three rows of teeth.",unreviewed
odyssey,12,17,13,14,She will seize six men from your ship. Sail close to Scylla's rock;,unreviewed
odyssey,12,19,10,13,"“Beyond lies Thrinacia, where the cattle of the Sun graze:",unreviewed
odyssey,12,20,12,16,"seven herds of cattle and seven flocks of sheep, fifty in each,",unreviewed
odyssey,12,21,19,24,"tended by the Sun’s daughters. Do not touch them. If you leave them unharmed, you may reach Ithaca.",unreviewed
odyssey,12,22,11,13,"If you harm them, your ship and companions will be destroyed.”",unreviewed
odyssey,12,24,12,16,and the waves carried us from the island. I told my companions,unreviewed
odyssey,12,25,13,15,"what the goddess had said, but I did not tell them that Scylla",unreviewed
odyssey,12,26,13,13,"would take six men, for they would have dropped the oars in fear.",unreviewed
odyssey,12,27,12,16,We passed the Sirens. I melted wax and stopped every man's ears.,unreviewed
odyssey,12,28,15,17,"They bound me to the mast. When we came within the distance of a shout,",unreviewed
odyssey,12,29,3,4,the Sirens sang:,unreviewed
odyssey,12,30,9,13,"“Come here, much-praised Odysseus, glory of the Achaeans.",unreviewed
odyssey,12,31,13,14,Stop your ship and hear our voice. No man sails past this meadow,unreviewed
odyssey,12,32,12,15,without hearing a sweeter song. We know all the griefs at Troy;,unreviewed
odyssey,12,34,13,17,"My heart desired to listen. I motioned for the men to release me,",unreviewed
odyssey,12,35,10,18,but Perimedes and Eurylochus bound me tighter. They rowed until,unreviewed
odyssey,12,36,12,18,"the Sirens' voices faded, then removed the wax and loosened the ropes.",unreviewed
odyssey,12,37,12,14,"I warned them of the next danger. We saw smoke and breakers,",unreviewed
odyssey,12,38,12,13,and heard a great sound. The rowers lost their oars in fear.,unreviewed
odyssey,12,39,14,15,"I ordered them to row, and told them to keep their eyes on me.",unreviewed
odyssey,12,40,13,16,"I did not mention Scylla, lest they drop the oars and hide below.",unreviewed
odyssey,12,41,11,14,We came near the rock. Charybdis swallowed the sea; it boiled,unreviewed
odyssey,12,42,13,16,"and roared like a cauldron over a fire. Scylla reached from her cave,",unreviewed
odyssey,12,43,13,15,and seized six companions from the ship. I saw their hands and feet,unreviewed
odyssey,12,44,12,14,"raised toward me, calling my name as if for the last time.",unreviewed
odyssey,12,46,12,16,We escaped the strait and reached Thrinacia. My men heard the cattle,unreviewed
odyssey,12,47,13,18,lowing. I reminded them of Tiresias and Circe: “Do not touch these herds.,unreviewed
odyssey,12,49,11,18,Eurylochus answered: “You are hard. You ask men exhausted by hunger,unreviewed
odyssey,12,50,14,17,to refuse the cattle. The night is dark; the gods are angry with us.,unreviewed
odyssey,12,51,15,17,"If we die of hunger, our death is worse than any storm. When we return,",unreviewed
odyssey,12,52,15,17,"we will build a temple to the Sun. If he destroys our ship, let him.",unreviewed
odyssey,12,54,14,16,"I wanted to draw my sword, but the men would not listen. They drove",unreviewed
odyssey,12,55,15,17,the ship into a bay and swore not to touch the cattle. For a month,unreviewed
odyssey,12,56,12,14,the wind blew from the south. We ate the provisions from Circe;,unreviewed
odyssey,12,58,15,18,"At last the wind shifted, and I went inland to pray. Sleep fell upon me.",unreviewed
odyssey,12,59,12,16,Eurylochus told the men: “The gods have condemned us. Take the best,unreviewed
odyssey,12,60,13,19,"of the cattle and sacrifice. When we return to Ithaca, we will build",unreviewed
odyssey,12,61,15,18,"a great temple for the Sun. If he chooses to sink our ship, we cannot",unreviewed
odyssey,12,63,14,16,They drove the finest cattle from the herd. I woke and smelled the smoke.,unreviewed
odyssey,12,64,15,17,"I came down and saw the skins moving, and the meat lowing on the spits.",unreviewed
odyssey,12,65,15,16,"I prayed to Zeus, but he gave no sign. The men had broken their oath.",unreviewed
odyssey,12,66,12,14,For six days they feasted. On the seventh we launched the ship.,unreviewed
odyssey,12,67,13,16,"The Sun told the gods: “Punish them, or I will descend to Hades",unreviewed
odyssey,12,68,9,13,and shine among the dead.” Zeus promised a thunderbolt.,unreviewed
odyssey,12,69,12,15,"When we were beyond Thrinacia, a cloud gathered. Zeus struck the ship.",unreviewed
odyssey,12,70,12,14,The mast fell upon the steersman and killed him. The ship split;,unreviewed
odyssey,12,71,15,19,"all the companions fell into the sea. I tied myself to the mast and keel,",unreviewed
odyssey,12,72,12,16,and the wind drove them away. I returned to Charybdis and clung,unreviewed
odyssey,12,73,13,16,"to the fig tree above the whirlpool. The sea swallowed mast and keel,",unreviewed
odyssey,12,74,13,14,then cast them out. I dropped upon them and rowed with my hands.,unreviewed
odyssey,12,75,13,14,For nine days I drifted. On the tenth night the gods carried me,unreviewed
odyssey,12,76,12,17,"to Ogygia, where Calypso received me and kept me in her cave.",unreviewed
odyssey,13,5,11,13,"And we, in common, will repay the cost. It is hard",unreviewed
odyssey,13,15,9,14,"The heaven-taught singer, came among them; and Odysseus,",unreviewed
odyssey,13,16,6,13,"Turning continually toward the westering light,",unreviewed
odyssey,13,18,10,13,"For supper waits for the oxen's return from the plough,",unreviewed
odyssey,13,36,5,7,Running across a wide plain.,unreviewed
odyssey,13,37,11,13,"All night he lay in sleep, while the ship flew onward,",unreviewed
odyssey,13,44,9,13,"Run outward and receive the long waves, and within",unreviewed
odyssey,13,55,7,7,And through it men may not pass.,unreviewed
odyssey,13,59,10,13,The gifts which great-hearted Athena had won for him,unreviewed
odyssey,13,64,9,13,"But Poseidon, shaker of the earth, did not forget.",unreviewed
odyssey,13,66,9,13,"“Father, shall I be held without honor among gods,",unreviewed
odyssey,13,80,5,7,Is ever to be fulfilled.”,unreviewed
odyssey,13,83,9,13,"And it became a stone, rooted beneath the water.",unreviewed
odyssey,13,86,9,15,Alcinous remembered the word his father once had spoken:,unreviewed
odyssey,13,89,9,14,"The people to assembly, and said: “Let us sacrifice",unreviewed
odyssey,13,90,9,13,"Twelve bulls to Poseidon, lest he cover our city",unreviewed
odyssey,13,101,10,13,"Of Phaeacia deceived me? They promised to send me home,",unreviewed
odyssey,13,105,10,13,"He counted the bronze, the gold, and the woven garments;",unreviewed
odyssey,13,108,11,16,"Athena came toward him, in the likeness of a young man,",unreviewed
odyssey,13,116,4,4,Where I have come.”,unreviewed
odyssey,13,118,11,14,"Or you have come from far away, not to know Ithaca.",unreviewed
odyssey,13,119,12,13,"It is rough, and not fit for horses; but it is not",unreviewed
odyssey,13,120,9,13,Poor or without harvest. Wine grows there in abundance;,unreviewed
odyssey,13,125,8,13,Odysseus answered: “I knew the name of Ithaca;,unreviewed
odyssey,13,127,7,15,"After killing the son of Idomeneus, Orsilochus,",unreviewed
odyssey,13,129,10,13,"I had won by toil. I hid among the Phoenicians,",unreviewed
odyssey,13,130,11,14,And asked them to carry me to Pylos or to Elis.,unreviewed
odyssey,13,134,9,13,"Phoenicia, and the people of Sidon. Then they sailed",unreviewed
odyssey,13,140,10,13,You would not end your cunning even in your country.,unreviewed
odyssey,13,141,9,13,"I am Athena, who have stood beside you always,",unreviewed
odyssey,13,142,11,13,Who kept your strength alive at Troy. I have hidden you,unreviewed
odyssey,13,148,9,13,"The mist. Odysseus knew the harbor, the olive tree,",unreviewed
odyssey,13,153,3,4,I have returned.”,unreviewed
odyssey,13,154,9,14,Athena and Odysseus carried the gifts into the cave:,unreviewed
odyssey,13,159,11,13,"She gives each man some hope, though her heart rejects them;",unreviewed
odyssey,13,160,10,16,"She sends messages to all, and each believes himself chosen.",unreviewed
odyssey,13,162,9,13,"Odysseus answered: “I should have fallen by their hands,",unreviewed
odyssey,13,165,5,5,Your heart would help me.”,unreviewed
odyssey,13,166,11,13,Athena said: “I will stand with you; and when the hour,unreviewed
odyssey,13,167,11,13,"Comes, I shall not be hidden. But first I must make",unreviewed
odyssey,13,168,6,14,You unrecognizable to every mortal eye.”,unreviewed
odyssey,13,178,9,13,Near the spring Arethusa. He is faithful to you.,unreviewed
odyssey,13,186,9,13,"Odysseus stood as an old beggar, bent and weathered.",unreviewed
odyssey,13,188,9,14,"To Lacedaemon, to bring the son of Odysseus home.",unreviewed
odyssey,14,8,9,14,"The swineherd had built it while his master wandered,",unreviewed
odyssey,14,14,10,13,While the boars slept outside. They were fewer by far:,unreviewed
odyssey,14,19,9,13,"Leader of men, was cutting leather for his sandals.",unreviewed
odyssey,14,23,9,14,That they might sacrifice it and satisfy their hunger.,unreviewed
odyssey,14,30,8,14,And scattered them with stones in every direction.,unreviewed
odyssey,14,31,11,13,"“Old stranger,” he said, “the dogs came near to tearing you.",unreviewed
odyssey,14,33,10,13,And I have other grief enough. I sit here mourning,unreviewed
odyssey,14,35,8,13,"While he, perhaps, wandering hungry through strange lands,",unreviewed
odyssey,14,39,12,13,Tell me from where you came and what sorrows you have borne.”,unreviewed
odyssey,14,42,11,13,"And over it laid the hide of a wild mountain-goat,",unreviewed
odyssey,14,46,9,13,"Whatever most you wish, since you received me kindly.”",unreviewed
odyssey,14,50,11,13,"Is from Zeus; and our gift, though small, is gladly given.",unreviewed
odyssey,14,53,12,14,"Had the gods bound my lord's return, he would have given me",unreviewed
odyssey,14,55,12,17,"To a servant who labors well, when heaven makes the work prosper.",unreviewed
odyssey,14,60,5,7,To fight against the Trojans.”,unreviewed
odyssey,14,68,10,13,Sweet wine in a wooden cup. Then he sat opposite,unreviewed
odyssey,14,69,11,13,"And urged his guest: “Eat now, stranger, what the servants have—",unreviewed
odyssey,14,73,9,13,"And what is fit among men. Even hostile men,",unreviewed
odyssey,14,74,10,14,"When they invade another's land and Zeus gives them spoil,",unreviewed
odyssey,14,78,12,15,"They will not seek him justly, nor return to their own homes,",unreviewed
odyssey,14,79,10,13,But sit at ease and consume his wealth without measure.,unreviewed
odyssey,14,80,9,14,For every day that comes from Zeus they sacrifice,unreviewed
odyssey,14,83,9,14,"No hero on the dark mainland, nor Ithaca itself,",unreviewed
odyssey,14,90,11,13,And good men keep watch over them; each day each herdsman,unreviewed
odyssey,14,91,11,13,"Brings the best goat as his offering. I guard these swine,",unreviewed
odyssey,14,93,11,13,"He spoke; and Odysseus ate the meat and drank the wine,",unreviewed
odyssey,14,94,10,16,"Silently, with purpose growing in his heart against the suitors.",unreviewed
odyssey,14,100,7,13,"For Agamemnon's honor. Tell me, if somewhere",unreviewed
odyssey,14,102,11,14,Whether I could carry news of him; I have wandered far.”,unreviewed
odyssey,14,103,8,13,The swineherd answered: “No wandering man who came,unreviewed
odyssey,14,106,11,15,They do not wish to tell the truth. Whoever reaches Ithaca,unreviewed
odyssey,14,108,7,13,"She receives him kindly, asks every question,",unreviewed
odyssey,14,109,12,15,"And weeps, as a woman must, when her husband has died abroad.",unreviewed
odyssey,14,114,13,15,"Or the fish have eaten him in the sea, and his bones lie",unreviewed
odyssey,14,116,11,14,"Behind them all, but for me most of all: never again",unreviewed
odyssey,14,117,11,15,"Shall I find so gentle a master, wherever I may go—",unreviewed
odyssey,14,118,13,17,"Not even if I return to the house of my father and mother,",unreviewed
odyssey,14,119,14,14,"Where I was born and raised. I do not grieve for them so much,",unreviewed
odyssey,14,124,12,16,"I will not speak idly, but with an oath: Odysseus is coming.",unreviewed
odyssey,14,126,11,13,"In cloak and tunic—only then, though I am in need.",unreviewed
odyssey,14,127,12,14,"Before that I would not receive them. Let Zeus hear me first,",unreviewed
odyssey,14,128,10,17,"And this hospitable table, and the hearth of noble Odysseus",unreviewed
odyssey,14,129,12,13,To which I have come: all that I say shall be fulfilled.,unreviewed
odyssey,14,130,12,15,"Before this year has run its course, before the old moon wanes",unreviewed
odyssey,14,132,10,15,And punish whoever here dishonors his wife and shining son.”,unreviewed
odyssey,14,136,9,14,Do not remind me. My heart aches whenever anyone,unreviewed
odyssey,14,137,11,14,"Recalls my gracious master. As for the oath, let it rest.",unreviewed
odyssey,14,142,11,13,"Like a young tree, I thought he would become among men",unreviewed
odyssey,14,143,10,14,"No worse than his father, beautiful in body and form.",unreviewed
odyssey,14,144,11,14,"But some immortal, or some mortal man, has harmed his mind;",unreviewed
odyssey,14,145,12,16,He went to Pylos to hear of his father. The noble suitors,unreviewed
odyssey,14,146,12,16,"Lie in ambush for him as he comes home, eager to destroy",unreviewed
odyssey,14,147,11,14,The last seed of godlike Arcesius' line. Let us leave him:,unreviewed
odyssey,14,148,11,15,"He may be taken, or he may escape beneath Cronion's hand.",unreviewed
odyssey,14,149,11,13,"“But tell me, old man, your own sorrow. Tell it truly,",unreviewed
odyssey,14,150,14,15,"That I may know: who are you, and from where? Who were your parents?",unreviewed
odyssey,14,151,13,16,"Upon what ship did you arrive, and how did the sailors bring you",unreviewed
odyssey,14,154,15,17,"For a full year within the hut, and other men went on with their work,",unreviewed
odyssey,14,155,12,16,I could not finish telling all the griefs my spirit has suffered,unreviewed
odyssey,14,156,13,14,"By the will of the gods. I claim broad Crete as my birthplace,",unreviewed
odyssey,14,157,9,15,"Son of a wealthy man. Many other sons, legitimate,",unreviewed
odyssey,14,159,11,17,"But my mother was a purchased concubine. Castor, son of Hylax,",unreviewed
odyssey,14,163,11,13,“The fates of death carried him to Hades; his proud sons,unreviewed
odyssey,14,164,10,14,"Divided the estate and cast lots. They gave me little,",unreviewed
odyssey,14,167,11,13,"For I was not worthless, nor one who fled from battle.",unreviewed
odyssey,14,170,9,16,May you never endure such suffering. Ares and Athena,unreviewed
odyssey,14,171,11,14,"Once gave me courage and daring; when I chose an ambush,",unreviewed
odyssey,14,172,11,15,"And led the best men against the enemy, my fearless heart",unreviewed
odyssey,14,173,12,15,"Never imagined death. I was the first to spring with the spear,",unreviewed
odyssey,14,175,11,13,"“I loved no work that belonged to the house—not ploughing,",unreviewed
odyssey,14,176,12,15,"Nor the care of a well-ordered household—but ships and war,",unreviewed
odyssey,14,177,8,13,"Battles, polished spears, and arrows. Others would shudder;",unreviewed
odyssey,14,181,12,15,"I was chosen commander. We sailed for Troy, and I was there",unreviewed
odyssey,14,183,11,13,"I had heard that Troy had fallen, and then returned home.",unreviewed
odyssey,14,184,10,13,"But the gods sent further suffering. My three sons died,",unreviewed
odyssey,14,186,12,14,"“Still my heart urged me toward war. I gathered men and ships,",unreviewed
odyssey,14,187,13,15,"And sailed with them to Egypt. There we moored by the river-mouth,",unreviewed
odyssey,14,188,12,15,"And told my companions to remain with the ships and keep watch,",unreviewed
odyssey,14,189,14,17,"While scouts went out to examine the land. But the men, ruled by pride,",unreviewed
odyssey,14,190,14,17,"Went up at once and began to plunder the fields, drove off the cattle,",unreviewed
odyssey,14,191,11,16,And carried away the women and little children. Their outcry reached,unreviewed
odyssey,14,192,11,17,"The city. At dawn the Egyptians came, bringing chariots and horses.",unreviewed
odyssey,14,194,12,14,"“No one could stand. They killed many, and took the rest alive.",unreviewed
odyssey,14,195,13,14,"Then one of my men, who had been my herald, came to me,",unreviewed
odyssey,14,197,11,14,"‘or die here. Let your heart remember Zeus, for he hates",unreviewed
odyssey,14,198,12,15,"The works of evil.’ I cast away my helmet, shield, and spear,",unreviewed
odyssey,14,201,10,13,"Many Egyptians rushed at me with spears to kill me,",unreviewed
odyssey,14,202,14,16,"But he held them back, fearing the anger of Zeus, who most of all",unreviewed
odyssey,14,205,11,17,"Every Egyptian gave me something. But when the eighth year came,",unreviewed
odyssey,14,206,10,17,"A Phoenician arrived, a deceitful man and a greedy trader,",unreviewed
odyssey,14,207,11,15,"Who had already done much harm to men. He persuaded me,",unreviewed
odyssey,14,208,13,17,"And I went with him to Phoenicia, where his house and possessions lay.",unreviewed
odyssey,14,209,13,14,"I stayed there a full year. When the months and days were complete,",unreviewed
odyssey,14,210,12,18,"He put me aboard a seafaring ship, pretending to sail for Libya;",unreviewed
odyssey,14,211,13,15,He planned to make me carry his cargo and then sell me there.,unreviewed
odyssey,14,212,8,14,"Though I suspected him, necessity made me follow.",unreviewed
odyssey,14,213,12,13,"“The ship ran before the North Wind, high and fair, past Crete.",unreviewed
odyssey,14,214,12,15,"But Zeus planned their destruction. When we were off the southern coast,",unreviewed
odyssey,14,215,9,13,The lightning-bearer snapped the mast with a thunderbolt.,unreviewed
odyssey,14,216,12,14,The mast fell and struck the steersman; he plunged like a diver.,unreviewed
odyssey,14,217,13,16,Zeus hurled the thunderbolt into the ship; she shook from end to end.,unreviewed
odyssey,14,218,13,16,The sailors fell into the sea. Around the wreck they were like crows;,unreviewed
odyssey,14,219,6,7,The god denied them the return.,unreviewed
odyssey,14,220,11,14,“I stood upon the deck until the ship split beneath me.,unreviewed
odyssey,14,221,15,16,The wind tore the mast from the keel; the sail and yard were still attached.,unreviewed
odyssey,14,222,13,14,"I bound myself to them, and the storm drove me through the night.",unreviewed
odyssey,14,223,13,16,"At dawn I came to the boundary of Crete, where the waves broke.",unreviewed
odyssey,14,224,12,14,"I swam around the rocks, and climbed up beneath a rough cliff,",unreviewed
odyssey,14,225,10,13,"While the great wave struck me again. I turned inland,",unreviewed
odyssey,14,226,12,15,"Far from the surf, and made my way along a wooded valley.",unreviewed
odyssey,14,227,14,17,"There I lay, hidden beneath the leaves; the gods led me to a place",unreviewed
odyssey,14,228,5,5,Where I could still live.,unreviewed
odyssey,14,229,14,16,"“All night I lay, and Dawn rose upon me. I looked toward the sea,",unreviewed
odyssey,14,230,12,14,"And saw a ship drawn upon the shore, and men beside it.",unreviewed
odyssey,14,231,12,15,"I crawled toward them, exhausted; they found me, and gave me food.",unreviewed
odyssey,14,232,12,16,"They led me aboard, and took me to Thesprotis. The king, Pheidon,",unreviewed
odyssey,14,233,12,16,"Received me without price. His son lifted me, worn out by hunger,",unreviewed
odyssey,14,234,14,17,And brought me into his father's house; they clothed me in tunic and cloak.,unreviewed
odyssey,14,235,12,15,“There I heard of Odysseus. The king said he had welcomed him,unreviewed
odyssey,14,236,12,16,"As he traveled toward his native land, and showed me the treasure",unreviewed
odyssey,14,238,11,16,That another man could have fed his house for ten generations.,unreviewed
odyssey,14,239,13,17,"He said Odysseus had gone to Dodona, to hear from Zeus's tall oak",unreviewed
odyssey,14,240,11,17,"How he should return to rich Ithaca, openly or in secret,",unreviewed
odyssey,14,241,14,17,"After so long an absence. He swore to me, pouring wine in his house,",unreviewed
odyssey,14,242,13,17,That the ship was ready and the companions prepared to send him home.,unreviewed
odyssey,14,243,13,18,“But he sent me away first. A Thesprotian ship happened to be sailing,unreviewed
odyssey,14,244,13,19,"Toward Dulichium, rich in grain, and he ordered its men to deliver me",unreviewed
odyssey,14,245,13,16,"To King Acastus. They planned evil in their hearts, that I might fall",unreviewed
odyssey,14,246,11,15,"Into still deeper misery. When the ship was far from shore,",unreviewed
odyssey,14,247,13,15,"They stripped off my cloak and tunic and threw around me these rags,",unreviewed
odyssey,14,248,10,15,Which you see. At evening they reached well-watered Ithaca.,unreviewed
odyssey,14,250,13,17,And went ashore to eat supper by the sea. But the gods themselves,unreviewed
odyssey,14,251,11,14,"Loosed my bonds easily. I covered my head with a rag,",unreviewed
odyssey,14,252,11,13,"Slid down the smooth rudder, and entered the sea breast-first;",unreviewed
odyssey,14,254,11,14,"I climbed where a flowering woodland stood, and lay there crouched.",unreviewed
odyssey,14,255,11,14,"They groaned and searched, but judged it useless to look farther;",unreviewed
odyssey,14,256,11,16,"They returned to the hollow ship. The gods concealed me easily,",unreviewed
odyssey,14,257,13,15,And brought me to the hut of a man who understands his work;,unreviewed
odyssey,14,260,9,14,Telling each sorrow and all the wandering you endured.,unreviewed
odyssey,14,261,13,15,"Yet these things are not in order, and you will not persuade me",unreviewed
odyssey,14,262,13,17,By speaking of Odysseus. Why must a man like you lie without need?,unreviewed
odyssey,14,263,15,18,"I know the return of my master: how he was hated by all the gods,",unreviewed
odyssey,14,264,14,16,"Who did not strike him down among the Trojans, nor in his friends' hands,",unreviewed
odyssey,14,265,11,13,After he had worked through the war. Then all the Achaeans,unreviewed
odyssey,14,266,13,13,"Would have raised him a mound, and he would have won great fame",unreviewed
odyssey,14,267,11,15,"For his son. Now, nameless, the Harpies have carried him away.",unreviewed
odyssey,14,268,13,17,"“I stay apart beside the swine, and do not go into the city,",unreviewed
odyssey,14,269,10,16,Unless wise Penelope calls me when news comes from somewhere.,unreviewed
odyssey,14,270,14,17,"Then the people sit and question me—those who grieve for the absent king,",unreviewed
odyssey,14,271,11,17,And those who rejoice while they consume his substance without payment.,unreviewed
odyssey,14,272,14,19,I do not love to ask or question since an Aetolian stranger deceived me:,unreviewed
odyssey,14,273,11,16,"He had killed a man, and after wandering over many lands",unreviewed
odyssey,14,274,14,18,Came to my house. I received him warmly. He said he had seen Odysseus,unreviewed
odyssey,14,275,9,15,"In Crete, with Idomeneus, repairing ships shattered by storms;",unreviewed
odyssey,14,276,9,13,"He said Odysseus would come in summer or autumn,",unreviewed
odyssey,14,278,14,14,"You too, old man full of grief, since a god has led you here,",unreviewed
odyssey,14,279,16,18,"Do not flatter me with lies or charm me. I will not honor you for that,",unreviewed
odyssey,14,280,11,13,"But will fear Zeus, the god of strangers, and pity you.”",unreviewed
odyssey,14,282,14,16,"Even with my oath I have not moved you. Let us make a compact,",unreviewed
odyssey,14,283,11,16,And afterward let the gods of Olympus witness for us both:,unreviewed
odyssey,14,284,11,13,"If your master returns to this house as I have said,",unreviewed
odyssey,14,285,11,14,"Give me a cloak and tunic, and send me to Dulichium,",unreviewed
odyssey,14,286,11,13,"The land I love. But if your master does not return,",unreviewed
odyssey,14,287,12,14,"Set your servants upon me and throw me from the great cliff,",unreviewed
odyssey,14,290,15,17,"Would be great, if I welcomed you into my hut, gave you a guest's gifts,",unreviewed
odyssey,14,291,13,15,And afterward killed you. With a free heart I might pray to Zeus.,unreviewed
odyssey,14,292,13,18,"But now it is supper-time. If only my companions would come quickly,",unreviewed
odyssey,14,293,11,14,So that we might prepare a pleasant meal within the hut.”,unreviewed
odyssey,14,296,12,15,An immense clamoring rose from the swine as they were shut in.,unreviewed
odyssey,14,298,12,15,"“Bring the best boar, that I may sacrifice it for this stranger",unreviewed
odyssey,14,299,12,15,"Who has come from far away. We too shall have some benefit,",unreviewed
odyssey,14,300,11,13,"Who have long endured the toil of raising white-tusked swine,",unreviewed
odyssey,14,301,7,13,While others consume our labor without payment.”,unreviewed
odyssey,14,303,12,13,A fat five-year-old boar and set it by the altar.,unreviewed
odyssey,14,304,10,14,Eumaeus did not forget the immortals; his mind was just.,unreviewed
odyssey,14,305,13,15,"He cut bristles from the boar's head and cast them into the fire,",unreviewed
odyssey,14,306,13,16,Praying to all the gods that wise Odysseus might return to his house.,unreviewed
odyssey,14,307,13,15,"Then, lifting a great oak billet, he struck; the boar's life went out.",unreviewed
odyssey,14,308,10,14,"They slaughtered and singed him, and Eumaeus divided the flesh.",unreviewed
odyssey,14,309,13,15,"He took the first pieces, dipped them in barley meal, and cast them",unreviewed
odyssey,14,310,11,13,Upon the fire. The rest he cut and fixed upon spits;,unreviewed
odyssey,14,311,10,15,"They roasted it carefully, then drew all the meat away,",unreviewed
odyssey,14,312,11,13,"And laid it in a heap. Eumaeus, knowing what was right,",unreviewed
odyssey,14,313,10,17,Divided the portions into seven shares. One he set apart,unreviewed
odyssey,14,316,12,15,"He honored Odysseus with the long cuts from the white-tusked boar,",unreviewed
odyssey,14,318,10,13,"Odysseus said: “May you be as dear to Father Zeus,",unreviewed
odyssey,14,319,12,15,"Eumaeus, as you are to me, since you honor me so greatly,",unreviewed
odyssey,14,321,9,13,"Eumaeus answered: “Eat, stranger, and enjoy what is here.",unreviewed
odyssey,14,324,9,15,"He sacrificed the first portions to the everlasting gods,",unreviewed
odyssey,14,325,11,15,"Poured sparkling wine into Odysseus' hands, and gave him his place.",unreviewed
odyssey,14,326,10,14,"Mesaulius, whom the swineherd had bought with his own goods",unreviewed
odyssey,14,327,9,16,"While the master was away, distributed bread among them.",unreviewed
odyssey,14,329,12,14,"When hunger and thirst had left them, they made ready for sleep.",unreviewed
odyssey,14,332,9,17,"Odysseus tested the swineherd, asking whether he might remove",unreviewed
odyssey,14,333,12,16,"His cloak, or urge one of the companions to give him another,",unreviewed
odyssey,14,335,11,16,"“Listen, Eumaeus, and all you others. Wine makes a man foolish;",unreviewed
odyssey,14,336,12,17,"It loosens the tongue, raises laughter, and gives the feet to dancing;",unreviewed
odyssey,14,337,10,13,It lets a word escape which should have remained hidden.,unreviewed
odyssey,14,339,12,13,"Would that I were young again, and had my strength as then,",unreviewed
odyssey,14,340,10,16,When we lay in ambush beneath Troy! Odysseus and Menelaus,unreviewed
odyssey,14,341,10,14,"Led us, and I was third, for they themselves commanded.",unreviewed
odyssey,14,342,13,15,"When we reached the city and its steep wall, we lay around it",unreviewed
odyssey,14,344,13,15,"A hard North Wind rose in the evil night; snow fell above it,",unreviewed
odyssey,14,345,11,13,"Cold and thick as hoarfrost, and ice formed around our shields.",unreviewed
odyssey,14,346,10,14,"All the others had cloaks and tunics, and slept easily,",unreviewed
odyssey,14,347,11,13,Their shoulders covered by their shields. I had left my cloak,unreviewed
odyssey,14,348,10,15,"With my companions, foolishly thinking I would not be cold;",unreviewed
odyssey,14,350,14,14,"“When the night was three parts spent, and the stars had crossed the sky,",unreviewed
odyssey,14,351,11,15,"I nudged Odysseus, who lay close beside me, with my elbow.",unreviewed
odyssey,14,352,11,18,"He listened at once. ‘God-born son of Laertes, resourceful Odysseus,",unreviewed
odyssey,14,353,12,16,I shall not remain among the living; the cold is killing me.,unreviewed
odyssey,14,354,12,16,I have no cloak. Some god deceived me into coming without one;,unreviewed
odyssey,14,355,5,6,Now there is no escape.’,unreviewed
odyssey,14,356,12,15,"“He thought quickly, as he had been accustomed to think and fight.",unreviewed
odyssey,14,357,12,17,"In a low voice he answered: ‘Silence, lest another Achaean hear you.’",unreviewed
odyssey,14,358,10,13,Then he rested his head upon his elbow and spoke:,unreviewed
odyssey,14,359,14,15,"‘Friends, a divine dream came to me. We are too far from the ships;",unreviewed
odyssey,14,360,8,14,"Let someone tell Agamemnon, shepherd of the people,",unreviewed
odyssey,14,364,11,15,"I gladly lay in his garment, and golden-throned Dawn appeared.",unreviewed
odyssey,14,366,11,15,"Some swineherd here, out of kindness and respect for a man,",unreviewed
odyssey,14,369,8,13,Eumaeus answered: “The tale you told is excellent;,unreviewed
odyssey,14,370,12,17,"You have spoken no useless word. You shall not lack clothing tonight,",unreviewed
odyssey,14,371,8,14,Nor anything else a suffering suppliant should receive.,unreviewed
odyssey,14,373,13,15,We have no spare cloaks or tunics here—one garment for each man.,unreviewed
odyssey,14,374,12,16,"When the dear son of Odysseus comes, he himself will give you",unreviewed
odyssey,14,375,10,15,"Cloak and tunic, and send you wherever your heart desires.”",unreviewed
odyssey,14,377,12,16,"Sheep and goat skins. Odysseus lay there, and Eumaeus cast over him",unreviewed
odyssey,14,378,12,14,A great thick cloak kept for changes when a hard winter came.,unreviewed
odyssey,14,379,12,14,The young men slept beside him; Eumaeus did not wish to sleep,unreviewed
odyssey,14,380,13,16,"Inside the hut, away from the swine. He went out and armed himself:",unreviewed
odyssey,14,382,12,13,"Then wrapped on a thick cloak against the wind, took the hide",unreviewed
odyssey,14,384,15,15,The guard of dogs and men. He went to sleep where the white-tusked swine,unreviewed
odyssey,14,385,10,13,"Lay beneath the hollow rock, sheltered from the North Wind.",unreviewed
odyssey,15,7,11,16,But Telemachus was not held by sleep. Through the ambrosial night,unreviewed
odyssey,15,14,11,14,"To send you home, that you may find your blameless mother",unreviewed
odyssey,15,15,10,13,Still there. Her father and brothers press her to marry,unreviewed
odyssey,15,16,8,14,"Eurymachus, who outdoes the other suitors with gifts",unreviewed
odyssey,15,17,10,13,And enlarges the bride-price. Take care lest some treasure,unreviewed
odyssey,15,19,10,13,How a woman's heart is stirred when she marries again:,unreviewed
odyssey,15,20,9,14,She remembers neither the first children nor the husband,unreviewed
odyssey,15,21,13,15,"Who is dead, but wishes to increase the house of the new man.",unreviewed
odyssey,15,23,11,13,"To the handmaid who seems best to you, until the gods",unreviewed
odyssey,15,27,10,14,Desiring to kill you before you reach your native land.,unreviewed
odyssey,15,31,9,13,The immortal who watches and protects you will send,unreviewed
odyssey,15,32,10,13,"The fair wind after you. When first you reach Ithaca,",unreviewed
odyssey,15,33,10,13,"Send ship and companions to the city, but go first",unreviewed
odyssey,15,34,12,15,To the swineherd who keeps your pigs and knows your house's grief.,unreviewed
odyssey,15,35,12,13,Spend the night with him. Send him to the city at dawn,unreviewed
odyssey,15,37,5,7,And have returned from Pylos.”,unreviewed
odyssey,15,38,8,13,She spoke and went to high Olympus. Telemachus,unreviewed
odyssey,15,42,7,13,"Peisistratus answered: “Though we hasten, we cannot",unreviewed
odyssey,15,45,11,15,"The gifts to the chariot, and dismisses us with gentle words.",unreviewed
odyssey,15,46,10,17,The guest remembers every day the host who gives affection;,unreviewed
odyssey,15,47,12,15,Let him who loves the stranger send him gladly on his way.”,unreviewed
odyssey,15,50,12,15,"When the dear son of Odysseus saw him, he swiftly put on",unreviewed
odyssey,15,51,10,14,"His shining tunic, cast a great cloak across his shoulders,",unreviewed
odyssey,15,52,5,6,And stood outside the door:,unreviewed
odyssey,15,55,9,14,Longs already to return. I left no keeper behind,unreviewed
odyssey,15,56,11,16,To watch my possessions while I searched for my godlike father;,unreviewed
odyssey,15,57,10,14,"Let me not perish myself, nor lose some precious treasure",unreviewed
odyssey,15,58,3,4,From the chambers.”,unreviewed
odyssey,15,60,10,15,Since you desire to return. I should condemn another host,unreviewed
odyssey,15,62,13,16,Or holds him back when he is eager. The proper way is equal:,unreviewed
odyssey,15,63,10,13,"To welcome the guest while he remains, and send him",unreviewed
odyssey,15,65,10,14,"The beautiful gifts in your chariot, and tell the women",unreviewed
odyssey,15,66,12,15,To prepare a meal in the hall from what is already there.,unreviewed
odyssey,15,67,10,14,It is both honor and profit to dine before crossing,unreviewed
odyssey,15,68,12,14,"The wide earth. If you wish to travel through Greece and Argos,",unreviewed
odyssey,15,69,14,16,"I will go with you, yoke the horses, and lead you through the cities.",unreviewed
odyssey,15,70,12,15,No one will send us away empty-handed; they will give us,unreviewed
odyssey,15,71,10,13,"At least one thing to carry—a tripod, a cauldron,",unreviewed
odyssey,15,73,11,17,Telemachus answered: “I wish now to go among my own people.,unreviewed
odyssey,15,74,13,16,"I left no guard behind my goods. I fear that, seeking my father,",unreviewed
odyssey,15,76,5,6,May vanish from my halls.”,unreviewed
odyssey,15,79,9,14,"Eteoneus, son of Boethous, came near; Menelaus told him",unreviewed
odyssey,15,80,11,13,To light the fire and roast meat. He did not disobey.,unreviewed
odyssey,15,81,8,15,Menelaus descended to the fragrant chamber of treasure;,unreviewed
odyssey,15,84,9,13,A silver mixing-bowl. Helen stood beside the chests,unreviewed
odyssey,15,85,10,14,Where lay the many-colored robes she had made herself.,unreviewed
odyssey,15,86,8,13,"She lifted the largest and most beautiful, shining",unreviewed
odyssey,15,89,11,14,As you desire it. Of all the treasures in my house,unreviewed
odyssey,15,91,10,13,"A mixing-bowl, all silver, with gold around its rim,",unreviewed
odyssey,15,92,9,14,"The work of Hephaestus, given to me by Phaedimus,",unreviewed
odyssey,15,94,5,5,I give it to you.”,unreviewed
odyssey,15,95,12,13,"Helen placed the robe in his hands: “I too give you this,",unreviewed
odyssey,15,96,10,13,"Dear child—a remembrance of Helen's hands, to be worn",unreviewed
odyssey,15,98,11,15,Until then let it lie beside your mother in her chamber.,unreviewed
odyssey,15,99,11,14,May you reach your well-built house and native land rejoicing.”,unreviewed
odyssey,15,100,10,14,Peisistratus received the gifts and put them in the chest.,unreviewed
odyssey,15,101,11,14,Menelaus led the guests into the hall. They washed and ate;,unreviewed
odyssey,15,102,8,13,"Then Telemachus and Nestor's son yoked the horses,",unreviewed
odyssey,15,104,9,13,"Menelaus followed with sweet wine in a golden cup,",unreviewed
odyssey,15,105,12,17,To pour the farewell before they went. He stood before the horses:,unreviewed
odyssey,15,106,10,15,"“Farewell, young men, and greet Nestor, shepherd of the people.",unreviewed
odyssey,15,107,13,16,He was gentle to me as a father while we fought at Troy.”,unreviewed
odyssey,15,108,10,15,"Telemachus answered: “We will tell him all, if I return",unreviewed
odyssey,15,109,11,15,To Ithaca and find Odysseus at home. May I tell him,unreviewed
odyssey,15,110,10,14,"That I received every kindness from you, and bring back",unreviewed
odyssey,15,112,13,15,"As he spoke, a bird flew by on the right: an eagle carrying",unreviewed
odyssey,15,114,11,15,Men and women shouted as it passed close before the horses.,unreviewed
odyssey,15,115,9,15,Peisistratus asked Menelaus whether the god had shown them,unreviewed
odyssey,15,116,8,13,"An omen, but Menelaus pondered how to answer.",unreviewed
odyssey,15,117,12,18,Helen spoke first: “Listen to me. I will prophesy as the immortals,unreviewed
odyssey,15,118,13,14,"Put it in my heart, and as I think it will be fulfilled.",unreviewed
odyssey,15,119,11,13,As this eagle came from the mountain where it was born,unreviewed
odyssey,15,120,10,13,"And seized the goose raised within the house, so Odysseus,",unreviewed
odyssey,15,121,8,14,"After suffering and wandering long, will return home",unreviewed
odyssey,15,122,10,15,"And punish all the suitors; perhaps he is already there,",unreviewed
odyssey,15,124,9,17,"Telemachus answered: “May Zeus, loud-thundering husband of Hera,",unreviewed
odyssey,15,125,13,14,"Make your word come true. Then, even there, I would pray to you",unreviewed
odyssey,15,131,9,14,There they spent the night; Diocles gave them hospitality.,unreviewed
odyssey,15,132,11,14,"At dawn they yoked the horses and mounted the painted car,",unreviewed
odyssey,15,135,11,16,Telemachus spoke to Nestor's son: “How will you keep the promise,unreviewed
odyssey,15,137,10,13,And are companions of the same age; this road itself,unreviewed
odyssey,15,138,9,13,Should strengthen our good understanding. Do not drive me,unreviewed
odyssey,15,141,10,16,Desiring to show affection. I must reach my vessel quickly.”,unreviewed
odyssey,15,142,8,14,"Peisistratus considered what would be fitting, and turned",unreviewed
odyssey,15,143,12,14,The horses toward the swift ship and the sea. From its stern,unreviewed
odyssey,15,144,8,13,He took the beautiful gifts Menelaus had given:,unreviewed
odyssey,15,145,9,14,The clothing and the gold. He urged Telemachus aboard:,unreviewed
odyssey,15,146,9,13,"“Go quickly, and tell all your companions to embark",unreviewed
odyssey,15,147,13,15,Before I reach home and tell my father. I know his fierce heart:,unreviewed
odyssey,15,148,13,15,"He will not let you go, but will come himself to summon you;",unreviewed
odyssey,15,149,11,15,"He will not return empty-handed, for he will be angry.”",unreviewed
odyssey,15,150,11,16,He drove back toward the city. Telemachus called to his men:,unreviewed
odyssey,15,151,12,15,"“Put on your armor, companions, and let us board the black ship.”",unreviewed
odyssey,15,152,11,13,They heard and obeyed; they climbed aboard and took the benches.,unreviewed
odyssey,15,153,8,15,"Telemachus worked and prayed, and sacrificed to Athena",unreviewed
odyssey,15,155,9,13,Fleeing Argos after killing one of his own people.,unreviewed
odyssey,15,157,11,14,"Who had once lived in Pylos among rich sheep-rearing men,",unreviewed
odyssey,15,160,9,14,After suffering harsh bonds in the house of Phylacus,unreviewed
odyssey,15,161,8,13,Because of Neleus' daughter and the ruinous madness,unreviewed
odyssey,15,162,9,15,"The dread Erinys had placed upon him, Melampus escaped,",unreviewed
odyssey,15,166,11,15,"He went afterward to Argos, where fate ordained him to dwell,",unreviewed
odyssey,15,168,6,15,Antiphates and Mantios. Antiphates fathered Oicles;,unreviewed
odyssey,15,173,7,13,Polyphides and Cleitus; Dawn carried Cleitus away,unreviewed
odyssey,15,174,10,14,"For his beauty, that he might dwell among the immortals.",unreviewed
odyssey,15,175,9,16,Apollo made Polyphides the best of mortal seers after,unreviewed
odyssey,15,176,10,17,"Amphiaraus died. Angry with his father, he went to Hyperesia,",unreviewed
odyssey,15,177,10,14,Where he prophesied to all men. His son was Theoclymenus.,unreviewed
odyssey,15,178,10,16,"The seer stood near Telemachus, who was pouring a libation",unreviewed
odyssey,15,180,9,13,"“Friend, I find you sacrificing here. By these rites,",unreviewed
odyssey,15,181,11,14,"By your own head and by your companions, tell me truly:",unreviewed
odyssey,15,182,13,15,"Who are you, and from what city and parents? What is your ship,",unreviewed
odyssey,15,183,14,16,And how has it brought you to Ithaca? You did not come on foot.”,unreviewed
odyssey,15,184,8,15,Telemachus answered: “I will tell you without concealment.,unreviewed
odyssey,15,185,12,18,"I am from Ithaca; Odysseus is my father, if he ever was—",unreviewed
odyssey,15,186,12,18,But now he has perished in a miserable death. Therefore I came,unreviewed
odyssey,15,187,11,14,"With companions and a black ship to learn of my father,",unreviewed
odyssey,15,188,2,3,Long absent.”,unreviewed
odyssey,15,189,10,15,"Theoclymenus replied: “So too I flee my country, having killed",unreviewed
odyssey,15,190,12,17,A man of my own people. Many brothers and companions he has,unreviewed
odyssey,15,191,9,13,"In horse-feeding Argos, and they rule the Achaeans.",unreviewed
odyssey,15,192,10,14,"Escaping death and the black fate, I wander among men.",unreviewed
odyssey,15,193,11,13,"Take me aboard, since I come to you as a suppliant;",unreviewed
odyssey,15,195,11,16,Telemachus answered: “I will not thrust you from our balanced ship.,unreviewed
odyssey,15,196,10,13,Come with us; there you shall share whatever we possess.”,unreviewed
odyssey,15,198,10,16,"Boarded the sea-going ship, and seated Theoclymenus beside him.",unreviewed
odyssey,15,199,10,13,The companions loosed the stern cables and raised the mast.,unreviewed
odyssey,15,200,12,17,"Athena sent them a favorable wind, a fierce gust through the sky,",unreviewed
odyssey,15,202,11,14,"They passed by the streams of Cruni and fair-flowing Chalcis,",unreviewed
odyssey,15,203,12,14,"And when the sun went down came by Phea and divine Elis,",unreviewed
odyssey,15,204,11,15,"Where the Epeians rule; from there the ship ran among islands,",unreviewed
odyssey,15,205,11,20,While Telemachus considered whether he would escape death or be taken.,unreviewed
odyssey,15,206,10,16,"In the hut Odysseus and the faithful swineherd ate supper,",unreviewed
odyssey,15,207,12,16,"While the other men ate beside them. When the meal was over,",unreviewed
odyssey,15,208,9,14,"Odysseus tested Eumaeus: “Would you still receive me here,",unreviewed
odyssey,15,209,16,19,"Or urge me toward the city? At dawn I wish to go there as a beggar,",unreviewed
odyssey,15,210,12,15,"So I will not burden you and your companions. Lead me well,",unreviewed
odyssey,15,211,10,16,"And I will wander through the city by necessity, asking",unreviewed
odyssey,15,212,14,17,"For a cup and a piece of bread. Perhaps I may reach Odysseus' house,",unreviewed
odyssey,15,213,13,18,"Tell the prudent Penelope that I have news, and mix with the arrogant",unreviewed
odyssey,15,214,10,13,Suitors. They have abundant food; I could serve them well.,unreviewed
odyssey,15,215,13,17,"By the favor of Hermes, who gives grace and glory to men's work,",unreviewed
odyssey,15,216,11,15,"No mortal would surpass me at kindling fire, splitting dry wood,",unreviewed
odyssey,15,217,9,14,"Carving meat, roasting it, or pouring wine—the services",unreviewed
odyssey,15,220,13,18,"Do you desire utterly to die? If you would enter the suitors' crowd,",unreviewed
odyssey,15,221,10,15,Their violence and iron pride reaches the heavens. Their servants,unreviewed
odyssey,15,222,12,14,"Are not like you—young, well dressed, with shining heads and faces;",unreviewed
odyssey,15,223,11,15,"Their polished tables are always heavy with bread, meat, and wine.",unreviewed
odyssey,15,224,11,15,"Stay here. No one troubles you, neither I nor the companions.",unreviewed
odyssey,15,225,7,13,"When Telemachus, dear son of Odysseus, comes,",unreviewed
odyssey,15,227,10,14,"Odysseus said: “May you be dear to Father Zeus, Eumaeus,",unreviewed
odyssey,15,228,12,17,As you have brought my wandering and bitter misery to an end.,unreviewed
odyssey,15,230,11,13,"Yet for the sake of the cursed belly men endure grief,",unreviewed
odyssey,15,232,11,13,"Since you keep me here and bid me await your master,",unreviewed
odyssey,15,233,9,13,Tell me of the mother and father Odysseus left,unreviewed
odyssey,15,234,13,16,"Upon the threshold of old age. Do they yet live beneath the sun,",unreviewed
odyssey,15,236,10,15,"Eumaeus answered: “I will tell you all truly. Laertes lives,",unreviewed
odyssey,15,237,13,14,And prays to Zeus each day that his spirit may leave his limbs,unreviewed
odyssey,15,238,12,15,"Within the house. He mourns terribly for his son who is gone,",unreviewed
odyssey,15,239,10,13,"And for his prudent wife, whose death most afflicted him",unreviewed
odyssey,15,241,13,14,For her glorious son; and I wish no friend of mine should die,unreviewed
odyssey,15,243,15,15,"It was dear to me to ask and speak with her, for she raised me",unreviewed
odyssey,15,244,8,13,"Together with long-robed Ctimene, her youngest daughter.",unreviewed
odyssey,15,245,12,17,"We grew together, and she honored me scarcely less than the girl.",unreviewed
odyssey,15,246,12,16,"When we came to lovely youth, they gave Ctimene to a husband",unreviewed
odyssey,15,248,12,16,"In a beautiful tunic and cloak, gave me sandals for my feet,",unreviewed
odyssey,15,250,13,14,Now I lack all this; yet the blessed gods make the work prosper,unreviewed
odyssey,15,251,15,16,"By which I live. From it I eat and drink, and give to honored men.",unreviewed
odyssey,15,252,14,15,"But from my mistress I hear no kind word or see no kind deed,",unreviewed
odyssey,15,253,9,13,Since this evil entered the house—the arrogant men.,unreviewed
odyssey,15,254,9,13,"The servants greatly desire to speak with their mistress,",unreviewed
odyssey,15,255,11,14,"Ask all they wish, eat and drink, and carry something home,",unreviewed
odyssey,15,260,10,15,Where your father and honored mother lived? Or did enemies,unreviewed
odyssey,15,261,11,15,"Take you alone beside sheep or cattle, carry you on ships,",unreviewed
odyssey,15,263,9,13,"Eumaeus said: “Since you ask, stranger, listen in silence,",unreviewed
odyssey,15,264,10,14,"Drink your wine, and enjoy it. These nights are measureless:",unreviewed
odyssey,15,265,15,16,There is time for sleep and time to hear a tale; do not lie down,unreviewed
odyssey,15,266,13,18,Before the hour. Let any other man sleep outside if his heart desires;,unreviewed
odyssey,15,267,10,14,At dawn he shall follow the master's swine after eating.,unreviewed
odyssey,15,268,10,13,"But we two, drinking and dining here, may take comfort",unreviewed
odyssey,15,269,8,15,In one another's terrible griefs by remembering them;,unreviewed
odyssey,15,270,12,15,For a man who has suffered and wandered much may find pleasure,unreviewed
odyssey,15,271,3,4,Even in pain.,unreviewed
odyssey,15,272,12,14,"“There is an island called Syria, if you have heard of it,",unreviewed
odyssey,15,273,10,14,"Above Ortygia, where the sun turns. It is not crowded,",unreviewed
odyssey,15,275,9,16,"Hunger never enters that people, nor any hateful sickness.",unreviewed
odyssey,15,276,11,16,"When the tribes of the island grow old, Apollo the Archer",unreviewed
odyssey,15,277,10,14,And Artemis come with gentle arrows and strike them down.,unreviewed
odyssey,15,278,11,15,"There are two cities, and all things are divided between them;",unreviewed
odyssey,15,279,9,13,"My father, Ctesius son of Ormenus, ruled them both,",unreviewed
odyssey,15,281,8,14,"“Phoenicians came there, famous sailors and greedy traders,",unreviewed
odyssey,15,282,11,15,Bringing countless trinkets in a black ship. In my father's house,unreviewed
odyssey,15,283,11,17,"Was a Phoenician woman, tall, beautiful, and skilled at shining work.",unreviewed
odyssey,15,284,10,15,"While she washed clothes near the hollow ship, the Phoenicians",unreviewed
odyssey,15,285,13,14,Enticed her with love. They asked her who she was and from where.,unreviewed
odyssey,15,287,13,15,"‘I claim Sidon, rich in bronze, as my land; I am the daughter",unreviewed
odyssey,15,288,10,16,"Of wealthy Arybas. Taphian pirates seized me from the fields,",unreviewed
odyssey,15,289,14,15,"Brought me here, and sold me to this man, who paid a worthy price.’",unreviewed
odyssey,15,290,12,14,“The man who had secretly slept with her asked: ‘Will you come,unreviewed
odyssey,15,291,15,17,"With us now, so that you may see again the high house of your father",unreviewed
odyssey,15,292,11,16,And your mother? They are surely alive and still called wealthy.’,unreviewed
odyssey,15,294,11,15,To carry me home unharmed.’ They all swore as she commanded.,unreviewed
odyssey,15,296,12,16,‘Be silent. Let none of your companions address me in the street,unreviewed
odyssey,15,297,14,16,"Or at the spring. If someone comes to the old man and tells him,",unreviewed
odyssey,15,298,12,13,He may bind me in a painful chain and plan your death.,unreviewed
odyssey,15,299,13,14,"Keep this in mind, and hasten your trade. When the ship is full",unreviewed
odyssey,15,300,10,13,"Of goods, let a messenger quickly come to my house;",unreviewed
odyssey,15,301,10,13,"I will bring gold for whoever comes beneath my hand,",unreviewed
odyssey,15,302,11,14,And I would gladly give more in payment: I am raising,unreviewed
odyssey,15,303,12,16,"The child of the man himself, clever and eager to run outside.",unreviewed
odyssey,15,304,12,15,I could carry him aboard; he would earn you an immense price,unreviewed
odyssey,15,306,9,15,“She returned to the beautiful house. The Phoenicians remained,unreviewed
odyssey,15,307,12,16,"With us a full year, trading their abundant cargo in the ship.",unreviewed
odyssey,15,308,13,17,"When the hollow ship was loaded, they sent a messenger to tell her.",unreviewed
odyssey,15,309,12,16,"A skillful man came to my father's house with a golden necklace,",unreviewed
odyssey,15,310,9,13,Set with amber; the handmaids and my honored mother,unreviewed
odyssey,15,311,11,19,"Touched and examined it, promising the price, while he nodded silently.",unreviewed
odyssey,15,312,15,15,"He went back to the ship, and she took my hand and led me out.",unreviewed
odyssey,15,313,12,15,In the forecourt she found the cups and tables of the men,unreviewed
odyssey,15,314,13,19,Who attended my father. They had gone to the assembly and public talk;,unreviewed
odyssey,15,315,11,14,"She quickly hid three cups beneath her breast, and I followed,",unreviewed
odyssey,15,316,12,16,"Foolish and unsuspecting. The sun set, and all the streets grew dark.",unreviewed
odyssey,15,317,11,15,We hurried to the famous harbor where the Phoenician ship lay.,unreviewed
odyssey,15,318,13,16,"They boarded and sailed the watery road, and Zeus sent a fair wind.",unreviewed
odyssey,15,319,12,13,"“For six days we sailed by night and day. On the seventh,",unreviewed
odyssey,15,320,11,16,Artemis the Archer struck the woman; she fell into the bilge,unreviewed
odyssey,15,321,12,13,Like a diving sea-bird. They threw her to seals and fish;,unreviewed
odyssey,15,322,13,18,"I remained, grieving in my heart. Wind and water drove us to Ithaca,",unreviewed
odyssey,15,326,11,15,Telling all the griefs you suffered. Yet Zeus placed something good,unreviewed
odyssey,15,327,15,19,Beside your evil: after much pain you came to the house of a gentle man,unreviewed
odyssey,15,328,14,17,"Who gives you food and drink, and you live a good life. I, wandering",unreviewed
odyssey,15,329,12,15,"Through many cities of mortals, have come at last to this place.”",unreviewed
odyssey,15,330,14,15,"They spoke thus and slept, but not for long. Soon rosy-throned Dawn came.",unreviewed
odyssey,15,331,8,14,"Telemachus' companions loosed the sails upon the shore,",unreviewed
odyssey,15,332,13,17,"Lowered the mast quickly, and drew the ship into the harbor with oars.",unreviewed
odyssey,15,334,8,13,"They went ashore upon the breakers, prepared breakfast,",unreviewed
odyssey,15,335,11,13,"And mixed the sparkling wine. When they had eaten and drunk,",unreviewed
odyssey,15,337,13,15,“Drive the black ship toward the city. I will go through the farms,unreviewed
odyssey,15,338,12,19,"And see the herdsmen. At evening, after I have inspected my affairs,",unreviewed
odyssey,15,339,13,16,I will descend into the city; and at dawn I will give you,unreviewed
odyssey,15,341,10,14,"The godlike Theoclymenus asked: “Where shall I go, dear child?",unreviewed
odyssey,15,342,11,16,Whose house shall receive me among the lords of rocky Ithaca?,unreviewed
odyssey,15,344,10,18,Telemachus answered: “In other circumstances I would send you there;,unreviewed
odyssey,15,345,13,13,"Our house lacks no guest-gifts. But it would be worse for you,",unreviewed
odyssey,15,346,12,14,Since I shall be away and my mother will not see you;,unreviewed
odyssey,15,347,11,17,"She does not often appear before the suitors, but weaves upstairs.",unreviewed
odyssey,15,348,12,20,"I will point out another man, Eurymachus, glorious son of wise Polybus,",unreviewed
odyssey,15,349,12,18,Whom the Ithacans now regard as a god. He desires above all,unreviewed
odyssey,15,350,10,16,To marry my mother and possess the honor of Odysseus.,unreviewed
odyssey,15,351,12,18,Olympian Zeus alone knows whether the evil day will come upon them,unreviewed
odyssey,15,352,3,5,Before the marriage.”,unreviewed
odyssey,15,354,9,15,"Apollo's swift messenger, clutching a dove in its talons.",unreviewed
odyssey,15,355,11,13,It tore the feathers and let them fall between the ship,unreviewed
odyssey,15,356,9,18,"And Telemachus. Theoclymenus called him away from the companions,",unreviewed
odyssey,15,357,5,5,"Took his hand, and spoke:",unreviewed
odyssey,15,358,14,17,"“Telemachus, this bird did not fly by the will of a god in vain.",unreviewed
odyssey,15,359,15,21,I knew it as an omen when I saw it. No other family in Ithaca,unreviewed
odyssey,15,360,13,15,Is more royal than yours; you shall always have the strength to rule.”,unreviewed
odyssey,15,361,8,14,"Telemachus answered: “May your word be fulfilled, stranger.",unreviewed
odyssey,15,362,11,15,"Then you will quickly know my friendship and receive many gifts,",unreviewed
odyssey,15,365,11,15,“You above all obeyed me when we went together to Pylos.,unreviewed
odyssey,15,366,11,17,"Take this stranger to your house, receive and honor him carefully,",unreviewed
odyssey,15,367,9,13,"Until I come.” Peiraeus answered: “If you remain long,",unreviewed
odyssey,15,369,12,16,He boarded the ship and told the companions to embark and loose,unreviewed
odyssey,15,370,11,13,The stern-cables. They climbed aboard and sat at the oars.,unreviewed
odyssey,15,371,7,14,"Telemachus bound beautiful sandals beneath his feet,",unreviewed
odyssey,15,373,11,17,And the companions released the cables. They rowed toward the city,unreviewed
odyssey,15,374,10,16,"As Telemachus had ordered. He went swiftly ahead on foot,",unreviewed
odyssey,15,375,11,13,"Until he reached the yard where the countless swine were kept,",unreviewed
odyssey,15,376,9,15,"And where the excellent swineherd, gentle to his masters,",unreviewed
odyssey,15,377,4,4,Lived through the year.,unreviewed
odyssey,16,1,9,13,At dawn the swineherd and the long-enduring king,unreviewed
odyssey,16,10,9,13,"His dear son stood within the doorway. The swineherd,",unreviewed
odyssey,16,14,10,13,"And shed a warm tear, as a father welcomes home",unreviewed
odyssey,16,22,10,13,For so your heart desires—to see the ruinous crowd,unreviewed
odyssey,16,23,2,3,Of suitors.”,unreviewed
odyssey,16,34,7,13,Odysseus rose and yielded his seat. Telemachus,unreviewed
odyssey,16,36,10,13,Another place here; there is one who will prepare it.”,unreviewed
odyssey,16,39,10,14,The dear son of Odysseus sat. Eumaeus set before them,unreviewed
odyssey,16,42,9,13,"He sat opposite his godlike master, and they ate.",unreviewed
odyssey,16,44,10,13,"“Father, from where has this stranger come? How did sailors",unreviewed
odyssey,16,45,11,14,Bring him to Ithaca? Who claimed that they were his guides?,unreviewed
odyssey,16,49,11,14,Through many cities of mortals by the will of a god.,unreviewed
odyssey,16,55,12,13,And have not yet trusted my hands to ward off a man,unreviewed
odyssey,16,56,9,13,Who strikes first. My mother’s mind is divided:,unreviewed
odyssey,16,58,11,15,"Respecting the bed of her husband and the people’s voice,",unreviewed
odyssey,16,61,10,13,"A cloak and tunic, a double-edged sword and sandals—",unreviewed
odyssey,16,72,10,13,"Or do the people hate you, obeying some divine voice?",unreviewed
odyssey,16,73,10,13,"Do you reproach your brothers, on whom a man relies",unreviewed
odyssey,16,77,10,14,"If I did not become a plague to every suitor,",unreviewed
odyssey,16,78,9,13,Entering the house of Laertes’ son. If they alone,unreviewed
odyssey,16,79,10,13,"Overpowered me, I would choose death in my own halls",unreviewed
odyssey,16,81,6,13,"Guests beaten, serving women dragged disgracefully",unreviewed
odyssey,16,87,6,13,"Arcesius fathered only Laertes, Laertes only",unreviewed
odyssey,16,88,9,14,"Odysseus, and Odysseus left me alone in the house.",unreviewed
odyssey,16,89,9,13,Now countless enemies are within it. The best men,unreviewed
odyssey,16,90,8,16,"Of Dulichium, Same, wooded Zacynthus, and rocky Ithaca",unreviewed
odyssey,16,92,10,16,Rejects the hateful marriage nor can bring it to completion;,unreviewed
odyssey,16,93,10,13,They waste my livelihood and soon will waste me too.,unreviewed
odyssey,16,97,12,16,"I will remain here; tell this alone, and let no other Achaean",unreviewed
odyssey,16,98,10,13,"Know it, for many men are plotting harm against me.”",unreviewed
odyssey,16,99,7,13,Eumaeus said: “I understand. You command wisely.,unreviewed
odyssey,16,100,10,15,But tell me: shall I also go to unfortunate Laertes?,unreviewed
odyssey,16,101,13,16,"He used to watch the work and eat and drink among the servants,",unreviewed
odyssey,16,102,10,15,"Grieving greatly for Odysseus; but since you sailed to Pylos,",unreviewed
odyssey,16,103,13,14,"They say he has not eaten or drunk, nor gone to the fields.",unreviewed
odyssey,16,104,11,17,"He sits in lamentation, and his flesh wastes upon his bones.”",unreviewed
odyssey,16,105,10,15,"Telemachus answered: “It is painful, yet we must leave him.",unreviewed
odyssey,16,106,11,13,"If all things were given to mortals by their own choice,",unreviewed
odyssey,16,108,13,16,"Tell my mother, and secretly bid the nurse go to the old man;",unreviewed
odyssey,16,109,11,13,She may carry the news to him. I will remain here.”,unreviewed
odyssey,16,110,10,15,The swineherd took his sandals and went toward the city.,unreviewed
odyssey,16,111,12,15,Athena did not fail to notice him. She came near the hut,unreviewed
odyssey,16,112,13,17,"In the form of a tall and beautiful woman, skilled in shining work.",unreviewed
odyssey,16,113,10,16,She stood before the doorway and revealed herself to Odysseus;,unreviewed
odyssey,16,114,12,17,"Telemachus did not see her, for the gods do not appear clearly",unreviewed
odyssey,16,115,11,16,"To every mortal. The dogs saw her, and Odysseus saw her;",unreviewed
odyssey,16,116,9,14,They shrank away whining. Athena nodded with her brows.,unreviewed
odyssey,16,117,11,14,Odysseus left the hut and stood before her beyond the wall.,unreviewed
odyssey,16,120,11,16,And go together to the famous city. I will not remain,unreviewed
odyssey,16,123,10,13,"His clean-washed cloak and tunic, and increased his body",unreviewed
odyssey,16,126,8,13,She departed. Odysseus went back into the hut.,unreviewed
odyssey,16,129,12,13,You must be one of the gods who hold the broad heaven.,unreviewed
odyssey,16,130,8,14,"Be gracious, and we will offer pleasing sacrifices,",unreviewed
odyssey,16,131,5,6,And fashioned gold. Spare us.”,unreviewed
odyssey,16,132,10,13,Odysseus answered: “I am no god. Why make me like,unreviewed
odyssey,16,136,9,15,The tear he had held back continually. But Telemachus,unreviewed
odyssey,16,138,10,15,"“You are not Odysseus, my father. Some god deceives me,",unreviewed
odyssey,16,139,10,13,To make me lament still more. No mortal could devise,unreviewed
odyssey,16,141,10,13,Unless a god came willingly to do it. Just now,unreviewed
odyssey,16,142,12,14,You were an old man in rags; now you resemble a god.”,unreviewed
odyssey,16,143,9,14,"Odysseus answered: “It is not fitting, when your father",unreviewed
odyssey,16,144,9,13,"Stands before you, to marvel beyond measure. No other",unreviewed
odyssey,16,145,10,17,"Odysseus will come; I am he, after suffering and wandering,",unreviewed
odyssey,16,146,11,13,And in the twentieth year I have reached my native land.,unreviewed
odyssey,16,147,11,15,"Athena, the driver of hosts, has made me as she wishes;",unreviewed
odyssey,16,148,12,15,"At one time like a beggar, at another like a young man",unreviewed
odyssey,16,149,12,17,"In beautiful clothing. It is easy for the gods, who hold heaven,",unreviewed
odyssey,16,151,10,17,"He sat; Telemachus threw his arms around his excellent father,",unreviewed
odyssey,16,152,12,15,"And mourned him, shedding tears. A desire for lament rose in both;",unreviewed
odyssey,16,153,10,13,"They cried sharply, more piercingly than birds of prey cry",unreviewed
odyssey,16,156,11,15,"Would have gone down upon their grief, had Telemachus not asked:",unreviewed
odyssey,16,157,12,14,"“By what ship did you come, dear father? Who were the sailors?",unreviewed
odyssey,16,160,11,16,"They carry other men as well, whenever one reaches their shore.",unreviewed
odyssey,16,161,11,16,"They laid me sleeping upon Ithaca, and gave me many gifts:",unreviewed
odyssey,16,163,14,18,By the favor of the gods. I have come here by Athena’s counsel.,unreviewed
odyssey,16,164,14,16,"Let us plan how to bring death to the suitors. Tell me their number,",unreviewed
odyssey,16,165,13,15,"So that I may know whether you and I alone can face them,",unreviewed
odyssey,16,166,9,13,Or whether we should seek help from another quarter.”,unreviewed
odyssey,16,167,8,13,"Telemachus answered: “I know your strength in battle,",unreviewed
odyssey,16,168,13,16,But two men could not overcome such a crowd. There are fifty-two,unreviewed
odyssey,16,169,9,15,"From Ithaca, and six servants from Dulichium; twenty-four",unreviewed
odyssey,16,170,11,16,"Come from Same, and twenty from Zacynthus. Twelve are from Ithaca.",unreviewed
odyssey,16,171,11,15,"There is the herald Medon, the singer, and two serving men.",unreviewed
odyssey,16,172,10,15,"If all these men stand against us, consider whether someone",unreviewed
odyssey,16,173,12,15,"From Pylos or Sparta should come to help, or whether we should",unreviewed
odyssey,16,175,9,14,"Odysseus answered: “Those two high gods, Athena and Zeus,",unreviewed
odyssey,16,176,13,15,Will be enough. They sit in the clouds and are stronger than all.,unreviewed
odyssey,16,177,11,14,"The battle will not keep us long apart, when Ares' strength",unreviewed
odyssey,16,179,10,13,At dawn go home and mingle with the arrogant men.,unreviewed
odyssey,16,180,14,19,"Later the swineherd will lead me to the city, like a wretched old beggar.",unreviewed
odyssey,16,181,12,15,"If they dishonor me in the house, let your heart endure it,",unreviewed
odyssey,16,182,11,13,Even if they drag me by the feet through the doorway,unreviewed
odyssey,16,183,13,17,"Or strike me with their weapons. Watch, and do not defend me openly;",unreviewed
odyssey,16,184,12,15,"Urge them gently to stop their folly, but they will not listen—",unreviewed
odyssey,16,185,5,6,Their fated day is near.,unreviewed
odyssey,16,186,10,14,"“When Athena gives you the sign, take all the weapons",unreviewed
odyssey,16,187,14,17,"Of war that lie in the halls, and carry them to the inner chamber",unreviewed
odyssey,16,188,13,16,"At the top of the house. If a suitor asks, deceive him gently:",unreviewed
odyssey,16,189,14,16,"Say that you stored them away from the smoke, since they were no longer",unreviewed
odyssey,16,190,10,13,Like the weapons Odysseus left when he went to Troy;,unreviewed
odyssey,16,191,12,16,The vapor of the fire has damaged them. Add this stronger reason:,unreviewed
odyssey,16,192,13,17,"Lest, when wine has made the suitors violent, they set quarrel among us,",unreviewed
odyssey,16,193,10,14,"Wound one another, and disgrace the feast and the courtship;",unreviewed
odyssey,16,194,11,15,"Iron itself draws a man toward it. Leave only two swords,",unreviewed
odyssey,16,195,14,15,"Two spears, and two shields for us to take up when the hour comes.",unreviewed
odyssey,16,196,10,15,Athena and thoughtful Zeus will then enchant the suitors' minds.,unreviewed
odyssey,16,197,15,16,"“Keep this in your heart: if you truly are my son and share my blood,",unreviewed
odyssey,16,198,13,16,"Let no one in the house hear that Odysseus is here—not Laertes,",unreviewed
odyssey,16,199,9,15,"Nor the swineherd, nor any servant, nor Penelope herself.",unreviewed
odyssey,16,200,14,16,"You and I alone will know the truth, and we will test the servants:",unreviewed
odyssey,16,201,12,17,"Who honors us and fears us, and who disregards and dishonors us.”",unreviewed
odyssey,16,202,9,13,Telemachus answered: “You will learn my heart in time;,unreviewed
odyssey,16,203,13,14,It is not made for retreat. But I do not think this plan,unreviewed
odyssey,16,204,11,17,Will bring equal gain to both of us. Consider it carefully:,unreviewed
odyssey,16,205,12,15,"You must spend a long while testing each man by your labor,",unreviewed
odyssey,16,206,9,13,While the suitors sit at ease consuming our wealth.,unreviewed
odyssey,16,207,13,19,I urge you to examine the women first—the ones who dishonor you,unreviewed
odyssey,16,208,13,16,And the ones who are blameless. I would not yet test the men,unreviewed
odyssey,16,209,14,15,"At the pens; that work can wait, if we receive a sign from Zeus.”",unreviewed
odyssey,16,210,10,17,Meanwhile the well-built ship brought Telemachus and his companions,unreviewed
odyssey,16,211,13,18,Into the deep harbor of Ithaca. They drew the black ship onto land;,unreviewed
odyssey,16,212,11,16,"The spirited servants carried the weapons away, and at once bore",unreviewed
odyssey,16,213,12,15,The splendid gifts to the house of Clytius. They sent a herald,unreviewed
odyssey,16,214,10,18,To Odysseus' house to tell prudent Penelope that Telemachus was,unreviewed
odyssey,16,215,13,16,"In the country, and had ordered the ship to sail to the city,",unreviewed
odyssey,16,217,9,15,"The herald and the excellent swineherd met, each carrying",unreviewed
odyssey,16,218,13,15,"The same news for the woman. When they reached the godlike king's house,",unreviewed
odyssey,16,219,11,15,The herald spoke among the handmaids: “Your dear son has returned.”,unreviewed
odyssey,16,220,11,18,The swineherd stood near Penelope and told her all that Telemachus,unreviewed
odyssey,16,221,13,17,"Had ordered him to say. When every word was spoken, he went back",unreviewed
odyssey,16,223,10,15,The suitors were struck with sorrow and shame. Eurymachus spoke:,unreviewed
odyssey,16,224,9,14,"“Friends, a great deed has been accomplished by Telemachus.",unreviewed
odyssey,16,225,13,15,We said his journey would never succeed. Let us drag the best ship,unreviewed
odyssey,16,226,12,16,"Into the water, gather rowers, and send word to those at home.”",unreviewed
odyssey,16,227,10,14,He had not finished when Amphinomus saw the black ship,unreviewed
odyssey,16,228,9,13,"Turning within the deep harbor, its sails being lowered,",unreviewed
odyssey,16,230,9,13,“Let us send no messenger; they are already here.”,unreviewed
odyssey,16,231,12,15,"They pulled the ship ashore, and the servants carried off the weapons.",unreviewed
odyssey,16,232,12,20,"The suitors went together to the assembly, allowing neither young nor old",unreviewed
odyssey,16,233,13,15,To join them. Antinous spoke: “The gods have freed this man from harm!,unreviewed
odyssey,16,234,11,13,"By day our scouts sat on the windy heights, taking turns;",unreviewed
odyssey,16,235,13,17,"At sunset we remained in the ship upon the sea, waiting for Dawn,",unreviewed
odyssey,16,236,14,18,Lying in ambush to seize and kill Telemachus. A god has carried him home.,unreviewed
odyssey,16,237,12,16,"Now let us plan his miserable death, and not let him escape.",unreviewed
odyssey,16,238,14,19,"While he lives our work cannot be finished: he has counsel and a mind,",unreviewed
odyssey,16,239,16,20,And the people no longer favor us as before. Let us kill him in the fields,unreviewed
odyssey,16,240,14,19,"Or on the road, away from the city, and divide his goods and possessions;",unreviewed
odyssey,16,241,12,14,Give the house to his mother and to the man she marries.,unreviewed
odyssey,16,242,15,17,"“If this is not pleasing, and you wish him to live and keep his father's",unreviewed
odyssey,16,243,10,16,"Property, let us not gather and consume it without payment;",unreviewed
odyssey,16,244,14,17,"Let each man send his gifts from his own house, and let Penelope marry",unreviewed
odyssey,16,245,11,13,The man who brings the greatest and most fated bride-price.”,unreviewed
odyssey,16,246,11,20,"The suitors were silent. Amphinomus, glorious son of Nisus from Dulichium,",unreviewed
odyssey,16,247,9,14,"Who pleased Penelope most with his words, answered wisely:",unreviewed
odyssey,16,248,11,16,"“Friends, I would not kill Telemachus. It is terrible to kill",unreviewed
odyssey,16,249,14,14,The child of a king. First let us ask the will of the gods.,unreviewed
odyssey,16,250,14,18,"If great Zeus approves, I will kill him myself and urge the others on;",unreviewed
odyssey,16,252,12,15,"His speech pleased them, and they rose and went into Odysseus' house.",unreviewed
odyssey,16,253,13,17,"Penelope, wiser than they, had learned in the halls of her son's danger;",unreviewed
odyssey,16,254,13,15,Medon the herald had heard their plans and told her. She went down,unreviewed
odyssey,16,255,11,16,"With her handmaids, and stood beside the closely fashioned roof-stead,",unreviewed
odyssey,16,256,10,16,Holding her shining veil before her cheeks. She reproached Antinous:,unreviewed
odyssey,16,257,11,15,"“They call you the best in counsel and speech among Ithacans,",unreviewed
odyssey,16,258,10,14,"But you are not. Madman, why weave death for Telemachus,",unreviewed
odyssey,16,259,11,14,"And have no regard for suppliants, though Zeus is their witness?",unreviewed
odyssey,16,260,14,20,It is not holy to plot harm against one another. Do you not remember,unreviewed
odyssey,16,261,13,17,"When your father came here in fear of the people, after a quarrel?",unreviewed
odyssey,16,262,11,16,"The Thesprotians were our friends, but he had joined Taphian pirates",unreviewed
odyssey,16,263,15,16,And hurt them; they wished to tear out his life and devour his great wealth.,unreviewed
odyssey,16,264,9,13,"Odysseus restrained them. Yet now you consume his house,",unreviewed
odyssey,16,265,14,16,"Court his wife, kill his son, and wound me. Stop, and command the others.”",unreviewed
odyssey,16,266,7,16,"Eurymachus answered: “Daughter of Icarius, wise Penelope,",unreviewed
odyssey,16,267,12,14,"Be confident. No man is, nor shall be, nor can be born,",unreviewed
odyssey,16,268,14,17,Who will lay hands upon your son while I live and see the sunlight.,unreviewed
odyssey,16,269,16,18,"I say it, and it shall be fulfilled: his dark blood would run upon my spear,",unreviewed
odyssey,16,270,10,14,"For Odysseus once often placed roasted meat in my hands,",unreviewed
odyssey,16,271,14,20,And held out red wine. Therefore Telemachus is dearest of all men to me.,unreviewed
odyssey,16,272,13,16,"Still, he cannot escape death from the gods.” He spoke to reassure her,",unreviewed
odyssey,16,273,9,14,But he himself was preparing her son’s destruction.,unreviewed
odyssey,16,274,9,13,"Penelope went upstairs and wept for her dear husband,",unreviewed
odyssey,16,275,10,14,Until bright-eyed Athena cast sweet sleep upon her eyes.,unreviewed
odyssey,16,276,10,21,At evening the excellent swineherd came to Odysseus and Telemachus;,unreviewed
odyssey,16,277,9,16,"They were preparing supper, having sacrificed a yearling boar.",unreviewed
odyssey,16,278,10,15,"Athena stood near and struck Odysseus again with her wand,",unreviewed
odyssey,16,279,13,17,"Making him an old man once more, and clothed him in miserable rags,",unreviewed
odyssey,16,280,11,18,"Lest the swineherd recognize him at once, return, and tell Penelope,",unreviewed
odyssey,16,283,13,18,"What news is there in the city? Are the proud suitors already inside,",unreviewed
odyssey,16,284,13,14,"Or do they still lie in wait for me, though I have returned?”",unreviewed
odyssey,16,285,15,18,Eumaeus answered: “I did not stop to ask these things as I crossed the city;,unreviewed
odyssey,16,286,11,17,My heart urged me to return quickly after delivering the news.,unreviewed
odyssey,16,287,14,16,"The swift herald went with me, and he was first to tell your mother.",unreviewed
odyssey,16,288,12,15,"But I saw another thing with my own eyes: beyond the city,",unreviewed
odyssey,16,289,13,17,"Near the hill of Hermes, I saw a swift ship entering our harbor.",unreviewed
odyssey,16,290,12,15,"Many men were aboard, and it was heavy with shields and spears.",unreviewed
odyssey,16,291,13,13,I thought they might be the men you feared; I do not know.”,unreviewed
odyssey,16,292,12,21,"Telemachus smiled and looked toward his father, but avoided the swineherd's eye.",unreviewed
odyssey,16,293,14,18,"They finished their labor and prepared the meal. When hunger and thirst were gone,",unreviewed
odyssey,16,294,10,13,They remembered the bed and received the gift of sleep.,unreviewed
odyssey,17,3,11,13,That rested in his hand. He longed to reach the city;,unreviewed
odyssey,17,4,5,7,He spoke to the swineherd:,unreviewed
odyssey,17,5,12,15,"“Father, I go into the town, that my mother may see me.",unreviewed
odyssey,17,9,9,13,His meal among the people; whoever wishes will give,unreviewed
odyssey,17,10,11,13,"Bread and a cup. I cannot bear all men’s burdens,",unreviewed
odyssey,17,11,11,15,"Though I carry grief within me. If the stranger is angry,",unreviewed
odyssey,17,12,13,13,It will be worse for him; but I love to speak the truth.”,unreviewed
odyssey,17,14,13,16,For a beggar it is better to seek a meal in the city,unreviewed
odyssey,17,16,12,18,I am no longer young enough to obey every keeper’s sign.,unreviewed
odyssey,17,18,10,14,When the fire has warmed me. These garments are miserable;,unreviewed
odyssey,17,19,12,14,"The cold may master me, and you say the city is far.”",unreviewed
odyssey,17,20,9,13,"Telemachus crossed the yard with swift feet, planting harm",unreviewed
odyssey,17,22,12,14,"The well-built house, he set his spear against a tall column",unreviewed
odyssey,17,23,9,14,"And entered over the stone threshold. His nurse Eurycleia,",unreviewed
odyssey,17,24,11,13,"Who was folding the fleece upon carved chairs, saw him first;",unreviewed
odyssey,17,25,10,14,She wept and came directly to him. The other servants,unreviewed
odyssey,17,26,10,15,"Of steadfast Odysseus gathered, and kissed his head and shoulders.",unreviewed
odyssey,17,27,10,18,Penelope came from her chamber like Artemis or golden Aphrodite.,unreviewed
odyssey,17,28,13,14,"She threw both arms around her dear son, kissed his head and eyes,",unreviewed
odyssey,17,30,12,16,"I thought I would never see you again, since you sailed secretly",unreviewed
odyssey,17,31,11,14,"To Pylos, against my will, to seek news of your father.",unreviewed
odyssey,17,33,8,13,"Telemachus answered: “Mother, do not stir my grief,",unreviewed
odyssey,17,36,12,16,"And pray to all the gods that you will offer complete hecatombs,",unreviewed
odyssey,17,37,12,18,If Zeus fulfills his retaliating work. I will go to the assembly,unreviewed
odyssey,17,39,10,14,I sent him ahead with my companions; I told Peiraeus,unreviewed
odyssey,17,40,10,13,To lead him home and honor him until I returned.”,unreviewed
odyssey,17,44,10,13,"Telemachus crossed the hall, spear in hand; two bright dogs",unreviewed
odyssey,17,45,8,14,"Followed him. Athena poured marvelous grace around him,",unreviewed
odyssey,17,46,9,14,And everyone who approached looked upon him with wonder.,unreviewed
odyssey,17,47,8,13,"The suitors gathered, speaking pleasant words in public,",unreviewed
odyssey,17,49,8,14,"Telemachus avoided their crowd, and sat where Mentor,",unreviewed
odyssey,17,50,9,17,"Antiphus, and Halitherses sat—his father’s old companions.",unreviewed
odyssey,17,51,9,13,"Peiraeus came near, bringing the stranger through the city.",unreviewed
odyssey,17,52,9,13,"“Telemachus,” he said, “send word quickly to my house,",unreviewed
odyssey,17,54,10,14,Telemachus answered: “We do not know how this will end.,unreviewed
odyssey,17,55,9,15,If the arrogant suitors kill me secretly and divide,unreviewed
odyssey,17,56,12,16,"All my father’s possessions, I would rather you keep the gifts,",unreviewed
odyssey,17,57,13,13,Or give them to one of these men. But if I plant death,unreviewed
odyssey,17,58,10,13,"Among them all, then bring them joyfully to my house.”",unreviewed
odyssey,17,59,11,13,He led the weary stranger to the house. There they laid,unreviewed
odyssey,17,63,7,14,"Penelope sat opposite, leaning against the doorpost,",unreviewed
odyssey,17,66,9,14,"“Telemachus, I will go upstairs to my painful bed,",unreviewed
odyssey,17,67,10,13,Always wet with tears since Odysseus went with the sons,unreviewed
odyssey,17,69,11,15,Before the suitors came whether you had heard of your father.,unreviewed
odyssey,17,70,3,3,Tell me now.”,unreviewed
odyssey,17,71,9,15,"Telemachus answered: “We went to Pylos and to Nestor,",unreviewed
odyssey,17,72,11,14,Shepherd of the people. He received me in his high house,unreviewed
odyssey,17,73,12,18,As a father welcomes a son who has returned after long absence.,unreviewed
odyssey,17,75,9,13,"He had heard nothing of Odysseus, alive or dead.",unreviewed
odyssey,17,78,10,14,"“There I saw Argive Helen, for whose sake the Argives",unreviewed
odyssey,17,79,11,15,And Trojans suffered many labors by the will of the gods.,unreviewed
odyssey,17,80,8,13,Menelaus asked why I had come to Lacedaemon;,unreviewed
odyssey,17,81,10,14,I told him everything. He answered with a great wish:,unreviewed
odyssey,17,82,8,13,"‘Would that Odysseus might enter among these suitors,",unreviewed
odyssey,17,83,10,16,Even as he once stood in Lesbos and threw Philomeleides,unreviewed
odyssey,17,84,9,13,"In the wrestling match, while all the Achaeans rejoiced!",unreviewed
odyssey,17,85,10,13,Then the suitors would meet a bitter and early death.’,unreviewed
odyssey,17,86,12,14,“He told me also what the truthful Old Man of the Sea,unreviewed
odyssey,17,87,10,13,Had said: that he saw my father suffering great pains,unreviewed
odyssey,17,88,13,16,"On an island, in the halls of Calypso, who holds him by force.",unreviewed
odyssey,17,89,10,14,"Odysseus cannot reach his native land; he has no ships,",unreviewed
odyssey,17,90,11,16,No oarsmen and no companions to carry him across the sea.,unreviewed
odyssey,17,91,10,14,So Menelaus spoke; and when I had finished I returned.,unreviewed
odyssey,17,92,12,15,The immortals gave me a fair wind and brought me swiftly home.”,unreviewed
odyssey,17,94,11,15,"“Lady, wife of Laertes’ son, hear me. Menelaus did not know",unreviewed
odyssey,17,95,11,17,"Clearly; but I will tell you truly. Zeus, the hospitable table,",unreviewed
odyssey,17,96,11,19,And the hearth of blameless Odysseus hear me: Odysseus is already,unreviewed
odyssey,17,97,11,16,"In his native land, sitting or creeping, learning these evil deeds,",unreviewed
odyssey,17,98,11,16,And sowing destruction for all the suitors. I read this omen,unreviewed
odyssey,17,99,14,16,"While I sat upon the well-benched ship, and told it to your son.”",unreviewed
odyssey,17,100,8,13,"Penelope answered: “May your word be fulfilled, stranger.",unreviewed
odyssey,17,101,10,13,"Then you would quickly know my friendship and receive gifts,",unreviewed
odyssey,17,103,11,18,"Before the house the suitors amused themselves with quoit and javelin,",unreviewed
odyssey,17,104,10,15,Upon the ordered ground where they had long practiced insolence.,unreviewed
odyssey,17,105,11,15,"When it was time for supper, Medon, most welcome of heralds,",unreviewed
odyssey,17,106,12,13,"Called them: “Young men, come to the house and prepare the meal.",unreviewed
odyssey,17,107,10,13,There is no better thing in its season than supper.”,unreviewed
odyssey,17,110,4,4,And made the feast.,unreviewed
odyssey,17,111,8,14,Odysseus and the faithful swineherd left the country.,unreviewed
odyssey,17,112,11,15,"Eumaeus spoke: “Since you desire to go into the town today,",unreviewed
odyssey,17,113,10,14,"As my master commanded, I would rather leave you here",unreviewed
odyssey,17,114,13,15,To guard the pens. Yet I fear my lord’s anger behind me;,unreviewed
odyssey,17,115,14,17,"The commands of kings are difficult. Let us go; the day is far spent,",unreviewed
odyssey,17,117,8,13,Odysseus answered: “I understand; lead me straight on.,unreviewed
odyssey,17,118,15,16,"Give me a staff, if you have one cut, that I may lean upon it;",unreviewed
odyssey,17,119,9,13,You yourself said the road’s threshold is dangerous.”,unreviewed
odyssey,17,120,12,16,"He threw the ragged, many-seamed beggar’s bag around his shoulders;",unreviewed
odyssey,17,121,10,13,"Eumaeus gave him a stout stick, and they went together.",unreviewed
odyssey,17,122,10,13,The dogs and herdsmen remained behind to guard the yard;,unreviewed
odyssey,17,123,8,13,"The swineherd led his master toward the city,",unreviewed
odyssey,17,127,9,17,"Neritus, and Polycator. Around it stood a circular grove",unreviewed
odyssey,17,128,10,14,"Of water-loving poplars; cold water fell from the rock,",unreviewed
odyssey,17,129,11,13,"And above the spring an altar was built for the nymphs,",unreviewed
odyssey,17,132,10,13,Driving goats that surpassed all other flocks as a feast,unreviewed
odyssey,17,135,12,13,"“Now a bad man leads a worse, as the god always brings",unreviewed
odyssey,17,142,12,14,"But since he has learned evil work, he will not touch labor;",unreviewed
odyssey,17,143,11,14,He prefers to beg throughout the town and feed his belly.,unreviewed
odyssey,17,144,12,16,"I tell you what will happen: if he comes near Odysseus’ house,",unreviewed
odyssey,17,145,13,17,"Many footstools will fly against his ribs, and his bones will be crushed.”",unreviewed
odyssey,17,146,14,16,"So he went on, and as he passed he struck Odysseus on the hip.",unreviewed
odyssey,17,147,12,16,"The king did not move, but considered whether to spring upon him",unreviewed
odyssey,17,150,12,17,"If Odysseus ever burned thigh-pieces for you, with wine poured over,",unreviewed
odyssey,17,151,12,13,"Grant my prayer: may he return, and may some god lead him.",unreviewed
odyssey,17,152,12,15,Then he would make this man vanish—the man who abuses us.”,unreviewed
odyssey,17,153,10,14,"Melanthius answered: “Look at him! He prays from far away,",unreviewed
odyssey,17,154,15,18,While I go to the city to bring a feast. May the gods destroy him.,unreviewed
odyssey,17,155,9,13,He will never return.” He went toward the city;,unreviewed
odyssey,17,157,12,13,"Near the house and the gate they found Argos, once the hound",unreviewed
odyssey,17,158,10,14,Odysseus had raised before sailing to Troy. In his youth,unreviewed
odyssey,17,159,12,15,"The hunters had admired his speed and scent; but his master left,",unreviewed
odyssey,17,160,13,17,And now he lay neglected upon a heap of dung before the doors.,unreviewed
odyssey,17,162,12,17,"But the servants, under the suitors’ rule, no longer cared for him.",unreviewed
odyssey,17,163,11,16,"Argos raised his head and pricked both ears. He recognized Odysseus,",unreviewed
odyssey,17,164,12,14,Whom he had not seen for twenty years. He could not approach;,unreviewed
odyssey,17,165,13,14,He had no strength left. He moved his tail and lowered both ears.,unreviewed
odyssey,17,166,10,15,"Odysseus turned away and wiped the tear that came easily,",unreviewed
odyssey,17,168,12,13,"“It is strange, Eumaeus, that such a dog should lie in dung.",unreviewed
odyssey,17,169,13,17,"Was he beautiful in body, or only such as men keep for show?",unreviewed
odyssey,17,170,14,17,"Was he one of those dogs that attend a table, or one that follows",unreviewed
odyssey,17,171,11,15,Goats and cattle? In the mountains such dogs keep wolves away.”,unreviewed
odyssey,17,172,12,16,Eumaeus answered: “That dog belonged to the man who died far away.,unreviewed
odyssey,17,173,13,14,"If you saw him now, you would marvel at his speed and strength.",unreviewed
odyssey,17,174,13,15,"When we left him, he was a puppy; he had not yet hunted.",unreviewed
odyssey,17,175,9,14,Women and servants said he would outrun every hound.,unreviewed
odyssey,17,176,13,17,"Now he is broken. His master is lost, and the women neglect him;",unreviewed
odyssey,17,177,12,16,Servants do not work when their lord is absent. Zeus takes away,unreviewed
odyssey,17,178,12,16,Half a man’s virtue when slavery’s day comes upon him.,unreviewed
odyssey,17,179,9,13,Argos once tracked every beast through the wooded hills.,unreviewed
odyssey,17,180,12,15,"Now he lies here, and the evil sickness has come upon him.",unreviewed
odyssey,17,181,10,13,"When Odysseus left, the women did not care for him.”",unreviewed
odyssey,17,182,8,13,"Before Eumaeus finished, death’s darkness seized Argos;",unreviewed
odyssey,17,183,11,17,"He had seen Odysseus after twenty years. Eumaeus entered the house,",unreviewed
odyssey,17,184,11,13,And the dog’s fate was hidden beneath the dark earth.,unreviewed
odyssey,17,185,7,15,"Inside, Eumaeus sat with Telemachus. Odysseus remained",unreviewed
odyssey,17,188,11,15,"Antinous alone refused, saying: “Old man, why do you stand here?",unreviewed
odyssey,17,189,11,14,Do you think the suitors will give you food? Go elsewhere.,unreviewed
odyssey,17,190,7,13,"You are shameless, coming to every table.”",unreviewed
odyssey,17,191,9,14,"Odysseus answered: “Antinous, though you look like a king,",unreviewed
odyssey,17,192,12,15,"Your mind is not gentle. You have not given me a morsel,",unreviewed
odyssey,17,193,12,17,Though you sit beside another man’s table. I am not asking,unreviewed
odyssey,17,194,14,17,"For much. I too once lived in a wealthy house and gave to wanderers,",unreviewed
odyssey,17,195,11,15,Whatever their need. I had countless servants and all the things,unreviewed
odyssey,17,196,11,16,"Men call prosperity. But Zeus destroyed it, and sent me wandering",unreviewed
odyssey,17,197,11,15,"With raiders toward Egypt. I moored the ships at the river,",unreviewed
odyssey,17,198,12,15,"Told my companions to stay and send scouts, but pride mastered them.",unreviewed
odyssey,17,199,11,14,"They plundered fields, carried off women and children, and killed men.",unreviewed
odyssey,17,200,12,15,At dawn the Egyptians came with horses and bronze; Zeus put flight,unreviewed
odyssey,17,201,15,20,"Into us. Many were killed, the rest led away. I was given to a Cypriot,",unreviewed
odyssey,17,203,11,14,Antinous replied: “What god brought this nuisance to spoil our feast?,unreviewed
odyssey,17,204,13,18,"Stand away from my table, or you may reach bitter Egypt and Cyprus.",unreviewed
odyssey,17,205,12,18,"You are bold and shameless, begging from everyone; they give without thought,",unreviewed
odyssey,17,206,4,5,For each has plenty.”,unreviewed
odyssey,17,207,12,16,"Odysseus withdrew: “You have beauty, but no mind. You would not give",unreviewed
odyssey,17,208,15,20,"Even salt from your own house to a keeper, though you sit beside another’s.",unreviewed
odyssey,17,209,11,13,You could not spare a crumb. Yet there is abundance here.”,unreviewed
odyssey,17,210,11,16,"Antinous grew angrier, seized a footstool, and struck his right shoulder.",unreviewed
odyssey,17,211,12,14,Odysseus stood firm as a rock; the blow did not move him.,unreviewed
odyssey,17,212,12,14,"He shook his head, holding evil in the depth of his mind.",unreviewed
odyssey,17,214,11,13,"“Hear me, suitors of the famous queen. There is no grief",unreviewed
odyssey,17,215,12,15,When a man is struck while fighting for his cattle or sheep;,unreviewed
odyssey,17,216,11,14,"But Antinous struck me for the sake of my cursed belly,",unreviewed
odyssey,17,217,10,16,Which brings mortals many evils. If gods and avenging powers,unreviewed
odyssey,17,218,10,16,"Exist for beggars, may Antinous meet death before his marriage.”",unreviewed
odyssey,17,219,9,16,"Antinous answered: “Eat in silence, stranger, or go elsewhere,",unreviewed
odyssey,17,220,13,13,Lest the young men drag you through the house by hand or foot,unreviewed
odyssey,17,222,10,14,"“Antinous, it was not right to strike this wretched wanderer;",unreviewed
odyssey,17,223,10,14,Perhaps some god is in the likeness of a stranger.,unreviewed
odyssey,17,224,10,15,The gods take every shape and visit cities to observe,unreviewed
odyssey,17,226,10,14,"Telemachus held great grief within him for the struck man,",unreviewed
odyssey,17,227,14,15,But did not let a tear fall. He bowed his head and thought evil.,unreviewed
odyssey,17,228,9,13,"Penelope, hearing that the stranger had been struck, said:",unreviewed
odyssey,17,229,11,17,“Would that Apollo the Archer struck you so!” Her steward Eurynome,unreviewed
odyssey,17,230,12,13,"Answered: “If our prayers could find their end, none of these men",unreviewed
odyssey,17,231,10,14,"Would reach the bright Dawn.” Penelope said: “All are enemies,",unreviewed
odyssey,17,232,11,17,But Antinous is black-hearted above them all. A stranger wanders,unreviewed
odyssey,17,233,11,15,"Through the house begging; others have filled his bag, but Antinous",unreviewed
odyssey,17,234,5,6,Struck him with the footstool.”,unreviewed
odyssey,17,235,10,14,"Penelope called Eumaeus: “Go, tell the stranger to come here,",unreviewed
odyssey,17,236,13,15,That I may embrace him and ask whether he has heard or seen,unreviewed
odyssey,17,237,12,19,Anything of long-enduring Odysseus. He looks like one who has wandered.”,unreviewed
odyssey,17,238,9,14,Eumaeus answered: “If only the Achaeans would be silent!,unreviewed
odyssey,17,239,14,14,His speech would charm your heart. I kept him three nights and three days;,unreviewed
odyssey,17,240,13,17,"He first came to me after escaping the ship, and has not finished",unreviewed
odyssey,17,241,15,18,The evil tale he tells. As a singer who knows the words of the gods,unreviewed
odyssey,17,242,11,13,"And holds men spellbound, so he enchants me in the hall.",unreviewed
odyssey,17,243,13,15,"He claims to be an old guest-friend of Odysseus, born in Crete,",unreviewed
odyssey,17,244,14,15,"Where the line of Minos dwelt; he says he has come here through pain,",unreviewed
odyssey,17,245,10,15,"And has heard that Odysseus is alive in rich Thesprotis,",unreviewed
odyssey,17,247,13,16,"Penelope answered: “Go and call him, that he may speak face to face.",unreviewed
odyssey,17,248,12,16,Let these men amuse themselves by the doors or within the house.,unreviewed
odyssey,17,250,11,16,"Servants consume them, while the suitors come daily to our house,",unreviewed
odyssey,17,251,12,16,"Sacrifice cattle, sheep, and fat goats, feast, and drink our shining wine.",unreviewed
odyssey,17,252,11,14,"The wealth is wasting, for there is no man like Odysseus",unreviewed
odyssey,17,253,13,16,"To defend it. If he came, he and his son would quickly repay",unreviewed
odyssey,17,254,5,6,The violence of these men.”,unreviewed
odyssey,17,255,10,16,"As she spoke, Telemachus sneezed loudly; the house rang terribly.",unreviewed
odyssey,17,256,12,16,"Penelope smiled, and said to Eumaeus: “Go, call the stranger at once.",unreviewed
odyssey,17,257,12,13,Did you not hear my son’s sneeze beneath all these words?,unreviewed
odyssey,17,258,10,16,"May death overtake every suitor, and may none escape it.",unreviewed
odyssey,17,259,9,14,"If I find that the stranger speaks everything truly,",unreviewed
odyssey,17,262,10,14,"“Stranger, wise Penelope calls you. She wishes to ask you",unreviewed
odyssey,17,263,10,14,"About her husband, and about the grief she has suffered.",unreviewed
odyssey,17,264,11,15,"If you tell her everything truly, she will clothe you well;",unreviewed
odyssey,17,266,9,16,Odysseus answered: “I could tell Icarius’s prudent daughter,unreviewed
odyssey,17,267,9,17,"Everything about her husband, for we shared sorrow together.",unreviewed
odyssey,17,268,10,13,"But I fear the crowd of harsh suitors, whose insolence",unreviewed
odyssey,17,269,11,14,"Reaches the iron sky. Even now, when I did no wrong,",unreviewed
odyssey,17,270,11,14,"One struck me as I walked through the house, and Telemachus",unreviewed
odyssey,17,271,13,17,Did not defend me. Tell Penelope to wait until the sun goes down;,unreviewed
odyssey,17,272,13,17,"Then let her ask me about her husband, sitting closer by the fire.",unreviewed
odyssey,17,273,13,14,"My clothing is wretched—you know this, since I first came to you.”",unreviewed
odyssey,17,274,11,17,Eumaeus returned and told Penelope. She said: “Why did the wanderer,unreviewed
odyssey,17,275,12,14,"Not come? A poor man is timid, and his shame is foolish.”",unreviewed
odyssey,17,276,9,15,Eumaeus answered: “He spoke rightly. He avoids the insolence,unreviewed
odyssey,17,277,13,14,Of the proud men. He bids you wait until the sun has set;,unreviewed
odyssey,17,278,12,14,"That will be better for you, queen, to speak with him alone.”",unreviewed
odyssey,17,279,9,16,Penelope answered: “The stranger is not foolish; he understands.,unreviewed
odyssey,17,280,12,17,There are no other mortals so arrogant and reckless as these men.”,unreviewed
odyssey,17,281,12,19,Eumaeus went back among the suitors and bent his head toward Telemachus:,unreviewed
odyssey,17,282,13,17,“I go to guard the swine and our livelihood. Take care of yourself;,unreviewed
odyssey,17,283,11,15,Many Achaeans plan harm. May Zeus destroy them before they bring,unreviewed
odyssey,17,284,4,6,Our sorrow upon us.”,unreviewed
odyssey,17,285,10,17,"Telemachus answered: “So it shall be, father. Go after sunset,",unreviewed
odyssey,17,286,8,14,And return at dawn with beautiful sacrificial beasts.”,unreviewed
odyssey,17,287,11,15,"The swineherd sat again on the polished stool, filled his heart",unreviewed
odyssey,17,289,9,13,The feasters were already deep in song and dancing;,unreviewed
odyssey,17,290,5,7,The late afternoon had come.,unreviewed
odyssey,18,1,10,14,"Then there came a public beggar, known throughout the city,",unreviewed
odyssey,18,2,9,15,"Who begged in Ithaca, and had an insatiable hunger",unreviewed
odyssey,18,4,12,14,But was large in body to the eye. His name was Arnaeus—,unreviewed
odyssey,18,5,15,17,"His mother gave him that name at birth—but the young men called him Irus,",unreviewed
odyssey,18,6,7,15,Because he carried messages whenever anyone commanded.,unreviewed
odyssey,18,8,14,14,"“Old man, move from the porch, lest they drag you out by the foot.",unreviewed
odyssey,18,9,15,17,Do you not hear them all urging me? I am ashamed to be held back.,unreviewed
odyssey,18,11,10,13,"Odysseus looked darkly at him: “I do you no harm,",unreviewed
odyssey,18,13,13,14,Has room for both of us. Do not begrudge what is not yours.,unreviewed
odyssey,18,14,12,14,You seem a wanderer like me; the gods may yet give wealth.,unreviewed
odyssey,18,16,11,13,"I stain your breast and lips with blood. Tomorrow, I think,",unreviewed
odyssey,18,17,13,16,You will not return a second time to the house of Laertes’ son.”,unreviewed
odyssey,18,18,11,15,Irus grew angry: “The glutton runs on like an old woman,unreviewed
odyssey,18,20,11,15,Knock every tooth from his jaw like a pig consuming grain.,unreviewed
odyssey,18,22,5,7,Stand against a younger man?”,unreviewed
odyssey,18,23,9,13,"They bristled before the high, polished doors. Antinous heard,",unreviewed
odyssey,18,24,11,16,"And laughed sweetly: “Friends, no such entertainment has come here before:",unreviewed
odyssey,18,25,10,16,The stranger and Irus are challenging one another to fight.,unreviewed
odyssey,18,26,12,15,"Let us quickly make them do it.” The suitors sprang up laughing,",unreviewed
odyssey,18,29,11,17,Lie ready for supper. Let the victor choose whichever he wishes;,unreviewed
odyssey,18,30,11,15,"Afterward he shall always share our feast, and we will allow",unreviewed
odyssey,18,31,10,13,No other beggar to enter here and ask for food.”,unreviewed
odyssey,18,32,12,15,Odysseus spoke with cunning: “It is not right for a young man,unreviewed
odyssey,18,33,11,14,"To fight an old one, weak with hunger. My evil belly",unreviewed
odyssey,18,34,12,14,"Urges me on, that blows may master me. But all of you",unreviewed
odyssey,18,35,14,15,Must swear a strong oath: no one shall strike me with a heavy hand,unreviewed
odyssey,18,36,11,13,To help Irus. Let him defeat me by his own strength.”,unreviewed
odyssey,18,37,8,13,They swore as he commanded. Telemachus then spoke:,unreviewed
odyssey,18,38,14,17,"“Stranger, if your heart and fearless spirit urge you to ward off this man,",unreviewed
odyssey,18,39,9,13,Fear no other Achaean. Whoever strikes you will fight,unreviewed
odyssey,18,40,12,15,"Against more than one; I am your host, and the kings Antinous",unreviewed
odyssey,18,42,10,14,"Odysseus girded his rags around his loins. His great thighs,",unreviewed
odyssey,18,43,10,16,"Beautiful and broad, appeared; broad shoulders and a powerful chest,",unreviewed
odyssey,18,44,10,14,Strong arms and legs. Athena stood beside him and enlarged,unreviewed
odyssey,18,45,12,16,The limbs of the shepherd of the people. The suitors were amazed.,unreviewed
odyssey,18,46,16,20,One said: “Irus will soon carry a heavy evil; look how the old man’s thigh,unreviewed
odyssey,18,47,11,15,Appears from beneath his rags.” Irus trembled; the servants forced him,unreviewed
odyssey,18,48,10,13,"Into the middle, and his flesh shook upon his limbs.",unreviewed
odyssey,18,49,13,17,"Antinous rebuked him: “You should not exist if you fear this old man,",unreviewed
odyssey,18,50,14,16,"Weak with age. If he defeats you, I will send you to the mainland,",unreviewed
odyssey,18,51,14,18,"To King Echetus, destroyer of mortals, who will cut off your nose and ears,",unreviewed
odyssey,18,52,11,13,"Draw out your genitals, and give them raw to the dogs.”",unreviewed
odyssey,18,53,11,16,"They raised their hands. Odysseus considered whether to strike him dead,",unreviewed
odyssey,18,54,15,17,"Or give a lighter blow and stretch him on the ground. He chose the gentler,",unreviewed
odyssey,18,55,10,15,Lest the Achaeans recognize him. Irus struck his right shoulder;,unreviewed
odyssey,18,56,11,15,"Odysseus struck beneath the ear, crushing the bone. Dark blood rushed",unreviewed
odyssey,18,57,15,17,"From his mouth; he fell in the dust, gnashing his teeth and kicking the earth.",unreviewed
odyssey,18,59,12,14,Odysseus dragged him by the foot beyond the porch and set him,unreviewed
odyssey,18,60,11,15,Beside the courtyard fence. He put the staff into Irus’ hand:,unreviewed
odyssey,18,61,13,14,“Sit here and keep the pigs and dogs away. Do not be lord,unreviewed
odyssey,18,62,11,15,"Of strangers and beggars, wretch, lest a greater evil find you.”",unreviewed
odyssey,18,63,12,16,"Then he returned to the threshold, and the suitors came in laughing.",unreviewed
odyssey,18,64,14,18,Antinous placed before him a great goat’s belly filled with fat and blood.,unreviewed
odyssey,18,65,12,19,Amphinomus lifted two loaves from the basket and brought a golden cup:,unreviewed
odyssey,18,66,8,15,"“Hail, father stranger; may prosperity be yours hereafter,",unreviewed
odyssey,18,68,10,19,"Odysseus answered: “Amphinomus, you seem prudent, like your father Nisus",unreviewed
odyssey,18,69,12,17,"Of Dulichium, whose good fame I have heard. Listen: nothing is weaker",unreviewed
odyssey,18,70,11,13,Than man among all that breathe and creep upon the earth.,unreviewed
odyssey,18,71,14,16,"While the gods give him strength and his knees move, he thinks no evil",unreviewed
odyssey,18,72,12,14,"Will ever reach him. But when the blessed gods complete their grief,",unreviewed
odyssey,18,73,15,20,"He bears it unwillingly, with an enduring heart; for a man’s mind is such",unreviewed
odyssey,18,75,13,18,"“I too once expected to be prosperous among men, and did much wrong,",unreviewed
odyssey,18,76,14,19,Trusting my strength and my father and brothers. Let no man ever be lawless;,unreviewed
odyssey,18,77,14,18,Let him quietly accept the gifts the gods bestow. I see the suitors here,unreviewed
odyssey,18,78,11,17,Cutting a man’s possessions and dishonoring the wife of one,unreviewed
odyssey,18,79,11,13,Who will not long remain far from friends and native land.,unreviewed
odyssey,18,80,15,16,May a god lead you home before you meet him; for I do not think,unreviewed
odyssey,18,81,13,16,He and the suitors will part without blood once he enters this roof.”,unreviewed
odyssey,18,82,14,16,"He poured and drank the sweet wine, and returned the cup to the herald.",unreviewed
odyssey,18,83,12,14,"Then he walked through the house, grieving, and his mind saw evil.",unreviewed
odyssey,18,84,12,16,He could not escape his fate: Athena bound Irus to be subdued,unreviewed
odyssey,18,86,9,13,Athena placed this thought in wise Penelope’s mind:,unreviewed
odyssey,18,87,10,14,"To appear before the suitors, so their desire might grow,",unreviewed
odyssey,18,88,14,16,And so she might be more honored in the eyes of husband and son.,unreviewed
odyssey,18,89,9,14,She laughed falsely and said to her steward Eurynome:,unreviewed
odyssey,18,90,12,18,"“My heart wishes to appear before the suitors, hateful as they are.",unreviewed
odyssey,18,91,17,19,"I would speak to my son, and urge him not to keep company with all of them:",unreviewed
odyssey,18,93,10,14,"Eurynome answered: “You have spoken well. Go, tell your son,",unreviewed
odyssey,18,94,13,14,"Wash your skin, anoint your cheeks, and do not go with your face",unreviewed
odyssey,18,95,9,13,Always wet with tears; continual grief is not fitting.,unreviewed
odyssey,18,96,15,18,"Your son is now grown, the very child for whom you prayed to the immortals.”",unreviewed
odyssey,18,97,11,16,Penelope replied: “Do not persuade me to wash and anoint myself.,unreviewed
odyssey,18,98,10,13,The gods destroyed my beauty when my husband sailed away.,unreviewed
odyssey,18,99,12,17,"Tell Autonoe and Hippodameia to come, that they may stand beside me",unreviewed
odyssey,18,100,14,17,In the hall. I would not go alone among the men; I am ashamed.”,unreviewed
odyssey,18,101,11,13,The old nurse went through the house to summon the women.,unreviewed
odyssey,18,102,10,15,"Athena then poured sweet sleep upon Penelope. She lay back,",unreviewed
odyssey,18,103,11,15,And all her limbs relaxed. The goddess gave her immortal gifts:,unreviewed
odyssey,18,104,12,18,"She cleansed her lovely face with ambrosia, such as crowned Cytherea wears",unreviewed
odyssey,18,105,12,15,"When she joins the Graces’ dance; she made her taller and fuller,",unreviewed
odyssey,18,106,9,15,"Whiter than sawn ivory. Having done this, she departed.",unreviewed
odyssey,18,107,14,17,The white-armed women came with a sound of voices; sweet sleep released her.,unreviewed
odyssey,18,108,13,17,"She wiped her cheeks and said: “Ah, how deeply suffering has covered me!",unreviewed
odyssey,18,109,15,19,"Would that pure Artemis now grant me a gentle death, so I might no longer",unreviewed
odyssey,18,110,12,19,"Waste my life lamenting, longing for the excellence of my beloved husband,",unreviewed
odyssey,18,112,10,14,She went down from her shining chamber with two attendants.,unreviewed
odyssey,18,113,11,13,"When she reached the suitors, she stood beside the roof-post,",unreviewed
odyssey,18,114,14,19,Holding her shining veil before her cheeks; one trusted maid stood on either side.,unreviewed
odyssey,18,115,10,16,"The suitors’ knees gave way, and desire enchanted every heart;",unreviewed
odyssey,18,116,6,7,Each prayed to lie beside her.,unreviewed
odyssey,18,117,11,18,She addressed Telemachus: “Your mind and judgment are no longer steady.,unreviewed
odyssey,18,118,14,16,"When you were a child, you thought more wisely; now that you are grown,",unreviewed
odyssey,18,119,14,16,"A stranger might say, seeing your height and beauty, that you are the son",unreviewed
odyssey,18,120,15,18,"Of a prosperous man, yet you have no sound sense. What a deed has happened",unreviewed
odyssey,18,121,12,15,"In this house, and you allowed the stranger to be so abused!",unreviewed
odyssey,18,122,12,16,"If a guest should suffer such violence while seated in our house,",unreviewed
odyssey,18,124,10,16,"Telemachus answered: “I do not blame you for anger, mother;",unreviewed
odyssey,18,125,11,13,I know and understand what is good and what is worse.,unreviewed
odyssey,18,126,15,16,"But I am still young, and men who sit here strike me with evil thoughts;",unreviewed
odyssey,18,127,14,18,I have no allies. The quarrel of Irus and the stranger was not caused,unreviewed
odyssey,18,128,13,20,"By the suitors—he was simply stronger. Would that Zeus, Athena, and Apollo",unreviewed
odyssey,18,129,14,16,"Would make the suitors bend their heads in our halls, some in the courtyard,",unreviewed
odyssey,18,130,12,15,"Some within, their limbs loosened, as Irus now sits by the doors,",unreviewed
odyssey,18,131,10,13,"Nodding like a drunk, unable to stand or go home.”",unreviewed
odyssey,18,132,8,19,"Eurymachus addressed Penelope: “Daughter of Icarius, wise Penelope,",unreviewed
odyssey,18,133,15,18,"If all the Achaeans saw you in Argos, more suitors would dine here at dawn,",unreviewed
odyssey,18,134,10,16,"For you surpass women in beauty, stature, and inward judgment.”",unreviewed
odyssey,18,135,10,19,"Penelope answered: “Eurymachus, the immortals destroyed my beauty and form",unreviewed
odyssey,18,136,12,15,"When the Argives sailed to Troy, and my husband went with them.",unreviewed
odyssey,18,137,15,18,"If he returned and cared for my life, my fame and beauty would be greater.",unreviewed
odyssey,18,140,14,17,‘I do not think all the well-greaved Achaeans will return unharmed from Troy;,unreviewed
odyssey,18,141,12,18,"The Trojans are said to be good fighters, spearmen, archers, and horsemen,",unreviewed
odyssey,18,142,16,19,Who can decide the outcome of a great war. I do not know whether a god,unreviewed
odyssey,18,143,14,17,Will release me or whether I shall be taken there. Care for all here.,unreviewed
odyssey,18,144,14,18,"Remember my father and mother in the house, as now or more than now,",unreviewed
odyssey,18,145,14,18,"While I am away. When you see our son bearded, marry whom you wish,",unreviewed
odyssey,18,146,12,16,And leave this house.’ His words are all fulfilled. The hateful marriage,unreviewed
odyssey,18,147,14,20,Will come upon me; Zeus has taken my prosperity. Yet the grief is bitter.,unreviewed
odyssey,18,148,13,18,"“This is not the suitors’ custom among men. Whoever courts a good woman,",unreviewed
odyssey,18,149,14,18,"Daughter of a wealthy man, brings cattle and strong sheep for the wedding feast,",unreviewed
odyssey,18,150,13,24,And gives beautiful gifts; they do not consume another’s livelihood without payment.”,unreviewed
odyssey,18,151,10,16,"Odysseus rejoiced inwardly, because she had drawn gifts from them",unreviewed
odyssey,18,152,12,18,"And charmed their hearts with gentle words, while her mind intended otherwise.",unreviewed
odyssey,18,153,10,19,"Antinous said: “Daughter of Icarius, receive whatever gifts any Achaean",unreviewed
odyssey,18,154,17,18,Brings here. It is not right to refuse a gift. We will not go to our work,unreviewed
odyssey,18,155,11,16,Or anywhere else before you marry the best of the Achaeans.”,unreviewed
odyssey,18,156,10,15,"They sent heralds for gifts. Antinous brought a great, beautiful,",unreviewed
odyssey,18,157,12,20,Many-colored robe with twelve golden pins. Eurymachus brought a golden necklace,unreviewed
odyssey,18,158,11,15,"Set with amber, shining like the sun. Two servants brought earrings",unreviewed
odyssey,18,159,12,19,"With three gems each from Eurydamas. Pisander’s servant brought a necklace,",unreviewed
odyssey,18,160,8,15,A beautiful ornament. Each Achaean brought another gift.,unreviewed
odyssey,18,161,12,20,"Penelope went upstairs, and the attendants carried the lovely gifts behind her.",unreviewed
odyssey,18,162,10,15,"The suitors turned to dancing and song, waiting for evening.",unreviewed
odyssey,18,163,13,15,"When dark evening came, they set three lamps in the hall for light,",unreviewed
odyssey,18,164,10,13,"Piling dry wood, long seasoned and newly split with bronze,",unreviewed
odyssey,18,165,11,19,And mixed torches among it; Odysseus’ patient servants tended the flames.,unreviewed
odyssey,18,166,9,15,"Odysseus said to them: “Handmaids of Odysseus, long absent,",unreviewed
odyssey,18,167,11,13,"Go to your honored queen, sit beside her, turn the wool,",unreviewed
odyssey,18,168,14,16,"Or card it with your hands, and give her delight. I will provide light",unreviewed
odyssey,18,169,13,14,"For all these men. Even if they wish to wait for bright Dawn,",unreviewed
odyssey,18,170,9,13,They will not defeat me; I am very enduring.”,unreviewed
odyssey,18,171,12,19,"The women laughed and looked at one another. Melantho, daughter of Dolios,",unreviewed
odyssey,18,172,14,17,"Whom Penelope had raised like a child and given toys, but who slept with",unreviewed
odyssey,18,174,16,18,"“Stranger, are you out of your mind? Why do you not go sleep in the smithy,",unreviewed
odyssey,18,175,13,18,Or in the public shelter? Why speak so boldly among so many men?,unreviewed
odyssey,18,176,13,15,"Has wine seized your mind, or are you always foolish? Do you boast",unreviewed
odyssey,18,177,11,21,Because you defeated that beggar Irus? Perhaps another better than Irus,unreviewed
odyssey,18,178,16,18,"Will soon rise and beat your head, sending you out of the house covered in blood.”",unreviewed
odyssey,18,179,12,18,Odysseus looked darkly at her: “I will tell Telemachus what you say,unreviewed
odyssey,18,180,14,14,When I go there; he may cut you limb from limb in this house.”,unreviewed
odyssey,18,183,12,16,"He stood by the burning lamps, visible to all, while his heart",unreviewed
odyssey,18,185,12,20,Athena did not restrain the suitors from provoking painful anger in him;,unreviewed
odyssey,18,186,13,16,She wished the grief to sink deeper into the heart of Laertes’ son.,unreviewed
odyssey,18,187,8,15,"Eurymachus began to mock him: “Listen, renowned suitors,",unreviewed
odyssey,18,188,12,14,While I speak what my heart commands. This man has not come,unreviewed
odyssey,18,189,14,20,To Odysseus’ house without a god’s direction. His head shines like a torch;,unreviewed
odyssey,18,190,18,20,"There is no hair upon it. Stranger, would you work for me at the edge of my land?",unreviewed
odyssey,18,191,12,19,"I would give you sufficient wages, repairing fences and planting tall trees;",unreviewed
odyssey,18,193,14,18,"But since you have learned evil work, you refuse labor and prefer to beg",unreviewed
odyssey,18,194,9,15,"Throughout the people, only to feed your useless belly.”",unreviewed
odyssey,18,195,13,19,"Odysseus answered: “Would that a contest of labor rose between us in spring,",unreviewed
odyssey,18,196,15,17,"When the days are long and the meadow is green. Give me a curved sickle,",unreviewed
odyssey,18,197,13,18,"And take another; let us work fasting until dark, with grass before us.",unreviewed
odyssey,18,198,15,18,"Or let there be two great, tawny, well-fed oxen, equal in age and strength,",unreviewed
odyssey,18,199,13,15,To draw a four-acre fallow beneath the plough; then you would see,unreviewed
odyssey,18,200,12,15,"Whether I could cut a straight furrow. If Zeus stirred war today,",unreviewed
odyssey,18,201,14,15,"And I had shield, two spears, and a bronze helmet, you would see me",unreviewed
odyssey,18,202,9,13,"Among the foremost, and would not mock my belly.",unreviewed
odyssey,18,203,12,16,"You are insolent and hard of mind, and think yourself great because",unreviewed
odyssey,18,204,14,20,"You keep company with few who are no better than you. If Odysseus returned,",unreviewed
odyssey,18,205,13,14,These wide doors would grow narrow for you as you fled through them.”,unreviewed
odyssey,18,206,11,16,"Eurymachus grew angry, seized a footstool, and raised it to strike.",unreviewed
odyssey,18,207,9,18,"Odysseus, fearing him, sat at Amphinomus’ knees. Eurymachus struck",unreviewed
odyssey,18,208,15,19,"The cupbearer’s right hand; the pitcher fell and rang, and the man fell backward.",unreviewed
odyssey,18,210,13,19,Telemachus spoke: “You are mad; you no longer hide your appetite or drink.,unreviewed
odyssey,18,211,14,14,"Some god stirs you. Eat well, then lie down at home when you wish;",unreviewed
odyssey,18,212,16,19,I drive no one away.” The suitors bit their lips in wonder at his bold speech.,unreviewed
odyssey,18,213,11,17,"Amphinomus, glorious son of Nisus, said: “Friends, no one should answer",unreviewed
odyssey,18,214,11,14,"A just word with hostile speech. Do not strike the stranger,",unreviewed
odyssey,18,215,13,19,Nor any other servant in Odysseus’ house. Let the cupbearer fill the cups;,unreviewed
odyssey,18,216,14,17,Let us pour a libation and go home. Leave the stranger in this house,unreviewed
odyssey,18,217,8,14,"To Telemachus, for he came to Telemachus’ door.”",unreviewed
odyssey,18,218,12,21,"His counsel pleased them. Mulius, herald of Dulichium and servant of Amphinomus,",unreviewed
odyssey,18,219,12,15,"Mixed the bowl and distributed it. They poured for the blessed gods,",unreviewed
odyssey,18,220,16,19,"Drank as much as the heart desired, and went away to sleep in their own houses.",unreviewed
odyssey,19,2,8,13,Debating with Athena how the suitors should die.,unreviewed
odyssey,19,6,11,13,‘The smoke has eaten their bright bronze; they are no longer,unreviewed
odyssey,19,7,9,13,"As when Odysseus sailed, but dimmed beneath the rafters.’",unreviewed
odyssey,19,8,12,14,"Or say, ‘When wine has mastered men, the iron in their hands",unreviewed
odyssey,19,9,10,15,May turn against a brother; therefore we have removed it.’,unreviewed
odyssey,19,11,7,14,"Telemachus called the nurse, Eurycleia, and together",unreviewed
odyssey,19,13,11,13,And spears that once had flashed beneath his father’s hand.,unreviewed
odyssey,19,14,8,13,"Athena went before them, bearing a golden lamp;",unreviewed
odyssey,19,15,11,13,The walls shone round about as though a fire were burning.,unreviewed
odyssey,19,16,9,13,"Odysseus whispered, “Go now, and sleep. I shall remain,",unreviewed
odyssey,19,17,11,14,"To learn which women keep faith, and which have grown insolent,",unreviewed
odyssey,19,19,9,13,"Then Penelope came down from her bright upper chamber,",unreviewed
odyssey,19,20,8,13,"Like Artemis, or golden Aphrodite when she walks",unreviewed
odyssey,19,21,9,14,"Among the deathless gods. Her chair, inlaid with ivory,",unreviewed
odyssey,19,23,9,14,"Soft fleece was spread beneath it. Melantho, shameless girl,",unreviewed
odyssey,19,24,10,14,Again assailed the stranger: “Why sit here in the darkness?,unreviewed
odyssey,19,25,10,14,"Go sleep among the benches, or beg outside the doorway.”",unreviewed
odyssey,19,27,10,13,Necessity has clothed me in these rags. Once I too,unreviewed
odyssey,19,28,12,14,"Was rich, and gave to beggars; now the gods have broken me.",unreviewed
odyssey,19,29,11,13,"But take heed: the master of this house may yet return,",unreviewed
odyssey,19,30,11,13,Or this grown son may judge the women’s conduct here.”,unreviewed
odyssey,19,31,10,14,"Penelope rebuked the girl: “How can you insult a guest,",unreviewed
odyssey,19,33,11,14,"Eurynome, bring him a chair, and lay a fleece upon it,",unreviewed
odyssey,19,35,10,13,"The stranger sat, and she began: “Tell me your lineage.",unreviewed
odyssey,19,36,12,14,"Who are you? From what country, and what city, have you come?”",unreviewed
odyssey,19,37,9,13,Then the much-enduring king shaped his Cretan tale:,unreviewed
odyssey,19,39,10,13,The broad land ringed with water; Cnossus is my city.,unreviewed
odyssey,19,40,8,13,"My father was Deucalion; Minos, whose counsels ruled,",unreviewed
odyssey,19,41,9,13,"Was his renowned son; and Idomeneus, the spear-famed,",unreviewed
odyssey,19,42,9,14,"Was brother to my father. I had many companions,",unreviewed
odyssey,19,43,10,14,And ships that bore us toward the war beside Atrides.,unreviewed
odyssey,19,44,11,13,“There Odysseus came to us. A storm from Zeus drove him,unreviewed
odyssey,19,45,9,14,"Toward Amnisus, where the sea breaks under the caves;",unreviewed
odyssey,19,46,12,16,"He sought the altar of the harbor’s Lady, but the weather",unreviewed
odyssey,19,49,10,13,"Penelope heard and wept, her tears falling like the snow",unreviewed
odyssey,19,50,11,14,That melts upon the high ridges when the west wind rises.,unreviewed
odyssey,19,53,12,14,"The water of a spring. He turned his face toward the fire,",unreviewed
odyssey,19,57,9,13,Consume the substance of my house. I promised marriage,unreviewed
odyssey,19,59,11,15,Should overtake the old man and the Achaean women blame me.,unreviewed
odyssey,19,60,12,14,"By day I wove the great web; at night, beside the torches,",unreviewed
odyssey,19,61,11,14,I undid what the daylight had compelled my hands to make.,unreviewed
odyssey,19,63,13,14,"And held the Achaeans by my words; but when the fourth year came,",unreviewed
odyssey,19,64,9,14,A treacherous maid betrayed me. They entered and discovered,unreviewed
odyssey,19,66,8,13,Now my parents urge me toward another marriage;,unreviewed
odyssey,19,67,10,13,"My son, already grown, is grieved to watch the suitors",unreviewed
odyssey,19,68,8,13,"Consume his inheritance, and cannot bear the shame.”",unreviewed
odyssey,19,69,7,13,Then prudent Penelope tested the tale again:,unreviewed
odyssey,19,82,6,6,"Dark of skin, and black-haired.”",unreviewed
odyssey,19,122,11,14,"And when he comes to Parnassus, I will give him gifts.”",unreviewed
odyssey,19,148,9,13,"But when the darkness comes, sharp cares awake me.",unreviewed
odyssey,19,177,4,6,Odysseus will be home.”,unreviewed
odyssey,20,1,9,13,"Odysseus lay in the forecourt on an ox-hide,",unreviewed
odyssey,20,2,9,13,"Unworked and brown, with many fleeces heaped above him;",unreviewed
odyssey,20,7,10,13,Or leave them yet to mingle with the arrogant men?,unreviewed
odyssey,20,19,9,14,"Upon the suitors, standing one man against so many.",unreviewed
odyssey,20,20,10,16,Then Athena came from heaven in a woman’s likeness,unreviewed
odyssey,20,26,10,14,"Who gather here continually? And when I have slain them,",unreviewed
odyssey,20,30,9,14,"“A mortal trusts a comrade even weaker than himself,",unreviewed
odyssey,20,31,13,14,"But I am a god, and I will guard you through your labor.",unreviewed
odyssey,20,36,8,14,"Is weariness itself.” She went again to Olympus,",unreviewed
odyssey,20,37,10,14,"And sleep, the loosener of the limbs, descended on him.",unreviewed
odyssey,20,46,5,7,Than that of my Odysseus.”,unreviewed
odyssey,20,50,8,14,"Had fed them, while Hera, Artemis, and Athena",unreviewed
odyssey,20,57,8,13,Sleep makes the sufferer forget good and evil.,unreviewed
odyssey,20,62,3,4,Were waking truth.,unreviewed
odyssey,20,63,60,77,"Odysseus heard her weeping and wondered whether she had recognized him. He gathered the cloak and fleeces, placed them on a chair within the house, carried the ox-hide outside, and raised his hands to Zeus: “Father Zeus, if you have brought me home by your will, send me a sign within the house; let another sign appear from without.”",unreviewed
odyssey,20,64,102,133,"At once Zeus thundered from bright Olympus, though there was no cloud. A mill-woman heard it nearby. Of twelve women who ground barley and wheat for the household, she alone had not yet stopped, being the weakest. She spoke a sign for her master: “You thunder from the starry heaven, though no cloud is here. Fulfill this word for me: let this be the last meal the suitors eat in Odysseus’s house, for their toil has broken my knees.” Odysseus rejoiced. Telemachus rose from bed like an immortal, armed with sword, spear, and bright sandals, and stood upon the threshold.",unreviewed
odyssey,20,65,70,96,"Telemachus asked Eurycleia whether the stranger still lay without, neglected in bed and food. She answered that he had drunk as long as he wished but said he was not hungry; when he remembered sleep she had offered a bed, but he chose the untanned hide and sheep fleeces in the forecourt, and the women had covered him with a cloak. Telemachus went to the assembly with two white dogs.",unreviewed
odyssey,20,66,107,141,"Penelope ordered Eurycleia and the women to spread rugs over the well-made chairs, wipe all the tables, clean the mixing bowls and cups, and fetch water from the dark spring. The suitors would return early, since it was a feast day. The women went to the spring; others worked within. Eumaeus brought three fat pigs, and Odysseus asked whether the suitors still dishonored him. “May the gods avenge their violence,” Eumaeus answered. “I weep at the thought of Odysseus. Yet I believe he may return and scatter them. If he were dead, I should long ago have gone to another king; but I wait for him.”",unreviewed
odyssey,20,67,47,60,"“You are neither foolish nor weak,” said Odysseus. “I swear by Zeus, the guest-table, and the hearth of Odysseus that, while you are here, Odysseus will come home; with your own eyes you shall see the suitors killed.” Eumaeus prayed that the word might be fulfilled.",unreviewed
odyssey,20,68,55,82,"Melanthius, the goatherd, came bringing goats distinguished among the herds for the suitors’ dinner. He tethered them and insulted Odysseus: “Why do you not go out? We shall not part before our hands have tested you; you beg without order, and there are other feasts among the Achaeans.” Odysseus silently shook his head, plotting evil.",unreviewed
odyssey,20,69,74,109,"The suitors were preparing death for Telemachus when an eagle flew upon their left, carrying a trembling dove. Amphinomus told them to remember the feast, and they entered Odysseus’s house. They sacrificed sheep, fat goats, pigs, and a cow; roasted the inward parts, mixed the wine, and shared the meal. Telemachus had ordered that Odysseus receive an equal portion, so those serving him set an equal share beside him at the stone threshold.",unreviewed
odyssey,20,70,125,163,"Ctesippus of Same, trusting in immense wealth and desiring the wife of long-absent Odysseus, said: “It is not right to deprive a guest of his portion.” He took an ox’s foot from a basket and threw it. Odysseus bent his head aside and smiled a dark, terrible smile; the foot struck the wall. Telemachus rebuked Ctesippus: “You did not strike the stranger. Had you struck him, my spear would have passed through you, and your father would have prepared your tomb instead of your wedding. We have endured the slaughter of sheep, the drinking of wine, and the dragging of our maidservants through this house. Do not continue. If you desire my death, say so; I would rather die than watch such deeds.”",unreviewed
odyssey,20,71,11,19,"Agelaus spoke: “Stop striking the stranger, or any servant. Let Telemachus",unreviewed
odyssey,20,72,15,19,"and his mother give Penelope to the best man, the one who brings the greatest",unreviewed
odyssey,20,73,12,19,"gifts, so that the prince may enjoy his father’s possessions.” Telemachus",unreviewed
odyssey,20,74,16,20,answered: “I do not hold my mother back. Let her marry whom she wishes; I will,unreviewed
odyssey,20,75,14,17,"give her countless gifts. But may no god make me drive her, unwilling, from",unreviewed
odyssey,20,76,2,2,this house.”,unreviewed
odyssey,20,77,12,19,The suitors broke into unnatural laughter. Their minds were shaken; they ate,unreviewed
odyssey,20,78,12,17,"bloody flesh, and tears filled their eyes, while each heart imagined mourning.",unreviewed
odyssey,20,79,12,17,"Then Theoclymenus, godlike in form, spoke: “What evil is this? Your heads,",unreviewed
odyssey,20,80,13,16,"your faces, and your knees are wrapped in darkness. Cries burn around you;",unreviewed
odyssey,20,81,13,16,your cheeks are wet with tears. The walls and beautiful crossbeams drip blood.,unreviewed
odyssey,20,82,14,19,The porch and courtyard swarm with shades that rush toward Erebus. The sun is,unreviewed
odyssey,20,84,14,18,"Eurymachus called for the young men to lead him outside, since the seer spoke",unreviewed
odyssey,20,85,13,17,"like night. “I need no guide,” Theoclymenus answered. “I have eyes, ears, feet,",unreviewed
odyssey,20,86,16,22,"and a mind not contemptible. I go, for I see the evil coming upon you; no",unreviewed
odyssey,20,87,13,19,suitor who devised outrage in Odysseus’ house will escape it.” He went to,unreviewed
odyssey,20,88,4,6,"Peiraeus, who welcomed him.",unreviewed
odyssey,20,89,13,20,"The suitors looked at one another and mocked Telemachus, laughing at his guest.",unreviewed
odyssey,20,90,13,19,One proposed putting the strangers on a ship and sending them to Sicily.,unreviewed
odyssey,20,91,12,19,"Telemachus stayed silent, watching his father, waiting for the hour when he",unreviewed
odyssey,20,92,12,19,"would lift his hands against the shameless men. Penelope, among the women,",unreviewed
odyssey,20,93,13,20,heard every word. Their feast had been sweet and abundant; never would another,unreviewed
odyssey,20,94,15,20,"be so hateful as the meal that goddess and strong man were preparing for them,",unreviewed
odyssey,21,1,8,13,Athena breathed the thought into Penelope’s mind:,unreviewed
odyssey,21,7,9,13,"And there the quiver held its arrows, groaning softly.",unreviewed
odyssey,21,58,12,14,"Three times he strained the bow; three times he let it go,",unreviewed
odyssey,21,60,10,13,"He would have drawn it, but Odysseus nodded him back.",unreviewed
odyssey,21,61,11,13,"Then he told all the suitors to attempt it in turn,",unreviewed
odyssey,21,67,9,13,"He asked. “If Odysseus came suddenly, would you fight",unreviewed
odyssey,21,83,15,19,Antinous could not bend the bow and proposed that they stop for the holy feast,unreviewed
odyssey,21,84,14,20,"and try again at dawn, when Melanthius could bring goats for Apollo. After the",unreviewed
odyssey,21,85,13,19,"libation, Odysseus spoke: “Let me try the polished bow among you, and learn",unreviewed
odyssey,21,86,11,17,whether the strength remains in my limbs after wandering and hunger.”,unreviewed
odyssey,21,87,13,17,"The suitors feared that the beggar might string it. Antinous called him drunk,",unreviewed
odyssey,21,88,13,20,"and recalled how wine had driven the Centaur Eurytion mad among the Lapiths,",unreviewed
odyssey,21,89,14,18,so that his hosts dragged him from the house and mutilated him. He threatened,unreviewed
odyssey,21,90,13,22,"to send Odysseus to King Echetus, destroyer of men, if he succeeded. Odysseus",unreviewed
odyssey,21,91,14,18,answered that he did not desire to compete with younger men; they should stop,unreviewed
odyssey,21,92,12,20,"until dawn. Eurymachus said that no man should expect to marry Penelope,",unreviewed
odyssey,21,93,14,18,but that they would be shamed if a wandering beggar proved stronger than they.,unreviewed
odyssey,21,94,14,20,"Penelope defended the guest: it was not shameful that he should try, and if",unreviewed
odyssey,21,95,13,18,"Apollo granted him victory she would clothe him and give him spear, sword,",unreviewed
odyssey,21,96,11,19,"and sandals, sending him wherever his heart wished. Telemachus answered that",unreviewed
odyssey,21,97,16,19,no Achaean had more right than he to give or refuse the bow—not even those,unreviewed
odyssey,21,98,14,21,who ruled Ithaca and the islands toward Elis. He told his mother to return,unreviewed
odyssey,21,99,16,17,"to her loom and spindle and leave the bow to men; in this house, he said,",unreviewed
odyssey,21,100,12,18,"the power was his. Penelope admired the prudent word, went upstairs with",unreviewed
odyssey,21,101,12,19,"her attendants, and wept for Odysseus until Athena sent her sweet sleep.",unreviewed
odyssey,21,102,11,20,The suitors mocked Telemachus and the beggar. Telemachus threatened to drive,unreviewed
odyssey,21,103,13,20,"them out with stones, wishing he were stronger than every suitor. They quieted",unreviewed
odyssey,21,104,12,18,their anger. Eumaeus carried the bow to Odysseus. Eurycleia barred the hall,unreviewed
odyssey,21,105,12,17,doors; Philoetius locked the courtyard gate and fastened the ship’s hawser,unreviewed
odyssey,21,106,2,3,around it.,unreviewed
odyssey,21,107,13,20,"Odysseus turned the bow in his hands and examined it everywhere, lest worms",unreviewed
odyssey,21,108,14,18,had eaten the horns of the absent king. The suitors mocked him: perhaps such,unreviewed
odyssey,21,109,16,21,"a bow lay at home, or perhaps this wanderer only wished to handle one. But as",unreviewed
odyssey,21,110,15,23,"a singer easily stretches a new cord around a lyre’s peg, so Odysseus, without",unreviewed
odyssey,21,111,15,16,"effort, strung the great bow. He plucked the cord with his right hand; it sang",unreviewed
odyssey,21,112,14,18,"like a swallow. The suitors’ skin changed color, and Zeus thundered as a sign.",unreviewed
odyssey,21,113,13,19,"Odysseus took the single arrow lying ready beside him, drew from his stool,",unreviewed
odyssey,21,114,15,17,and shot. The arrow did not miss a single axe; it passed through the line,unreviewed
odyssey,21,115,14,17,"and flew beyond. He told Telemachus that he had not missed or wearied, and",unreviewed
odyssey,21,116,13,15,"that his strength was still firm, unlike the scorn with which the suitors",unreviewed
odyssey,21,117,12,17,had dishonored him. “Now is the hour to prepare the Achaeans’ supper;,unreviewed
odyssey,21,118,15,20,"afterward there will be other sport, with song and lyre—the ornaments of a feast.”",unreviewed
odyssey,22,21,6,13,Then Eurymachus answered: “If Antinous alone,unreviewed
odyssey,22,24,9,13,To rule in Ithaca. We will repay you all,unreviewed
odyssey,22,53,6,7,May hold it against them all.”,unreviewed
odyssey,22,57,9,13,From the storeroom; nowhere else did we conceal it.”,unreviewed
odyssey,22,62,8,13,"Telemachus said, “I left the chamber door ajar.",unreviewed
odyssey,22,78,7,13,"“Cast now,” Odysseus said. He struck Demoptolemus;",unreviewed
odyssey,22,83,7,13,Amphimedon grazed the wrist of young Telemachus;,unreviewed
odyssey,22,86,4,13,Struck Eurydamas; Telemachus Amphimedon;,unreviewed
odyssey,22,91,8,13,Athena lifted the deadly aegis from the roof.,unreviewed
odyssey,22,93,9,13,"Like cattle driven by a gadfly, while the friends",unreviewed
odyssey,22,100,2,4,His reckoning.,unreviewed
odyssey,22,116,9,13,"To flee and cling beneath the thunderer’s altar,",unreviewed
odyssey,23,13,10,13,"Had overcome so many. “I did not see the first,”",unreviewed
odyssey,23,36,9,13,While they had slain the greatest men of Ithaca.,unreviewed
odyssey,23,37,12,20,She told Telemachus to reason with his father: perhaps Odysseus blamed her,unreviewed
odyssey,23,38,12,22,"because she did not immediately recognize him, while the household had killed",unreviewed
odyssey,23,39,13,21,the greatest men of Ithaca. Telemachus praised his father’s wisdom and said,unreviewed
odyssey,23,41,14,19,"Odysseus ordered that they wash and put on tunics, and that the women dress;",unreviewed
odyssey,23,42,13,18,"the inspired singer should lead a joyful dance, so that anyone outside would",unreviewed
odyssey,23,43,15,18,think a wedding was taking place and the news of the suitors’ death would not,unreviewed
odyssey,23,44,11,16,spread before they reached the orchard. The women armed themselves with,unreviewed
odyssey,23,45,13,19,"clothing, and Phemius raised the desire for song and dance. Outside, a passerby",unreviewed
odyssey,23,46,15,20,heard the house and thought the wife of a long-absent husband had finally chosen,unreviewed
odyssey,23,47,2,4,another man.,unreviewed
odyssey,23,48,12,22,"Eurynome washed and anointed Odysseus, and Athena poured beauty over his head",unreviewed
odyssey,23,49,14,19,"and shoulders, making him larger and fairer to behold; his hair fell in curls",unreviewed
odyssey,23,50,15,20,like hyacinth. He sat before Penelope and said that the gods had given her a,unreviewed
odyssey,23,51,13,17,"heart harder than stone. “Nurse,” he commanded, “make up a bed outside the",unreviewed
odyssey,23,52,7,13,"bedchamber, with fleeces, cloaks, and shining coverlets.”",unreviewed
odyssey,23,53,12,20,Penelope had Eurycleia move the bedstead out of the chamber. Odysseus cried,unreviewed
odyssey,23,54,15,20,out that this was difficult even for a skilled man unless a god himself moved,unreviewed
odyssey,23,55,16,20,"it. No living mortal could shift the bed, for he had made it around a living",unreviewed
odyssey,23,56,14,18,"olive tree: he cut and polished the trunk, raised the chamber walls around it,",unreviewed
odyssey,23,57,14,19,"fitted the doors, and built the bed from that rooted sign, decorating it with",unreviewed
odyssey,23,58,13,19,"gold, silver, and ivory and stretching a shining ox-hide thong across it.",unreviewed
odyssey,23,59,14,19,He asked whether the rooted bed still stood or whether another man had cut,unreviewed
odyssey,23,60,3,4,away its base.,unreviewed
odyssey,23,61,13,19,"Penelope recognized the secret sign. She ran to him, embraced his neck, kissed",unreviewed
odyssey,23,62,14,19,"his head, and said that she had been wary because many people planned deceit;",unreviewed
odyssey,23,63,15,19,"even Helen, daughter of Zeus, would not have joined a foreign bed if she had",unreviewed
odyssey,23,64,13,19,"known that the Achaeans would bring her home. Only Odysseus, Penelope, and one",unreviewed
odyssey,23,65,13,19,"maid, Actoris, knew the bed’s construction. Thus he overcame her heart, hard",unreviewed
odyssey,23,66,15,19,though it had been. The two wept like survivors who set foot upon land after,unreviewed
odyssey,23,67,14,20,Poseidon has broken their ship; Odysseus did not yet release his arms from her.,unreviewed
odyssey,23,68,13,19,"Dawn would have appeared while they lamented, but Athena held the long night",unreviewed
odyssey,23,69,14,20,"at its limit and restrained the sun’s horses, Lampus and Phaethon, from bringing",unreviewed
odyssey,23,70,12,19,light to mortals. Odysseus told Penelope that their labors were not finished;,unreviewed
odyssey,23,71,13,22,"Tiresias’s shade had foretold another, measureless toil. Yet he said they should",unreviewed
odyssey,23,73,13,21,Penelope asked him to tell the labor still ahead. Odysseus said that Tiresias,unreviewed
odyssey,23,74,14,23,had commanded him to carry a well-balanced oar inland until a traveler mistook,unreviewed
odyssey,23,75,14,19,"it for a winnowing fan, proving that the people there knew neither sea nor",unreviewed
odyssey,23,76,16,18,"ships nor oars. He must fix the oar in the earth, sacrifice a ram, bull, and",unreviewed
odyssey,23,77,13,21,"boar to Poseidon, and return home to offer hecatombs to all the immortals.",unreviewed
odyssey,23,78,15,18,"Then a gentle death would come to him from the sea, in prosperous old age,",unreviewed
odyssey,23,79,13,20,"while his people lived in happiness. Penelope answered that, if the gods would",unreviewed
odyssey,23,80,14,18,"grant such an age, she hoped they would also grant escape from present evils.",unreviewed
odyssey,23,81,12,19,Eurynome and the nurse prepared the bed beneath the lamps. Eurycleia returned,unreviewed
odyssey,23,82,14,22,"to the house, while Eurynome led Odysseus and Penelope to the old marriage bed.",unreviewed
odyssey,23,83,13,20,"Telemachus, the cowherd, and the swineherd stopped the dance and rested in the",unreviewed
odyssey,23,84,11,19,shadowed halls. Husband and wife delighted one another with speech. Penelope,unreviewed
odyssey,23,85,13,18,recounted the suitors’ slaughter of cattle and sheep and the wine drawn from,unreviewed
odyssey,23,86,13,22,the jars; Odysseus told everything he had endured and everything he had made,unreviewed
odyssey,23,87,12,21,"others endure, from the Lotus-Eaters and Cyclops through Aeolus, the Laestrygonians,",unreviewed
odyssey,23,88,13,21,"Circe, Hades and Tiresias, the Sirens, Scylla and Charybdis, the cattle of the",unreviewed
odyssey,23,89,11,19,"Sun, Zeus’s thunderbolt, Calypso, and the Phaeacians. Sleep finally loosened",unreviewed
odyssey,23,90,2,3,their cares.,unreviewed
odyssey,23,91,13,18,"At dawn, Odysseus told Penelope that news of the dead suitors would spread",unreviewed
odyssey,23,92,15,19,with the rising sun. She was to remain upstairs with her women and not show,unreviewed
odyssey,23,93,12,21,"herself or question anyone. He woke Telemachus, the cowherd, and the swineherd,",unreviewed
odyssey,23,94,14,19,"and ordered them to arm. They opened the doors and went out, Odysseus leading.",unreviewed
odyssey,23,95,15,20,Athena hid them swiftly in night as they left the city for the orchard and,unreviewed
odyssey,23,96,11,20,"Laertes, while the household’s false wedding song protected their departure.",unreviewed
odyssey,24,13,4,7,After the great Achilles.,unreviewed
odyssey,24,38,10,13,"Among the women, when death takes him, if he lies",unreviewed
odyssey,24,53,3,4,Lay still unwashed.”,unreviewed
odyssey,24,88,5,6,Would not have been devoured.”,unreviewed
odyssey,24,96,8,13,When every season brought its fruit to ripeness.,unreviewed
odyssey,24,105,8,13,Like one of the immortals. The Sicilian woman,unreviewed
